S01100000000486578766965772056312E3009
S3250001800000EC002081840100F5B10300F7B10300F9B10300FBB10300FDB10300E984010078
S32500018020E9840100E9840100E9840100F1950100FFB10300E984010091960100F596010093
S32500018040F98A0300098B0300198B0300298B0300398B0300498B0300598B0300698B030022
S32500018060798B0300898B0300998B0300E9840100E9840100E9840100E9840100E98401008E
S32500018080A98B0300E9840100E9840100E9840100E9840100E9840100E9840100E9840100A0
S325000180A0E9840100E9840100E9840100E9840100E9840100E9840100E9840100C17A030079
S325000180C0C1780300057A030069790300E9840100E9840100E9840100E9840100498F030063
S325000180E0E9840100E9840100E9840100E9840100E9840100E9840100E9840100E984010009
S3250001810069500300CD500300E9840100E9840100E9840100D987030061880300E984010075
S325000181208588030011890300E9840100E9840100E9840100E9840100E9840100E9840100F7
S32500018140E9840100E9840100E9840100E9840100E9840100E9840100E9840100E9840100A8
S32500018160E9840100E9840100E9840100E9840100E9840100E9840100E9840100E984010088
S32500018180E9840100E9840100E9840100E9840100E9840100E9840100E9840100E984010068
S325000181A0E9840100E9840100E9840100E9840100E9840100E9840100E9840100E984010048
S325000181C0E9840100E9840100E9840100E9840100E9840100E9840100E9840100E984010028
S325000181E0E9840100E9840100E98401007554030081540300E9840100E9840100E984010040
S325000182008D540300E9840100E984010045540300515403005D54030069540300E984010071
S32500018220E9840100E9840100E9840100E9840100E9840100E9840100E9840100E9840100C7
S32500018240E9840100E9840100E9840100E9840100E9840100E9840100E9840100E9840100A7
S32500018260E9840100E9840100E9840100E9840100E9840100E9840100E9840100E984010087
S32500018280E9840100E9840100E9840100E9840100E9840100E9840100E9840100E984010067
S325000182A0E9840100E9840100E9840100E9840100E9840100E9840100E9840100E984010047
S325000182C0E9840100E9840100E9840100E9840100E9840100E9840100E9840100E984010027
S325000182E0E9840100E9840100E9840100E9840100E9840100E9840100E9840100E984010007
S32500018300E9840100E9840100E9840100E9840100E9840100E9840100E9840100E9840100E6
S32500018320E9840100E9840100E9840100E9840100E9840100E9840100E9840100E9840100C6
S32500018340E9840100E9840100E9840100E9840100E9840100E9840100E9840100E9840100A6
S32500018360E9840100E9840100E9840100E9840100E9840100E9840100E9840100E984010086
S32500018380E9840100E9840100E9840100E9840100E9840100E9840100E9840100E984010066
S325000183A0E9840100E9840100E9840100E9840100E9840100E9840100E9840100E984010046
S325000183C0E9840100E9840100E9840100E9840100E9840100E9840100E9840100E984010026
S325000183E0E9840100E9840100E9840100E9840100E9840100E9840100E9840100E984010006
S32500018400DC740400486F04008184010055AA5AA50000000000000000000000000000000042
S32500018420000000000000000000000000000000000000000000000000000000000000000035
S3250001844010B5054C237833B9044B13B10448AFF300800123237010BD0080FF1F00000000D5
S32500018460AC74040008B5034B1BB103490348AFF3008008BD000000000480FF1FAC740400B6
S3250001848072B64FF000014FF000024FF000034FF000044FF000054FF000064FF00007B846DA
S325000184A0B946BA46BB46BC460A490B4A521A013A05DD0020042308601944043AFBDA074814
S325000184C08546074880470748804762B622F098FEFEE700000000FF1F00EC002000EC0020C3
S325000184E005F801000DF70100FFF7FEBF43465F424153455F56303030310000BF81F00041D5
S3250001850002E000BF83F0004330B54FEA41044FEA430594EA050F08BF90EA020F1FBF54EA19
S32500018520000C55EA020C7FEA645C7FEA655C00F0E2804FEA5454D4EB5555B8BF6D420CDDDD
S325000185402C4480EA020281EA030382EA000083EA010180EA020281EA0303362D88BF30BD74
S3250001856011F0004F4FEA01314FF4801C4CEA113102D0404261EB410113F0004F4FEA03333F
S325000185804CEA133302D0524263EB430394EA050F00F0A780A4F10104D5F1200E0DDB02FA43
S325000185A00EFC22FA05F2801841F1000103FA0EF2801843FA05F359410EE0A5F120050EF1C0
S325000185C0200E012A03FA0EFC28BF4CF0020C43FA05F3C01851EBE37101F0004507D54FF015
S325000185E0000EDCF1000C7EEB00006EEB0101B1F5801F1BD3B1F5001F0CD349085FEA300028
S325000186004FEA3C0C04F101044FEA445212F5800F80F09A80BCF1004F08BF5FEA500C50F140
S32500018620000041EB045141EA050130BD5FEA4C0C404141EB0101013C28BFB1F5801FE9D220
S3250001864091F0000F04BF01460020B1FA81F308BF2033A3F10B03B3F120020CDA0C3208DDAF
S3250001866002F1140CC2F10C0201FA0CF021FA02F10CE002F11402D8BFC2F1200C01FA02F1C1
S3250001868020FA0CFCDCBF41EA0C019040E41AA2BF01EB0451294330BD6FEA04041F3C1CDA63
S325000186A00C340EDC04F11404C4F1200220FA04F001FA02F340EA030021FA04F345EA030135
S325000186C030BDC4F10C04C4F1200220FA02F001FA04F340EA0300294630BD21FA04F0294605
S325000186E030BD94F0000F83F4801306BF81F480110134013D4EE77FEA645C18BF7FEA655C4C
S3250001870029D094EA050F08BF90EA020F05D054EA000C04BF1946104630BD91EA030F1EBF87
S325000187200021002030BD5FEA545C05D14000494128BF41F0004130BD14F580043CBF01F5A7
S32500018740801130BD01F0004545F0FE4141F470014FF0000030BD7FEA645C1ABF1946104661
S325000187607FEA655C1CBF0B46024650EA013406BF52EA033591EA030F41F4002130BD00BF1D
S3250001878090F0000F04BF0021704730B54FF4806404F132044FF000054FF0000150E700BFF7
S325000187A090F0000F04BF0021704730B54FF4806404F1320410F0004548BF40424FF0000143
S325000187C03EE700BF42004FEAE2014FEA31014FEA02701FBF12F07F4393F07F4F81F0605125
S325000187E0704732F07F4208BF704793F07F4F04BF41F40021704730B54FF4607401F0004507
S3250001880021F000411CE700BF50EA010208BF704730B54FF000050AE050EA010208BF7047B4
S3250001882030B511F0004502D5404261EB41014FF4806404F132045FEA915C3FF4D8AE4FF09F
S3250001884003025FEADC0C18BF03325FEADC0C18BF033202EBDC02C2F1200300FA03FC20FADE
S3250001886002F001FA03FE40EA0E0021FA02F11444BDE600BF4A0011D212F5001211D20DD5F8
S325000188806FF47873B3EB62520ED44FEAC12343F0004343EA505323FA02F070474FF00000E7
S325000188A0704750EA013002D14FF0FF3070474FF00000704753B94AB9002908BF00281CBF9F
S325000188C04FF0FF314FF0FF3000F074B9ADF1080C6DE904CE00F006F8DDF804E0DDE902232B
S325000188E004B070472DE9F047089D04468E46002B4DD18A42944669D9B2FA82F252B101FAA7
S3250001890002F3C2F1200120FA01F10CFA02FC41EA030E94404FEA1C48210CBEFBF8F61FFADD
S325000189208CF708FB16E341EA034306FB07F199420AD91CEB030306F1FF3080F01F8199426B
S3250001894040F21C81023E63445B1AA4B2B3FBF8F008FB103344EA034400FB07F7A7420AD979
S325000189601CEB040400F1FF3380F00A81A74240F207816444023840EA0640E41B00261DB1DB
S32500018980D4400023C5E900433146BDE8F0878B4209D9002D00F0EF800026C5E9000130468F
S325000189A03146BDE8F087B3FA83F6002E4AD18B4202D3824200F2F980841A61EB03030120CC
S325000189C09E46002DE0D0C5E9004EDDE702B9FFDEB2FA82F2002A40F09280A1EB0C014FEA19
S325000189E01C471FFA8CFE0126200CB1FBF7F307FB131140EA01410EFB03F0884208D91CEB41
S32500018A00010103F1FF3802D2884200F2CB804346091AA4B2B1FBF7F007FB101144EA01441C
S32500018A200EFB00FEA64508D91CEB040400F1FF3102D2A64500F2BB800846A4EB0E0440EA27
S32500018A4003409CE7C6F12007B34022FA07FC4CEA030C20FA07F401FA06F31C43F9404FEA3A
S32500018A601C4900FA06F3B1FBF9F8200C1FFA8CFE09FB181140EA014108FB0EF0884202FACB
S32500018A8006F20BD91CEB010108F1FF3A80F08880884240F28580A8F102086144091AA4B27E
S32500018AA0B1FBF9F009FB101144EA014100FB0EFE8E4508D91CEB010100F1FF346CD28E458C
S32500018AC06AD90238614440EA0840A0FB0294A1EB0E01A142C846A64656D353D05DB1B3EB5A
S32500018AE0080261EB0E0101FA07F722FA06F3F1401F43C5E9007100263146BDE8F087C2F1DE
S32500018B002003D8400CFA02FC21FA03F3914001434FEA1C471FFA8CFEB3FBF7F007FB1036CD
S32500018B200B0C43EA064300FB0EF69E4204FA02F408D91CEB030300F1FF382FD29E422DD9D1
S32500018B40023863449B1B89B2B3FBF7F607FB163341EA034106FB0EF38B4208D91CEB01012E
S32500018B6006F1FF3816D28B4214D9023E6144C91A46EA004638E72E46284605E70646E3E6DE
S32500018B801846F8E64B45A9D2B9EB020864EB0C0E0138A3E74646EAE7204694E74046D1E731
S32500018BA0D0467BE7023B614432E7304609E76444023842E7704700BF000000000000000054
S32500018BC090F800F06DE9024520F007016FF0000C10F0070491F820F040F049804FF0000416
S32500018BE06FF00700D1E9002391F840F000F1080082FA4CF2A4FA8CF283FA4CF3A2FA8CF3CC
S32500018C004BBBD1E9022382FA4CF200F10800A4FA8CF283FA4CF3A2FA8CF3E3B9D1E9042345
S32500018C2082FA4CF200F10800A4FA8CF283FA4CF3A2FA8CF37BB9D1E9062301F1200182FAE1
S32500018C404CF200F10800A4FA8CF283FA4CF3A2FA8CF3002BC6D0002A04BF04301A4612BAD5
S32500018C60B2FA82F2FDE8024500EBD2007047D1E9002304F00305C4F100004FEAC50514F098
S32500018C80040F91F840F00CFA05F562EA05021CBF63EA050362464FF00004A9E70000000003
S32500018CA001F0FF01102A2BDB10F0070F08D010F8013B013A8B422DD010F0070F42B3F6D173
S32500018CC0F0B441EA012141EA014122F007047FF000070023F0E80256083C85EA010586EA20
S32500018CE0010685FA47F5A3FA87F586FA47F6A5FA87F68EB9EED1F0BC01F0FF0102F007021B
S32500018D0032B110F8013B013A83EA010313B1F8D10020704701387047002D06BF354603387D
S32500018D20073815F0010F07D1013015F4807F02BF013015F4C03F0130F0BC0138704700BF41
S32500018D4070B54FF0FF0C4CF4E06C1CEA11541DBF1CEA135594EA0C0F95EA0C0F00F0DEF863
S32500018D602C4481EA030621EA4C5123EA4C5350EA013518BF52EA033541F4801143F4801369
S32500018D8038D0A0FB02CE4FF00005E1FB02E506F00042E0FB03E54FF00006E1FB03569CF051
S32500018DA0000F18BF4EF0010EA4F1FF04B6F5007F64F5407404D25FEA4E0E6D4146EB060644
S32500018DC042EAC62141EA55514FEAC52040EA5E504FEACE2EB4F1FD0C88BFBCF5E06F1ED892
S32500018DE0BEF1004F08BF5FEA500E50F1000041EB045170BD06F0004646EA010140EA020077
S32500018E0081EA0301B4EB5C04C2BFD4EB0C0541EA045170BD41F480114FF0000E013C00F39C
S32500018E20AB8014F1360FDEBF002001F0004170BDC4F10004203C35DA0C341BDC04F1140432
S32500018E40C4F1200500FA05F320FA04F001FA05F240EA020001F0004221F0004110EBD37050
S32500018E6021FA04F642EB06015EEA430E08BF20EAD37070BDC4F10C04C4F1200500FA04F338
S32500018E8020FA05F001FA04F240EA020001F0004110EBD37041F100015EEA430E08BF20EA92
S32500018EA0D37070BDC4F1200500FA05F24EEA020E20FA04F301FA05F243EA020321FA04F0E4
S32500018EC001F0004121FA04F220EA020000EBD3705EEA430E08BF20EAD37070BD94F0000FA1
S32500018EE00FD101F00046400041EB010111F4801F08BF013CF7D041EA060195F0000F18BFDA
S32500018F00704703F00046520043EB030313F4801F08BF013DF7D043EA0603704794EA0C0FDC
S32500018F200CEA135518BF95EA0C0F0CD050EA410618BF52EA4306D1D181EA030101F000415F
S32500018F404FF0000070BD50EA410606BF1046194652EA430619D094EA0C0F02D150EA013658
S32500018F6013D195EA0C0F05D152EA03361CBF104619460AD181EA030101F0004141F0FE41A5
S32500018F8041F470014FF0000070BD41F0FE4141F4780170BD70B54FF0FF0C4CF4E06C1CEA6C
S32500018FA011541DBF1CEA135594EA0C0F95EA0C0F00F0A7F8A4EB050481EA030E52EA0335B1
S32500018FC04FEA013100F088804FEA03334FF0805545EA131343EA12634FEA022245EA1115FB
S32500018FE045EA10654FEA00260EF000419D4208BF964244F1FD0404F5407402D25B084FEA57
S325000190003202B61A65EB03055B084FEA32024FF480104FF4002CB6EB020E75EB030E22BFD8
S32500019020B61A754640EA0C005B084FEA3202B6EB020E75EB030E22BFB61A754640EA5C0084
S325000190405B084FEA3202B6EB020E75EB030E22BFB61A754640EA9C005B084FEA3202B6EB74
S32500019060020E75EB030E22BFB61A754640EADC0055EA060E18D04FEA051545EA16754FEA75
S3250001908006164FEAC30343EA52734FEAC2025FEA1C1CC0D111F4801F0BD141EA00014FF0C2
S325000190A000004FF0004CB6E711F4801F04BF01430020B4F1FD0C88BFBCF5E06F3FF6AFAE2F
S325000190C0B5EB030C04BFB6EB020C5FEA500C50F1000041EB045170BD0EF0004E4EEA11310E
S325000190E014EB5C04C2BFD4EB0C0541EA045170BD41F480114FF0000E013C90E645EA060E03
S325000191008DE60CEA135594EA0C0F08BF95EA0C0F3FF43BAF94EA0C0F0AD150EA01347FF40A
S3250001912034AF95EA0C0F7FF425AF104619462CE795EA0C0F06D152EA03353FF4FDAE104683
S32500019140194622E750EA410618BF52EA43067FF4C5AE50EA41047FF40DAF52EA43057FF438
S32500019160EBAE12E74FF0FF3C06E000BF4FF0010C02E000BF4FF0010C4DF804CD4FEA410C62
S325000191807FEA6C5C4FEA430C18BF7FEA6C5C1BD001B050EA410C0CBF52EA430C91EA030F01
S325000191A002BF90EA020F0020704710F1000F91EA030F58BF994208BF90422CBFD8176FEA2A
S325000191C0E37040F0010070474FEA410C7FEA6C5C02D150EA013C07D14FEA430C7FEA6C5CBB
S325000191E0D6D152EA033CD3D05DF8040B704700BF8446104662468C461946634600E000BF88
S3250001920001B5FFF7B7FF002848BF10F1000F01BD4DF808EDFFF7F4FF0CBF012000205DF864
S3250001922008FB00BF4DF808EDFFF7EAFF34BF012000205DF808FB00BF4DF808EDFFF7E0FFF2
S3250001924094BF012000205DF808FB00BF4DF808EDFFF7CEFF94BF012000205DF808FB00BFB4
S325000192604DF808EDFFF7C4FF34BF012000205DF808FB00BF4FEA410C7FEA6C5C02D150EAE5
S32500019280013C0AD14FEA430C7FEA6C5C02D152EA033C02D14FF0000070474FF001007047E8
S325000192A04FEA410212F5001215D211D56FF47873B3EB625212D94FEAC12343F0004343EAFA
S325000192C0505311F0004F23FA02F018BF404270474FF00000704750EA013005D111F00040FD
S325000192E008BF6FF0004070474FF00000704700BFF1EE103A43F08073E1EE103A704700BFB7
S32500019300124A12F0070F1ED0D11D21F00701C1F5284313440A460E48026000214160134444
S32500019320083B23F007030B48036059601960991A51601360084B1960084B1960084B4FF0DD
S3250001934000421A6070474FF42843E4E72080FF1F342800201C80FF1F28280020242800204A
S3250001936020280020164B1A461B688342FBD3516802EB010C844509D0416800EB010C634509
S3250001938009D00360904219D0106070474068014451601046F0E710B40A4C2468A3420BD077
S325000193A05B681944416013681B680360904200D010605DF8044B70470460F7E7704700BF5F
S325000193C0342800201C80FF1F70B5054601F08AF8364B1B68A3B1364B1B681D424ED135B1AD
S325000193E0083515F0070F02D025F007050835002D46D0304B1B68AB4251D32F4A146804E0B3
S32500019400FFF77EFFE7E722461C466368AB4202D22368002BF7D1254B1B68A34241D01668C9
S3250001942008362368136063685B1B102B10D9601910F0070F08D04FF0500383F31188BFF3CA
S325000194406F8FBFF34F8FFEE743606560FFF78AFF626818490B689B1A0B60184909688B424E
S3250001946001D216490B60124B1B681343636000232360134A13680133136002E0002600E042
S32500019480002601F0B5F816F0070F0CD04FF0500383F31188BFF36F8FBFF34F8FFEE700261D
S325000194A0EFE70026EDE7304670BD00BF1C80FF1F20280020242800203428002028280020F9
S325000194C02C280020002834D038B50446A0F1080550F8043C174A1268134208D14FF05003ED
S325000194E083F31188BFF36F8FBFF34F8FFEE750F8081C41B14FF0500383F31188BFF36F8F82
S32500019500BFF34F8FFEE723EA020340F8043C00F0E9FF54F8041C084A13680B441360284604
S32500019520FFF720FF054A13680133136001F060F838BD70472028002024280020302800205D
S3250001954082B0002301930D4B1B68B3F1FF3F08D04FF0500383F31188BFF36F8FBFF34F8FA5
S32500019560FEE74FF0500383F31188BFF36F8FBFF34F8F019B002BFCD002B070470004FF1F00
S3250001958008480068006880F308884FF0000080F3148862B661B6BFF34F8FBFF36F8F00DF05
S325000195A000BF000008ED00E0DFF80C00016841F4700101607047000088ED00E04FF080737F
S325000195C040F8043C21F0010140F8081C054B40F80C3C40F8202C6FF0020340F8243C4438D1
S325000195E0704700BF419501000000000000000000074B19680868B0E8F04F80F30988BFF347
S325000196006F8F4FF0000080F311887047AFF30080842800204FF0500383F31188BFF36F8F04
S32500019620BFF34F8F0B4A136801331360012B00D070474FF0E023D3F8043D13F0FF0FF7D043
S325000196404FF0500383F31188BFF36F8FBFF34F8FFEE700BF0004FF1F094B1B6843B94FF04A
S32500019660500383F31188BFF36F8FBFF34F8FFEE7013B034A13600BB983F31188704700BF17
S325000196800004FF1F000000000000000000000000EFF30980BFF36F8F154B1A681EF0100F77
S325000196A008BF20ED108A20E9F04F10602DE909004FF0500080F31188BFF34F8FBFF36F8F83
S325000196C001F028F84FF0000080F3118809BC19680868B0E8F04F1EF0100F08BFB0EC108A70
S325000196E080F30988BFF36F8F704700BFAFF300808428002008B54FF0500383F31188BFF33B
S325000197006F8FBFF34F8F00F003FF28B14FF0E0234FF08052C3F8042D002383F3118808BDB3
S325000197204FF0E022002313619361054B1B680549A1FB03139B09013B53610723136170479A
S32500019740340BFF1FD34D62104FF0E023D3F8002D3E4B9A421CD04FF0E023D3F8002D3C4BC7
S325000197609A421ED030B583B03A4B1A78D2B20192FF221A701B78DBB28DF803309DF8033087
S3250001978003F05003344A1370344B07221A601BE04FF0500383F31188BFF36F8FBFF34F8F7D
S325000197A0FEE74FF0500383F31188BFF36F8FBFF34F8FFEE7294A1368013B13609DF8033092
S325000197C05B00DBB28DF803309DF8033013F0800FF0D1224B1B68032B08D04FF0500383F3C9
S325000197E01188BFF36F8FBFF34F8FFEE71B021B4A136003F4E0631360019BDBB2154A1370F7
S325000198004FF0E024D4F8203D43F47003C4F8203DD4F8203D43F07043C4F8203DFFF780FF75
S3250001982000250F4B1D60FFF7BFFED4F8343F43F04043C4F8343F1EF063FBFFF7A1FE00F05D
S3250001984069FFFFF77DFE284603B030BD71C20F4170C20F4100E400E03C2800204028002045
S325000198600004FF1FEFF305830F2B0FD9114A9B5CDBB2114A12789A4208D94FF0500383F3AA
S325000198801188BFF36F8FBFF34F8FFEE74FF0E023D3F80C3D03F4E063084A1268934208D9F1
S325000198A04FF0500383F31188BFF36F8FBFF34F8FFEE77047F0E300E03C2800204028002065
S325000198C000F1080343604FF0FF328260C360036100230360704700230361704743684B6038
S325000198E09A688A60516099600861036801330360704730B40D68B5F1FF3F11D000F108038F
S325000199001C465B681A68AA42FAD963684B6099608C606160086103680133036030BC7047B0
S325000199200469F2E70369416882688A60416851605A68824206D0002202611A68013A1A607F
S325000199401868704782685A60F5E70346406A18B11B6B1868C0F10500704710B50446FFF715
S3250001996059FEA26BE36B9A4204D00024FFF774FE204610BD0124F9E710B50446FFF74AFE6D
S32500019980A36B23B90124FFF767FE204610BD0024F9E770B504461546866B026C5AB9036878
S325000199A01BB100200136A66370BD806801F032F80023A360F6E76DB9406815F00BFC226CD9
S325000199C0636813446360A268934219D3236863602846E7E7C06815F0FDFB226C5142E368B5
S325000199E09B1AE3602268934202D2A3680B44E360022D01D00020D5E726B1013E0020D1E7CE
S32500019A002846CFE70020CDE70346026C6AB110B50846D9681144D9609C68A14201D3196857
S32500019A20D960D96815F0D6FB10BD704738B50546FFF7F0FD95F8454064B201E0013C64B2D4
S32500019A40002C0ADD6B6A43B105F1240000F0E2FE0028F3D000F072FFF0E7FF2385F8453002
S32500019A60FFF7FAFDFFF7D6FD95F8444064B201E0013C64B2002C0ADD2B6943B105F110002D
S32500019A8000F0C8FE0028F3D000F058FFF0E7FF2385F84430FFF7E0FD38BD38B5E0B10D4654
S32500019AA00446FFF7B7FD2368E26B216C01FB0230A0600020A0636360013A02FB0133E36083
S32500019AC0FF2384F8443084F845309DB9236963B9FFF7C2FD012038BD4FF0500383F3118812
S32500019AE0BFF36F8FBFF34F8FFEE704F1100000F091FEEDE704F11000FFF7E2FE04F12400EE
S32500019B00FFF7DEFEE4E738B51D46049C0B4649B92460E063236401212046FFF7BEFF84F859
S32500019B204C5038BD2260F4E740B94FF0500383F31188BFF36F8FBFF34F8FFEE7F0B583B099
S32500019B400C461546064601FB00F05030FFF73CFC074638B100902B4600F150022146304614
S32500019B60FFF7D1FF384603B0F0BD40B94FF0500383F31188BFF36F8FBFF34F8FFEE710B5B6
S32500019B800C46884208D24FF0500383F31188BFF36F8FBFF34F8FFEE702220021FFF7C4FF04
S32500019BA000B1846310BDF0B585B0019288B10F461D460446B1B1022D20D1E36B012B1DD0A8
S32500019BC04FF0500383F31188BFF36F8FBFF34F8FFEE74FF0500383F31188BFF36F8FBFF3B5
S32500019BE04F8FFEE7036C002BE5D04FF0500383F31188BFF36F8FBFF34F8FFEE700F0A4FEF4
S32500019C00064650B9019B8BB34FF0500383F31188BFF36F8FBFF34F8FFEE7002626E02A46AC
S32500019C2039462046FFF7B5FE636A23B9FFF714FD012005B0F0BD04F1240000F0EBFDF5E78F
S32500019C40FFF70AFD0020F4E702A800F029FE012619E0002384F8443021E0002384F84530FC
S32500019C6023E02046FFF7E2FE00F0C2FCFFF7D2FCA26BE36B9A42D2D3022DD0D0019B002BBA
S32500019C80DED0002EE0D0FFF7E7FC00F02BFCFFF7C1FC94F8442052B2B2F1FF3FD9D094F884
S32500019CA0452052B2B2F1FF3FD7D0FFF7D5FC01A902A800F001FED8B92046FFF74EFE002841
S32500019CC0CFD0019904F1100000F070FD2046FFF7ADFE00F08DFC0028C8D14FF0E0234FF020
S32500019CE08052C3F8042DBFF34F8FBFF36F8FBDE72046FFF79BFE00F07BFC002099E72DE9A9
S32500019D00F84390B10F4616461C460546B1B1022C20D1EB6B012B1DD04FF0500383F31188D1
S32500019D20BFF36F8FBFF34F8FFEE74FF0500383F31188BFF36F8FBFF34F8FFEE7036C002B97
S32500019D40E5D04FF0500383F31188BFF36F8FBFF34F8FFEE7FFF786FDEFF311894FF05003FA
S32500019D6083F31188BFF36F8FBFF34F8FAA6BEB6B9A4206D3022C04D0002089F31188BDE891
S32500019D80F88395F845804FFA88F8AB6B224639462846FFF7FEFDB8F1FF3F06D008F1010310
S32500019DA05BB285F845300120E7E76B6A0BB90120E3E705F1240000F02DFD18B126B1012035
S32500019DC03060DAE70120D8E70120D6E7F0B585B0019290B10F460446C1B100F0B5FD0646C0
S32500019DE000BB019B002B52D04FF0500383F31188BFF36F8FBFF34F8FFEE74FF0500383F3EA
S32500019E001188BFF36F8FBFF34F8FFEE7036C002BE3D04FF0500383F31188BFF36F8FBFF32D
S32500019E204F8FFEE7002632E039462046FFF7ECFD013DA563236923B9FFF70EFC012005B0D8
S32500019E40F0BD04F1100000F0E5FCF5E7FFF704FC0020F4E702A800F023FD012621E00023A6
S32500019E6084F8443029E0002384F845302BE02046FFF7DCFD00F0BCFB09E02046FFF7D6FDCF
S32500019E8000F0B6FB2046FFF777FD00283FD1FFF7C1FBA56B002DC7D1019B002BD6D0002EF0
S32500019EA0D8D0FFF7D9FB00F01DFBFFF7B3FB94F844305BB2B3F1FF3FD1D094F845305BB2DF
S32500019EC0B3F1FF3FCFD0FFF7C7FB01A902A800F0F3FC0028D1D12046FFF74EFD0028C6D0E0
S32500019EE0019904F1240000F061FC2046FFF79EFD00F07EFB0028CAD14FF0E0234FF08052E5
S32500019F00C3F8042DBFF34F8FBFF36F8FBFE7002095E770B584B0019158B10446036C8BB1E3
S32500019F204FF0500383F31188BFF36F8FBFF34F8FFEE74FF0500383F31188BFF36F8FBFF351
S32500019F404F8FFEE700F000FD054650B9019B5BB14FF0500383F31188BFF36F8FBFF34F8F6D
S32500019F60FEE70026354649E0064647E0013BA36323683BB123694BB9FFF76EFB0126304673
S32500019F8004B070BD00F0FAFDA060F3E704F1100000F040FCF0E746B14FF0500383F3118878
S32500019FA0BFF36F8FBFF34F8FFEE7FFF755FBE6E702A800F075FC01252AE0002384F8443014
S32500019FC032E0002384F8453034E0FFF723FBA06800F0CAFC0646FFF73FFB3BE02046FFF77B
S32500019FE025FD00F005FB09E02046FFF71FFD00F0FFFA2046FFF7C0FC002842D1FFF70AFBB0
S3250001A000A36B002BB2D1019B002BC4D0002DCFD0FFF722FB00F066FAFFF7FCFA94F8443007
S3250001A0205BB2B3F1FF3FC8D094F845305BB2B3F1FF3FC6D0FFF710FB01A902A800F03CFC8F
S3250001A0400028D1D12046FFF797FC0028C6D02368002BBAD0019904F1240000F0A7FB204697
S3250001A060FFF7E4FC00F0C4FA0028C7D14FF0E0234FF08052C3F8042DBFF34F8FBFF36F8F16
S3250001A080BCE70EB900267AE7FFF7C4FA2046FFF75CFC0146A06800F017FDFFF7DDFAF1E768
S3250001A0A00023072B0CD8074A52F833200AB10133F7E7044A42F8331002EBC30358607047B8
S3250001A0C0704700BF4428002070B504460D461646FFF7A0FA94F844305BB2B3F1FF3F0DD0FD
S3250001A0E094F845305BB2B3F1FF3F0BD0FFF7B4FAA36B5BB12046FFF799FC70BD002384F813
S3250001A1004430EDE7002384F84530EFE73246294604F1240000F062FBECE70000084B1B6810
S3250001A1201B6823B9074B4FF0FF321A607047044B1B68DB68DB685A68024B1A60704700BF6F
S3250001A140882800203429002010B50446006BFFF7B9F92046FFF7B6F910BD2DE9F04780469E
S3250001A1600D4617469946089EDDF824A00A9C9200A521206B15F03AF8236B07F18042013AC7
S3250001A18003EB820727F00707B5B34FF0000CBCF1090F0BD815F90C2004EB0C0383F83420BA
S3250001A1A015F90C3013B10CF1010CF0E7002384F83D30042E00D90426E662A6640025E564A8
S3250001A1C0201DFFF788FB04F11800FFF784FB2461C6F10506A6616462256584F854504A46F2
S3250001A1E041463846FFF7EAF92060BAF1000F01D0CAF80040BDE8F087002384F83430D8E78F
S3250001A20038B5002407E004EB840293000E481844FFF756FB0134042CF5D90C4D2846FFF74E
S3250001A2204FFB0B4C2046FFF74BFB0A48FFF748FB0948FFF745FB0948FFF742FB084B1D606E
S3250001A240084B1C6038BD00BF90280020082900201C290020402900206C2900205829002007
S3250001A260882800208C28002010B50446FFF7D2F91B4A1368013313601A4B1B685BB11A4B83
S3250001A2801B686BB9174B1B68DA6AE36A9A4207D8144B1C6004E0134B1C601368012B1BD0B4
S3250001A2A0124A1368013313602364E06A012383400F4A11680B43136000EB8000211D0D4BCD
S3250001A2C003EB8000FFF70AFBFFF7C6F9064B1B680BB1044B1B6810BDFFF792FFE0E700BF1D
S3250001A2E0F428002084280020542900200029002004290020902800200F4B1B68D3B110B51E
S3250001A300FFF788F90D4BDB68DC68201DFFF70AFB0B4A1368013B1360074A1368013B1360AE
S3250001A320FFF79AF92046FFF70FFF034B1B68002BE6D110BD704700BFF82800206C29002038
S3250001A340F428002070B504460D461D4B1E681D4B18680430FFF7E6FA50B91A4B1B68DA6AE3
S3250001A360012303FA02F218490B6823EA02030B60B4F1FF3F0DD03444124B1B685C60A642B4
S3250001A38010D9124B18680F4B19680431FFF7B1FA70BD002DEFD00B4B196804310C48FFF7D0
S3250001A3A09DFAF5E70B4B1868064B19680431FFF7A0FA094B1B68A342EAD9074B1C60E7E79B
S3250001A3C08029002084280020042900208C28002058290020882800203429002008B5FFF71F
S3250001A3E08BFF4FF0E0234FF08052C3F8042DBFF34F8FBFF36F8F1DF07FFDF0E72DE9F043A4
S3250001A40085B00746884614461E469000FEF7DCFFF0B181465820FEF7D7FF0546A0B1C0F8C8
S3250001A4203090D5B10023039302950D9B01930C9B00933346224641463846FFF78EFE284633
S3250001A440FFF712FF012005E04846FFF73BF8E8E74FF0FF3005B0BDE8F0834FF0FF30F9E7D9
S3250001A46000B583B0194B019300230093822218491848FFF7C3FF012807D0012808D0B0F180
S3250001A480FF3F1AD003B05DF804FB00F0E7FBF4E74FF0500383F31188BFF36F8FBFF34F8FF8
S3250001A4A00D4B4FF0FF321A600C4B01221A600C4B00221A60FFF748F9E4E74FF0500383F362
S3250001A4C01188BFF36F8FBFF34F8FFEE73029002080180400DDA30100342900205429002007
S3250001A4E080290020024A136801331360704700BFFC280020014B1868704700BF8029002059
S3250001A50008B5FFF7AFF9014B186808BD802900202E4B1B68002B53D170B52D4B1D680135DC
S3250001A5201D60C5B92B4B1B681B6843B14FF0500383F31188BFF36F8FBFF34F8FFEE7254A74
S3250001A5401168254B186810601960244A136801331360FFF7E3FD224B1B68AB4218D900204E
S3250001A56070BD1F4B4FF0FF321A60F8E71C4A1360F5E7E36A01229A401A49086802430A60F3
S3250001A58003EB83039A00314617481044FFF7A6F9104B1B681B68002BE3D00E4B1B68DB6889
S3250001A5A0DC6863689D42E1D3261D3046FFF7BAF9A36A002BDDD004F11800FFF7B3F9D8E73D
S3250001A5C00A4A13680133136000207047FC28002080290020882800208C28002038290020F5
S3250001A5E03429002004290020902800203C29002038B52D4B1B6843B94FF0500383F31188A8
S3250001A600BFF36F8FBFF34F8FFEE7FFF703F8264B1A68013A1A601B6813B9244B1B681BB960
S3250001A620FFF71AF8002038BD0024214B1B681BB31F4BDB68DC6804F11800FFF773F9251D73
S3250001A6402846FFF76FF9E06A01238340194A11680B43136000EB80002946174B03EB8000AF
S3250001A660FFF73CF9E26A154B1B68DB6A9A42DCD3134B01221A60D8E70CB1FFF74FFD114B94
S3250001A6801C6824B90E4B1B68CAE7013C07D0FFF73FFF0028F9D00A4B01221A60F5E7094B6A
S3250001A6A000221A60EEE700BFFC280020F42800204029002004290020902800208428002069
S3250001A6C0842900203C29002010B5A8B10446104B1B6843B14FF0500383F31188BFF36F8F96
S3250001A6E0BFF34F8FFEE7FFF7FDFE00212046FFF729FEFFF77DFF48B94FF0E0234FF0805283
S3250001A700C3F8042DBFF34F8FBFF36F8F10BD00BFFC280020204B1B681BB1204B01221A6074
S3250001A72070471E4B00221A601D4B1B68B3FA83F3DBB2C3F11F0303EB83018A0019498A58A5
S3250001A74042B94FF0500383F31188BFF36F8FBFF34F8FFEE7134903EB830082000A445068DC
S3250001A7604068506003EB830C4FEA8C0208321144884209D003EB83039A000A4B13445B6887
S3250001A780DA68094B1A607047406862469100054A0A445060EEE700BFFC2800208429002018
S3250001A7A004290020902800208428002058B110B50C46094A11681831FFF79BF8012120465B
S3250001A7C0FFF7C0FD10BD4FF0500383F31188BFF36F8FBFF34F8FFEE78428002038B570B152
S3250001A7E00D4614460A4A11681831FFF777F80CB14FF0FF3521462846FFF7A4FD38BD4FF05A
S3250001A800500383F31188BFF36F8FBFF34F8FFEE78428002038B5C368DC6824B304F1180599
S3250001A8202846FFF77FF8184B1B682BBB251D2846FFF778F8E06A01238340144A11680B43FE
S3250001A840136000EB80002946114B03EB8000FFF745F8E26A0F4B1B68DB6A9A4211D9012052
S3250001A8600D4B186038BD4FF0500383F31188BFF36F8FBFF34F8FFEE729460848FFF72EF86B
S3250001A880E7E70020EEE700BFFC2800200429002090280020842800208429002040290020A4
S3250001A8A0034B1B680360034B1B684360704700BF3829002080290020F8B5C8B10C46054666
S3250001A8C0F9B1FEF7A7FE1B4B19686B68C81A2268B2F1FF3F26D0184E36682F68B74201D0CB
S3250001A8E08B4224D9824215D80023236001241AE04FF0500383F31188BFF36F8FBFF34F8F30
S3250001A900FEE74FF0500383F31188BFF36F8FBFF34F8FFEE75B1A134423602846FFF7C0FF13
S3250001A920002400E00024FEF797FE2046F8BD0124F9E700BF8029002038290020014B0122C6
S3250001A9401A60704784290020054B1B6833B1054B1B680BB100207047022070470120704724
S3250001A96054290020FC280020002849D038B50446C36A254A1268D26A934239D28269002A30
S3250001A98005DB214A1268D26AC2F105028261616903EB83031D4A02EB8303994205D01A4BE5
S3250001A9A01B68DB6AE362012038BD251D2846FEF7B9FF40B9E26A012303FA02F214490B68E6
S3250001A9C023EA02030B60104B1B68D86AE062012404FA00F30E4A11680B43136000EB80007E
S3250001A9E029460A4B03EB8000FEF778FF2046DBE7826C054B1B68DB6A9A4203D30020D3E7F8
S3250001AA00002070470120CFE784280020902800200429002000284CD038B50446274B1B6820
S3250001AA20834208D04FF0500383F31188BFF36F8FBFF34F8FFEE7C36C43B94FF0500383F379
S3250001AA401188BFF36F8FBFF34F8FFEE7013BC364C16A826C91422ED00BB1002038BD051DF1
S3250001AA602846FEF75FFF70B9E26A02EB82039B001349CB583BB9012303FA02F211490B6837
S3250001AA8023EA02030B60A06CE062C0F10503A361012404FA00F30B4A11680B43136000EB97
S3250001AAA080002946064B03EB8000FEF717FF2046D4E7002070470020D0E700BF842800207C
S3250001AAC09028002004290020002850D038B50446C36C43B94FF0500383F31188BFF36F8F4F
S3250001AAE0BFF34F8FFEE7826C8A4200D20A46E16A914201D0012B00D038BD1D4B1B68A3424E
S3250001AB002CD0E262A369002B02DBC2F10502A261626901EB8101174B03EB81018A42EBD18A
S3250001AB20251D2846FEF7FEFE40B9E26A012303FA02F211490B6823EA02030B60E06A01235B
S3250001AB4083400D4A11680B43136000EB80002946084B03EB8000FEF7C1FECDE74FF0500305
S3250001AB6083F31188BFF36F8FBFF34F8FFEE77047842800209028002004290020054B1B681F
S3250001AB8023B1044B1A68D36C0133D364014B1868704700BF84280020064B1A6813682BB91F
S3250001ABA00123036023B9D368186870470023F8E7002070478829002008B54160006191427D
S3250001ABC00CD8D21A83699A4201D3012008BD011D094B1868FEF78DFE0020F7E79A4201D2FD
S3250001ABE0994206D2011D054B1868FEF782FE0020ECE70120EAE700BF8C29002088290020EE
S3250001AC0038B5FEF707FD0F4B1B6813B1FEF724FD38BD0D4D2846FEF753FE0C4C2046FEF7DA
S3250001AC204FFE0B4B1D600B4B1C6000220C210A20FEF77AFF034B18600028E7D00649FFF74A
S3250001AC402FFAE3E7BC29002090290020A4290020882900208C2900208818040000B583B0FD
S3250001AC60FFF7CEFF0D4B1B685BB10D4B01930223009300234FF482720A490B48FFF7BEFBD0
S3250001AC8040B94FF0500383F31188BFF36F8FBFF34F8FFEE703B05DF804FB00BFBC29002023
S3250001ACA0C0290020901804009DAF0100B8B19C4603461848006858B300B585B00191029214
S3250001ACC0039305291CDCFFF73FFE022810D000231A4601A90F480068FEF765FF15E04FF0FB
S3250001ACE0500383F31188BFF36F8FBFF34F8FFEE70023069A01A907480068FEF754FF04E076
S3250001AD000023624601A9FEF7FAFF05B05DF804FB00207047BC29002070B582B01B4B1B68A4
S3250001AD201A6862B3DB681E68DC68251D2846FEF7F9FD236A2046984794F8283013F0040F01
S3250001AD40ECD0A36933449E4207D26360246129460E4B1868FEF7CDFDE0E7002100910B46DB
S3250001AD6032462046FFF7A2FF0028D7D14FF0500383F31188BFF36F8FBFF34F8FFEE7044A73
S3250001AD80106802490860136002B070BD882900208C29002038B50546FFF7ACFB0446074B18
S3250001ADA01B68834205D800232B60044B1C60204638BDFFF7B1FF01232B60F6E7B829002060
S3250001ADC070B582B006460D4617490968C968CC68201DFEF7A7FD94F828C01CF0040F08D1FE
S3250001ADE02CF0010C84F828C0236A2046984702B070BDA16933462A4631442046FFF7DCFE70
S3250001AE000028F1D0002100910B4632462046FFF74DFF0028E8D14FF0500383F31188BFF3EB
S3250001AE206F8FBFF34F8FFEE78829002070B582B006460C46FFF756FB01A8FFF7ABFF019BA6
S3250001AE4033BB05460CB9B04219D224B1124A12681268DAB901242246711B104B1868FFF76E
S3250001AE6033F9FFF7C5FBA8B94FF0E0234FF08052C3F8042DBFF34F8FBFF36F8F0AE0FFF729
S3250001AE80B7FB29463046FFF79BFF03E01C46E2E7FFF7AEFB02B070BD8C290020BC2900201E
S3250001AEA010B586B0002203A93B4B1868FEF78EFF00286ED0039B002BF4DB059C636913B10B
S3250001AEC0201DFEF72FFD02A8FFF764FF039B092BE8D8DFE803F00505053037500505303787
S3250001AEE094F8283043F0010384F82830049BA169024619442046FFF75FFE0028D2D0236AFE
S3250001AF002046984794F8283013F0040FCAD0A269002100910B46049802442046FFF7C6FE41
S3250001AF200028BFD14FF0500383F31188BFF36F8FBFF34F8FFEE794F8283023F0010384F815
S3250001AF402830AFE794F8283043F0010384F828300499A16131B10346024601442046FFF75A
S3250001AF602BFE9FE74FF0500383F31188BFF36F8FBFF34F8FFEE794F8283013F0020F04D089
S3250001AF8023F0010384F828308CE72046FEF79AFA88E706B010BD00BFBC29002000B583B0BF
S3250001AFA001A8FFF7F9FD0199FFF740FFFFF778FFF6E710B4CB7A012B51D90268136823F481
S3250001AFC08063136004680A7A236823F48053120302F480521343236004684A7A636823F4E7
S3250001AFE00053520302F400521343636004688A7A636823F40023D20402F4002213436360C5
S3250001B00002684C7B1368002C38D043F40043136004680A7BA36823F40063D20202F40062BA
S3250001B0201343A3604A68B2F1FF3F11D04B7B012B28D00B68B3FBF2F30468E26802F07F42E3
S3250001B0409BB21343E3600268536823F4801353608B7B032B4ED8DFE803F0422C371F04683D
S3250001B060226822F400725B0203F40073134323600268136843F480631360A3E723F40043C1
S3250001B0801360C5E70C685308B4FBF3F2C2F3420322F00F021343CFE70268136843F00403DF
S3250001B0A013600268136843F0080313605DF8044B70470268136823F00403136002681368CE
S3250001B0C043F008031360F1E70268136843F0040313600268136823F008031360E6E70268A1
S3250001B0E0136823F0040313600268136823F008031360DBE70268136823F00403136002682D
S3250001B100136823F008031360D0E730B404685579A368FDB143F00403A360537A022B6AD01D
S3250001B120032B00F0E980012B18D00468A36823F40073A3600468A36823F48073A360046879
S3250001B140A36823F48043A3600468636823F48043636064E023F00403A360DEE70468A3688F
S3250001B16023F40073A3600468A36823F48073A3600468A36823F48043A36005680C796B689E
S3250001B18023F0030304F0030423436B6005684C796B6823F00403A40004F0040423436B6073
S3250001B1A005688C796B6823F06003640104F0600423436B600468157A6368A5B143F48043C9
S3250001B1C063600468D57963688DB143F400436360D37923B304680D7C636923F07F4343EAC0
S3250001B1E0056363611BE023F480436360E9E723F400436360ECE70468636823F480436360F0
S3250001B2000468A36823F48043A3600468A36843F40073A3600468A36843F48073A36004689F
S3250001B22095786368002D00F0918043F4803363600468D5786368002D00F08C8043F400333D
S3250001B2406360046815796368002D00F0878043F4802363605378002B00F08480046863687D
S3250001B26043F48013636005680C786B6823F4C003640504F4C00423436B608B68002B77D0E1
S3250001B28005686C6904F07F4C23F07F434CEA03036B610468636843F4000363609379002B5E
S3250001B2A07FD0CB78012B69D00568CC796B6823F4E063240204F4E06423436B600468236827
S3250001B2C043F400532360046891F803C0236823F400634FEACC2C0CF4006C43EA0C03236041
S3250001B2E01378002B00F0A7804B78032B00F29880DFE803F06A75808B0468636823F48043CA
S3250001B300636005684C7B2B6823F4F813240404F4F81423432B6005688C7B2B6823F0F873D8
S3250001B320640504F0F87423432B600468CD7BA36845B143F40043A3600468A36843F48043A9
S3250001B340A3606CE723F40043A360F5E723F4803363606DE723F40033636072E723F4802356
S3250001B360636077E70468636823F48013636084E70468636823F4000363608FE704680D7B18
S3250001B380636823F07F4343EA0563636005688C786B6823F01003240104F0100423436B60E6
S3250001B3A08CE70468236823F400532360046891F807C0636823F4E0634FEA0C2C0CF4E06C91
S3250001B3C043EA0C0363608BE70268936823F0400393600268936823F08003936035E00268DA
S3250001B3E0936823F0400393600268936843F0800393602AE00268936843F0400393600268B2
S3250001B400936823F0800393601FE00268936843F0400393600268936843F08003936014E0D2
S3250001B4200268936823F0400393600268936823F08003936009E00268936823F040039360D2
S3250001B4400268936823F08003936030BC70470268936A23F4FF7323F00103C1F308010B4342
S3250001B460936270470368586A10F4604F02D1C0F3080070474FF6FF707047B1F5002F18D8C4
S3250001B480B1F5805F08D0B1F5005F05D00368DB6919421ED100207047B1F5805F04D00368DA
S3250001B4A0D86AC0F3404070470368D86AC0F300407047B1F5001F0ED80368DB6A04D013F4CC
S3250001B4C0000F0CD10020704713F4800F05D1002070470120704700207047012070470120B7
S3250001B4E0704711F4405F10D011F4005F06D00368DA6A42F40032DA62DB6A70470368DA6AD2
S3250001B50042F48032DA62DB6A704711F4804F05D00268936943F001039361704711F4003FCF
S3250001B52006D003681A6A42F480721A621B6A704703681962704710B411F0010F06D00468AB
S3250001B540E36A002A7DD043F40073E36211F0020F06D004682368002A77D043F080032360A8
S3250001B56011F0040F06D004682368002A71D043F04003236011F0080F06D004682368002A70
S3250001B5806BD043F48043236011F0100F06D00468E36A002A65D043F48073E36211F0200F3F
S3250001B5A006D004682368002A5FD043F02003236011F0400F06D004682368002A59D043F0E2
S3250001B5C08063236011F0800F06D004686368002A53D043F08003636011F4807F06D0046855
S3250001B5E02368002A4DD043F01003236011F4007F06D00468A368002A47D043F48063A3607A
S3250001B60011F4806F06D004682368002A41D043F48073236011F4605F06D00468A368002A3F
S3250001B6203BD043F00103A36011F4804F06D001680B68002A35D043F000630B605DF8044B64
S3250001B640704723F40073E36280E723F08003236086E723F0400323608CE723F480432360C7
S3250001B66092E723F48073E36298E723F0200323609EE723F080632360A4E723F080036360E1
S3250001B680AAE723F010032360B0E723F48063A360B6E723F480732360BCE723F00103A360EE
S3250001B6A0C2E723F000630B60C8E7402900F083801BD8202900F29480002900F09380013946
S3250001B6C01F2900F29180DFE801F04C538F5A8F8F8F618F8F8F8F8F8F8F688F8F8F8F8F8F1F
S3250001B6E08F8F8F8F8F8F8F8F8F6FB1F5007F70D011D9B1F5805F29D01BD9B1F5005F25D012
S3250001B700B1F5804F2BD103681B6813F0006F40F0858000207047802954D0B1F5807F06D1FC
S3250001B72003681B6813F0100F70D10020704700207047B1F5806F06D103681B6813F4807FA3
S3250001B74068D100207047B1F5006F06D103689B6813F0010F60D10020704700207047002066
S3250001B76070470368DB6A13F4007F3FD10020704703681B6813F0800F3AD100207047036821
S3250001B7801B6813F0400F35D10020704703681B6813F4804F30D1002070470368DB6A13F49D
S3250001B7A0807F2BD10020704703681B6813F0200F26D10020704703681B6813F0806F21D1F0
S3250001B7C00020704703685B6813F0800F1CD10020704703689B6813F4806F19D100207047E2
S3250001B7E0002070470020704700207047012070470120704701207047012070470120704785
S3250001B800012070470120704701207047012070470120704701207047012070470120704761
S3250001B82010B44FF49643436000230372437283720221C17203734373032282730122827487
S3250001B84055240477C175C374FF2484610375437583754FF0640C80F820C0037443744FF0DC
S3250001B860040C80F81EC04177C27780F82A3080F8243080F8253080F8263080F8273080F8EA
S3250001B880283080F8293080F82B3080F82C2080F82D305DF8044B704770B504460D46026885
S3250001B8A0136823F0010313600268D36A43F40046D66200BF00BF00BF00BF23F40043D36295
S3250001B8C00268D36A43F48046D66200BF00BF00BF00BF23F48043D362FFF76BFB05F1240202
S3250001B8E005F110012046FFF710FC2268136843F0010313606FF440512046FFF7F2FD70BDB7
S3250001B9000368186BC0F30260704703681A6812F0010F12D01A6822F001021A600268136B8C
S3250001B92023F44033090401F44031194311630268136843F00103136070471A6B22F44032E0
S3250001B940090401F4403111431963704703681A6812F0010F11D01A6822F001021A6002688B
S3250001B960136B23F0030301F00301194311630268136843F00103136070471A6B22F0030282
S3250001B98001F0030111431963704700008368924A1A644368914A1A6437293FD8DFE811F09C
S3250001B9A0380044004B0052005900610069007100790081008C009700A200AD00B800C300EC
S3250001B9C0CE00D900E400EF00FA000501100120012B01360141014C01570162016D01780120
S3250001B9E083018E019901A401AF01BA01C501D001DB01E601F101FC01070212021D022802D4
S3250001BA0033023E02490254025F026A0275028002836802229A60836800229A608268002326
S3250001BA201364426813647047836804229A60836800229A60F2E7836820229A608368002291
S3250001BA409A60EBE7836840229A60836800229A60E4E783684FF480729A60836800229A60D9
S3250001BA60DCE783684FF400729A60836800229A60D4E783684FF480629A60836800229A608F
S3250001BA80CCE783684FF400629A60836800229A60C4E783684FF480529A60836800229A60AF
S3250001BAA0BCE74268136A43F0010313624268136A23F001031362B1E74268136A43F002035F
S3250001BAC013624268136A23F002031362A6E74268136A43F0040313624268136A23F0040392
S3250001BAE013629BE74268136A43F0080313624268136A23F00803136290E74268136A43F0E3
S3250001BB00100313624268136A23F01003136285E74268136A43F0200313624268136A23F03C
S3250001BB20200313627AE74268136A43F0400313624268136A23F0400313626FE74268136A84
S3250001BB4043F4807313624268136A23F48073136264E74268136A43F4007313624268136AE1
S3250001BB6023F40073136259E74268136A43F4806313624268136A23F4806313624EE7426854
S3250001BB80136A43F4006313624268136A23F40063136243E74268136A43F480531362426882
S3250001BBA0136A23F48053136238E74268136A43F4005313624268136A23F4005313622DE743
S3250001BBC04268136A43F4804313624268136A23F48043136222E700BF9C1FC5C1777563708A
S3250001BBE04268136A43F4004313624268136A23F40043136212E74268136A43F480331362B3
S3250001BC004268136A23F48033136207E74268136A43F4003313624268136A23F400331362DD
S3250001BC20FCE64268136A43F4802313624268136A23F480231362F1E64268136A43F40023F7
S3250001BC4013624268136A23F400231362E6E64268136A43F4801313624268136A23F480138F
S3250001BC601362DBE64268136A43F4001313624268136A23F400131362D0E64268136A43F4C7
S3250001BC80800313624268136A23F480031362C5E64268136A43F4000313624268136A23F4B0
S3250001BCA000031362BAE64268136A43F0807313624268136A23F080731362AFE64268136A45
S3250001BCC043F0007313624268136A23F000731362A4E64268136A43F0806313624268136ABD
S3250001BCE023F08063136299E64268136A43F0006313624268136A23F0006313628EE64268F1
S3250001BD00136A43F0805313624268136A23F08053136283E64268136A43F00053136242686D
S3250001BD20136A23F00053136278E64268136A43F0804313624268136A23F0804313626DE6EF
S3250001BD404268536A43F0040353624268536A23F00403536262E64268536A43F008035362AE
S3250001BD604268536A23F00803536257E64268536A43F0100353624268536A23F010035362A1
S3250001BD804CE64268536A43F0200353624268536A23F02003536241E64268536A43F04003A2
S3250001BDA053624268536A23F04003536236E64268536A43F0800353624268536A23F080036A
S3250001BDC053622BE64268536A43F4806353624268536A23F48063536220E64268536A43F4A6
S3250001BDE0006353624268536A23F40063536215E64268536A43F4805353624268536A23F4EF
S3250001BE00805353620AE64268536A43F4005353624268536A23F400535362FFE54268536A2C
S3250001BE2043F4804353624268536A23F480435362F4E54268536A43F4801353624268536A30
S3250001BE4023F480135362E9E54268536A43F0807353624268536A23F080735362DEE54268DD
S3250001BE60536A43F0007353624268536A23F000735362D3E54268536A43F08063536242686D
S3250001BE80536A23F080635362C8E54268536A43F0006353624268536A23F000635362BDE5A0
S3250001BEA0BFF34F8F0549CA6802F4E062044B1343CB60BFF34F8F00BFFDE700BF00ED00E0A4
S3250001BEC00400FA050368014A1A63704711FF1510036800221A6370470268936823F00103FC
S3250001BEE0936070470268936823F00203936070470268936823F08003936070470268936860
S3250001BF0023F00403936070470268D36823F00203D36070470268D36823F00103D360704709
S3250001BF200268936823F008039360704710B50446FFF7C8FF236801225A602046FFF7C8FF76
S3250001BF4010BD10B50446FFF7BDFF23684FF400721A6023684FF480721A60236880221A60B1
S3250001BF60236840221A60236820221A60236810221A60236808221A60236804221A602368F0
S3250001BF8002221A60236801221A602046FFF7A0FF10BD10B50446FFF7ABFF2046FFF7A2FF60
S3250001BFA02046FFF799FF2046FFF7A8FF2046FFF7B7FF2046FFF7AEFF2046FFF7A5FF62689E
S3250001BFC0936823F0040393606268136823F0100313606268936823F00803936010BD0000D1
S3250001BFE038B504460D46FFF76DFF012D02D0022D0AD038BD2046FFF76BFF144A136923F09D
S3250001C0000403136130BFF4E76368114AC3F880206268136923F0030313616368DB6813F06F
S3250001C020300FFAD12046FFF7B4FF63680022C3F880202046FFF785FF2046FFF749FF034AC7
S3250001C040136943F00403136130BFD2E700ED00E0E42386FA1F2904D8012A12D0022A1FD067
S3250001C06002B17047026852F8213023F0020342F82130026852F8213023F0010342F8213000
S3250001C0807047026852F8213043F0020342F82130026852F8213023F0010342F821307047BC
S3250001C0A0026852F8213023F0020342F82130026852F8213043F0010342F82130D1E710B48E
S3250001C0C01346A2B9046854F8212022F4E0621B0203F4E063134344F82130026852F8213015
S3250001C0E043F0040342F821305DF8044B7047046854F8212022F0040244F82120006850F8DB
S3250001C100212022F4E0621B0203F4E063134340F82130E9E71F290AD8006850F8213023F437
S3250001C1207023120402F470221A4340F8212070471F2908D8036853F8212042F0807243F8BC
S3250001C140212053F8213070471F2908D80268D2F8C000012303FA01F10143C2F8C010704790
S3250001C16000680A78D0F8C83023F01F0302F01F021343C0F8C83070470368D3F8A00070477C
S3250001C18003684FF0FF32C3F8A020D3F8A030704710B4446863690120884023EA00038A40F1
S3250001C1A01A4362615DF8044B704710B4446823680120884023EA00038A401A4322605DF80B
S3250001C1C0044B7047426801238B4053607047426801238B4093607047426801238B40D36040
S3250001C1E0704743681A6901238B40134201D100207047012070470268136843F08003136080
S3250001C20070470268136823F08003136070470268136823F0011343F4803313607047026831
S3250001C220136843F001031360704770B504464FF0000C48E001229A40D2B242EA0E0E154318
S3250001C2400133DBB2072B15D801EBCC02D25C022AF0D0032A07D0012AF2D19A404EEA020E0F
S3250001C2605FFA8EFEECE701229A40D2B242EA0E0E1043E5E722680CEB8C0302EBC3021369D9
S3250001C28023F47F0343EA0040106122680CEB8C0302EBC302136923F47F4343EA052515613C
S3250001C2A022680CEB8C0302EBC3031B6923F0FF0343EA0E030CEB8C0002EBC00213610CF13A
S3250001C2C0010C5FFA8CFCBCF1020F04D80020864605460346B6E770BD002101704170817051
S3250001C2E0C1700F230371417181710123C3714EF660230381418113E000EBC1021A444FF019
S3250001C300000C82F83CC003EBC102043200EB4202A2F804C00133DBB2072BEDD90131C9B2BA
S3250001C320022901D80023F7E7012380F83C3000231BB1002380F85A307047C218002182F8A9
S3250001C340541003F1280200EB4202D18011810133DBB2EDE770B504460D46FFF752FF22681A
S3250001C360298953681B0C1B040B43536022686989D3681B0C1B040B43D36000201AE02668DC
S3250001C38003EBC002043205EB4202B2F804C000EB800103EB4101063156F82120120C120478
S3250001C3A042EA0C0246F821200133DBB2072BE6D90130C0B2022801D80023F7E705F13C0131
S3250001C3C02046FFF732FF21686A780B6823F40033520402F4003213430B602168AA780B6844
S3250001C3E023F40043D20392B213430B602168EA780B6823F4E043120302F4E04213430B607C
S3250001C40021682A790B6823F47063120202F4706213430B6021686A790B6823F02003520187
S3250001C42002F0200213430B602168AA790B6823F00C03920002F00C0213430B602168EA79A0
S3250001C4400B6823F00203520002F0020213430B600020034653B32268D2F8903123F0FF03A8
S3250001C4600343C2F89031616895F85A20CB6923F0070302F007021343CB612046FFF7BBFE41
S3250001C4802268136823F4402313602046FFF7C7FE2046FFF7B6FE21682A780B6823F440235A
S3250001C4A0920402F4402213430B6070BD03F1280205EB4202D688118941EA0641226803F15F
S3250001C4C0640602EB86025160EA1892F854201AB101229A401043C0B20133DBB2BAE70729A6
S3250001C4E062D8DFE801F0040F1B27333F4B5703681B681868016F21F0010102F001020A43A7
S3250001C5000267704703681B681B68196F21F00201520002F002020A431A67704703681B682C
S3250001C5201B68196F21F00401920002F004020A431A67704703681B681B68196F21F00801B1
S3250001C540D20002F008020A431A67704703681B681B68196F21F01001120102F010020A4302
S3250001C5601A67704703681B681B68196F21F02001520102F020020A431A67704703681B6877
S3250001C5801B68196F21F04001920102F040020A431A67704703681B681868016F21F080017B
S3250001C5A0D301DBB20B4303677047016070470023037043708370C370037143718371C371CD
S3250001C5C0037243728372C37270472DE9F84304460D4603681B681A68536D43F00403536539
S3250001C5E00A78027103681B681B68013203EBC2035A6842F020025A6003681B681B6802792C
S3250001C600013203EBC2035A6842F010025A604E7936B10B7813F0010F7BD04FF0000875E042
S3250001C6208A780978FFF75BFF6B78012B18D0002B2CD123681B681B682A78013203EBC203E8
S3250001C6405A6822F008025A6023681B681B682A78013203EBC2035A6842F004025A6015E079
S3250001C66023681B681B682A78013203EBC2035A6842F008025A6023681B681B682A7801327C
S3250001C68003EBC2035A6822F004025A602E787608236800223146186800F03BFD23680022AF
S3250001C6A03146186800F063FD236800223146186800F088FD236800223146186800F0FBFC88
S3250001C6C023682A793146186800F0A6FD236801223146186800F0CEFD2368EA78297818682D
S3250001C6E000F04EFE236801222978186800F0F0FD4FF0010854F8043B1B681A68536F43F07E
S3250001C7004003536728686968AA6807C44046BDE8F8830268126812680133DBB2013302EBF1
S3250001C720C3035A6842F020025A6003681B681A680B780133DBB2013302EBC3035A6842F0CD
S3250001C74010025A600F787F08036800223946186800F0B1FC236801223946186800F08AFDAB
S3250001C760AA7829782046FFF7BAFE29780131AA7AC9B22046FFF7B3FE2368EA78297818684E
S3250001C78000F0FEFD236829780131EA7AC9B2186800F0F6FD236801222978186800F098FDB3
S3250001C7A02368297801310122C9B2186800F090FD23682A793946186800F02EFD95F806801E
S3250001C7C0B8F1000F13D12B7A002B40F00E8195F80790B9F1000F00F0088122681068026865
S3250001C7E0126812F0200F00F0BA80984682E7236801223946186800F08CFC236800223946C5
S3250001C800186800F0DFFC6B7A032F0ED8DFE807F00235414D2268126811684A6E22F01002ED
S3250001C8201B0103F0100313434B662368186803681B6813F0200F5BD00022394600F097FC4E
S3250001C8406B78012B3DD0002B7FF454AF23681B681B682A78013203EBC2035A6822F008021D
S3250001C8605A6023681B681B682A78013203EBC2035A6842F004025A603CE72268126811688A
S3250001C8804A6E22F480521B0303F4805313434B66CBE72268126811684A6E22F480121B0553
S3250001C8A003F4801313434B66BFE72268126811684A6E22F080521B0703F0805313434B6632
S3250001C8C0B3E723681B681B682A78013203EBC2035A6842F008025A6023681B681B682A78B3
S3250001C8E0013203EBC2035A6822F004025A6001E70122394600F03BFC6B78B3B923681B68A9
S3250001C9001B682A78013203EBC2035A6842F008025A6023681B681B682A78013203EBC20334
S3250001C9205A6822F004025A60E4E6012B7FF4E2AE23681B681B682A78013203EBC2035A6888
S3250001C94022F008025A6023681B681B682A78013203EBC2035A6842F004025A60CAE600225B
S3250001C960394600F0D6FB236801223946186800F0FEFB236800223946186800F023FC6B783C
S3250001C980BBB923681B681B682A78013203EBC2035A6842F008025A6023681B681B682A7818
S3250001C9A0013203EBC2035A6822F004025A60C846A0E6012B01D0C8469CE623681B681B6844
S3250001C9C02A78013203EBC2035A6822F008025A6023681B681B682A78013203EBC2035A6855
S3250001C9E042F004025A60C84684E6002B50D0EE79002E4FD02368186803681B6813F0200F9C
S3250001CA007FF478AE0022394600F083FB236801223946186800F0ABFB236801223946186877
S3250001CA2000F0D0FB6B78BBB923681B681B682A78013203EBC2035A6842F008025A60236881
S3250001CA401B681B682A78013203EBC2035A6822F004025A60B0464DE6012B01D0B04649E662
S3250001CA6023681B681B682A78013203EBC2035A6822F008025A6023681B681B682A78013298
S3250001CA8003EBC2035A6842F004025A60B04631E6B0462FE698462DE610B483B003681B683A
S3250001CAA01C68236813F0200F13D0E36C9BB2ADF80630BDF806309BB28B4205D0BDF806300F
S3250001CAC09BB20133994204D1BDF806309BB2023399B20379013304EBC304A3681B0C1B04AF
S3250001CAE00B43A360437A6BB103681B681B6801790131C9B2013103EBC10083681B0C1B045B
S3250001CB001343836003B05DF8044B704703464A784AB98A78002A40F0BE80CA78002A00F0C3
S3250001CB20BC80012000E001200A7812B1002840F0E48012B9002800F0E28010B4002A00F06C
S3250001CB40AE801A681068D0F88C2042F48062C0F88C201A681068D0F88C2042F40062C0F8F8
S3250001CB608C201A681068D0F88C2042F48052C0F88C201A681068D0F88C2042F40072C0F85A
S3250001CB808C201A681468C87AD4F88C2022F48072000200F480700243C4F88C201A68106895
S3250001CBA0D0F88C2042F08002C0F88C201A6814684878A26D22F01002000100F010000243AB
S3250001CBC0A2651A6814688878A26D22F02002400100F020000243A2651A681468C878A26D1C
S3250001CBE022F04002800100F040000243A2651A6814680879A26D22F00202400000F0020007
S3250001CC000243A2651A6810684C79826D22F00102224382651A6814680A7A101E18BF01200A
S3250001CC20A26D22F0080242EAC002A2651A6814688879D4F88C2022F01002000100F0100031
S3250001CC400243C4F88C201A681468C879D4F88C2022F02002400100F020000243C4F88C2037
S3250001CC601A681468487AD4F88C2022F00402800000F004000243C4F88C201B681A68897A34
S3250001CC80D2F88C3023F001030B43C2F88C3001205DF8044B7047012046E7002044E71A6895
S3250001CCA01068D0F88C2042F48022C0F88C201A681068D0F88C2042F40022C0F88C201A6899
S3250001CCC01068D0F88C2042F48012C0F88C201A681068D0F88C2042F40032C0F88C201A6879
S3250001CCE01468C87AD4F88C2022F48032000400F480300243C4F88C2050E700207047704715
S3250001CD0038B505460160002407E005EB041029460430FFF74AFC0134E4B2072CF5D938BDC4
S3250001CD204FF48033036001220271002343718371C371037243728372C37203734373827389
S3250001CD40C37303744374837408E003EB430202440021D174117551750133DBB2032BF4D9A2
S3250001CD600023C377012380F82030704770B504460D4603681A68536D43F0040353650368E0
S3250001CD801A68D36C1B0C1B04D36403681E6851F8043BB268120C12049BB21343B360FFF7DB
S3250001CDA0B5FEAB7C002B00F0BD80236819682A7CCB6F23F40043D20392B21343CB672368C8
S3250001CDC019686A7CCB6F23F47063120202F470621343CB67002320E022681168E87CCA6F9A
S3250001CDE022F001020243CA6722681068297DC26F22F01002090101F010010A43C267226898
S3250001CE001068697DD0F8882022F0010201F001010A43C0F888200133DBB2032B77D8032B1C
S3250001CE20F9D801A252F823F0D9CD010039CE010081CE0100C9CE010022681068A97DC26F2A
S3250001CE4022F00202490001F002010A43C26722681068E97DC26F22F02002490101F02001D9
S3250001CE600A43C26722681068297ED0F8882022F00202490001F002010A43C0F88820CAE76B
S3250001CE8022681068697EC26F22F00402890001F004010A43C26722681068A97EC26F22F0F8
S3250001CEA04002890101F040010A43C26722681068E97ED0F8882022F00402890001F0040187
S3250001CEC00A43C0F88820A6E722681068297FC26F22F00802C90001F008010A43C267226857
S3250001CEE01068697FC26F22F08002C901C9B20A43C26722681068A97FD0F8882022F0080295
S3250001CF00C90001F008010A43C0F8882083E723681968AA7C4B6D23F06003520102F0600229
S3250001CF2013434B652368196895F820208B6E23F0C0039201D2B213438B6623681968EA7F69
S3250001CF408B6E23F03F0302F03F0213438B6623681A68536F43F04003536770BD10B40268A8
S3250001CF60536F0023536702680421516502685360026811681360026893600268D3640268EB
S3250001CF80116D1365026893650268D3650268136602685366026893660268D16ED3660268DB
S3250001CFA01367026893670268D3670268C2F880300268C2F884300268C2F888300268C2F83C
S3250001CFC08C300268C2F890300268C2F894300268C2F898300268C2F89C300268C2F8B030E2
S3250001CFE00268C2F8D8300FE001685A1C01EBC20100244C60016801EBC2018C6001682C33E5
S3250001D00001EB83035C60D3B2072BEDD90023032B08D8026803F12801002442F821400133B3
S3250001D020DBB2F4E75DF8044B7047012303700023437083700323C370704738B504460D462C
S3250001D040FFF78CFF2268536D43F0040353652268536D43F00103536521682A780B6823F022
S3250001D0601803D20002F0180213430B602168AA780B6823F0070302F0070213430B6021686F
S3250001D080EA78D1F8843023F0C0039201D2B21343C1F8843021686B781A1E18BF01220B68E9
S3250001D0A023F0200343EA42130B602268536F43F04003536738BD03292AD8DFE801F0020CE1
S3250001D0C016200368596E21F00801D20002F008020A435A6670470368596E21F40061D202B9
S3250001D0E002F400620A435A6670470368596E21F40021D20402F400220A435A66704700688B
S3250001D100416E21F00061D30603F000630B434366704703292AD8DFE801F0020C1620036875
S3250001D120596E21F00201520002F002020A435A6670470368596E21F40071520202F400728D
S3250001D1400A435A6670470368596E21F40031520402F400320A435A6670470068416E21F022
S3250001D1600071530603F000730B4343667047032927D8DFE801F00209131D01684B6E23F077
S3250001D18001031A434A6670470368596E21F48071120202F480720A435A6670470368596E96
S3250001D1A021F48031120402F480320A435A6670470068416E21F08071130603F080730B43BA
S3250001D1C043667047032926D8DFE801F0020B141E01684B6E23F08003D201D2B21A434A66AB
S3250001D1E0704701684B6E23F40043D20392B21A434A66704701684B6E23F40003D20502F40F
S3250001D20000021A434A66704701684B6E23F0004343EAC2724A66704703292AD8DFE801F01B
S3250001D220020C16200368596E21F04001920102F040020A435A6670470368596E21F480418C
S3250001D240920302F480420A435A6670470368596E21F48001920502F480020A435A6670471B
S3250001D2600068416E21F08041930703F080430B434366704703292AD8DFE801F0020C162096
S3250001D2800368596E21F02001520102F020020A435A6670470368596E21F40051520302F415
S3250001D2A000520A435A6670470368596E21F40011520502F400120A435A6670470068416EBF
S3250001D2C021F00051530703F000530B4343667047072954D8DFE801F0040E18222C36404A4B
S3250001D2E00368196821F48031120402F480320A431A6070470368196821F40031520402F4BB
S3250001D30000320A431A6070470368196821F48021920402F480220A431A607047036819681C
S3250001D32021F40021D20402F400220A431A6070470368196821F48011120502F480120A43C6
S3250001D3401A6070470368196821F40011520502F400120A431A6070470368196821F4800124
S3250001D360920502F480020A431A6070470068016821F40001D30503F400030B4303607047F8
S3250001D380072951D8DFE801F0040E181F29333D470368D96E21F01001120102F010020A4314
S3250001D3A0DA6670470368D96E21F02001520102F020020A43DA6670470168CB6E23F0010327
S3250001D3C01A43CA6670470368D96E21F00201520002F002020A43DA6670470368D96E21F0ED
S3250001D3E00401920002F004020A43DA6670470368D96E21F00801D20002F008020A43DA662C
S3250001D40070470368D96E21F48071120202F480720A43DA6670470068C16E21F400715302E4
S3250001D42003F400730B43C36670470268936D43F0800393657047002303704370704710B4BA
S3250001D4400268936843F00103936004680A78A36823F00803D20002F008021343A360006890
S3250001D4604A78836823F00403920002F00402134383605DF8044B704700230370054A426039
S3250001D4800372C360037443748374C37401230375704700BF40420F00032900F2918030B5DA
S3250001D4A00346006892F813C000EB011EDEF8280020F002004FEA4C0C0CF0020C40EA0C006C
S3250001D4C0CEF82800186892F800C000EB011EDEF8280020F00C004FEA8C0C0CF00C0C40EA5A
S3250001D4E00C00CEF82800881C00011C6855682550186892F808C000EB011EDEF8280020F4E2
S3250001D50000004FEACC5C0CF4000C40EA0C00CEF82800186800EB011EDEF8280020F070600B
S3250001D52092F80CC04FEA0C6C0CF0706C40EA0C00CEF82800186892F810C000EB011EDEF827
S3250001D540280020F480204FEA8C4C0CF4802C40EA0C00CEF82800186892F811C000EB011E22
S3250001D560DEF8280020F400304FEA4C4C0CF4003C40EA0C00CEF82800186892F812C000EB6A
S3250001D580011EDEF8280020F480304FEA0C4C0CF4803C40EA0C00CEF82800107D38B11A683A
S3250001D5A0012303FA01F113691943116130BD1A68012000FA01F1136923EA01011161F5E7B2
S3250001D5C0002070470F2903D803685A691143596170470F2902D80368D960DB6870472DE9A1
S3250001D5E0F0475C1C24F0010606EB4206802E00F2BD809A46D34200F0BC804AB112F001071E
S3250001D60002D0561CF6B200E016461FB1012701E01646174643B306EB5404E4B2013CE4B2A1
S3250001D6203F2C00D93F2413F0010321D1D0F800E0DEF80CCC2CF47C5C240204F47C544CEAD1
S3250001D6400404CEF80C4CD0F800C0DCF80C4C24F4FE04360406F4FE062643CCF80C6C4FF0B3
S3250001D660000C644666461FE022B1741EE4B2DDE70123DBE714461346D8E7002F72D0026850
S3250001D6800EF5406E42F82E80E21C92B2066802F5406246F822900434A4B20022174635E08F
S3250001D6A00CF1010C1FFA8CFC91F849E0E645F4D90CEB8C0ECD6C05EB8E0E9EF80980B8F1F0
S3250001D6C0010FEDD19EF80880B8F1000FE8D00136DEF80480DEF8109029F0604904F5406E77
S3250001D6E0056845F82E8004F1010E1FFA8EFE0EF5406E056845F82E9004F1020E1FFA8EFE5F
S3250001D700B242BAD07446CBE7013292B291F849C0944529D9CE6C02EB820C06EB8C0C9CF862
S3250001D72009E0BEF1010FEFD19CF80860002EEBD10137DCF804E0DCF81060C6F30A0C4CEA5B
S3250001D7400E4604F5406E056845F82E600134A4B2BA45D9D17BB1036804F5406443F8246068
S3250001D760012004E0744698E7012000E00020BDE8F0870020FBE70120F9E700002DE9F04FCF
S3250001D780551C25F001065F1C06EB5706802E00F20D8190467C08DA4200F00B8132B112F027
S3250001D7A0010F01D06D0802E0550800E0154663B3013405EB5404E4B2013CE4B23F2C00D952
S3250001D7C03F2413F0030202D0C2F10402D2B20768D7F80C6C26F47C56240204F47C543443C1
S3250001D7E0C7F80C4C0668D6F80C4C24F4FE042D0405F4FE052543C6F80C5C4FF0000C6446AD
S3250001D800E646E346654666463BE01AB16C1EE4B21A46DCE71446DAE745F0804C076804F5A8
S3250001D820406E47F82EC004F1010C1FFA8CFC07680CF5406C47F82C500234A4B24FF0000CB5
S3250001D840E0465AE0D9F80460AE4239D94BF0804747EA060B066804F5406946F829B004F1CA
S3250001D86001091FFA89F9066809F5406946F829500234A4B2F04565D000260CF1010C1FFAF1
S3250001D8808CFC91F84990E145D8D90CEB8C09CF6C07EB890999F809A0BAF1010FEDD199F831
S3250001D8A008A0BAF1000FE8D00EF1010E002EC9D1D9F80450F045AFD056464FF0000BDCE7EF
S3250001D8C045F0804B3546C5E75FFA8CFC3EE0DEF80460C5F30A0E76452CD945EA0645066869
S3250001D8E004F5406E46F82E500134A4B2434535D03E460CF1010C1FFA8CFC91F84970674589
S3250001D90022D90CEB8C0ECF6C07EB8E0E9EF80970012FEED19EF80870002FEAD108F10108B3
S3250001D920002ED4D1DEF8045045F080454345CBD00126DEE746F08046DFF87CE00EEA054569
S3250001D9403543CCE7002679E74FF0000C022A18D0032A1DD0012A04D0012028E04FF0000C23
S3250001D960F4E7CB6C0CEB8C0C03EB8C0CDCF8043045EA0345036804F5406443F82450012022
S3250001D98015E0036804F5406443F8245001200EE0036804F5406243F82250631C9BB20268DC
S3250001D9A003F5406342F82350012000E00020BDE8F08F0020FBE700BF0000FF072DE9F04FB7
S3250001D9C0551C25F001065F1C06EB5706802E00F2FF8090467C08DA4200F0FD8032B112F003
S3250001D9E0010F01D06D0802E0550800E0154663B3013405EB5404E4B2013CE4B23F2C00D910
S3250001DA003F2413F0030202D0C2F10402D2B20768D7F80C6C26F47C56240204F47C5434437E
S3250001DA20C7F80C4C0668D6F80C4C24F4FE042D0405F4FE052543C6F80C5C4FF0000CE646E8
S3250001DA406646E3466446654639E01AB16C1EE4B21A46DCE71446DAE706680EF5406C46F8F8
S3250001DA602C400EF1010C1FFA8CFC06680CF5406C46F82C700EF1020E1FFA8EFE4FF0000C92
S3250001DA80E04650E0D9F804504BEA050B05680EF5406945F829400EF101091FFA89F90568EF
S3250001DAA009F5406945F829B00EF1020E1FFA8EFEB04552D000250CF1010C1FFA8CFC91F87E
S3250001DAC04990E145DAD90CEB8C09CF6C07EB890999F809A0BAF1010FEDD199F808A0BAF1AB
S3250001DAE0000FE8D00136002DCCD1D9F8047047F00044B045B0D055464FF0000BDBE75FFA22
S3250001DB008CFC2EE0756844EA054405680EF5406645F826400EF1010E1FFA8EFE3D460CF128
S3250001DB20010C1FFA8CFC91F84960664517D90CEB8C06CF6C07EB8606777A012FEFD1377A8F
S3250001DB40002FECD108F10108002DDBD1746844F000444345D3D00125E1E700258EE74FF0B1
S3250001DB60000C022A15D0032A1AD0012A01D001202FE0CB6C0CEB8C0C03EB8C0CDCF80430EA
S3250001DB8044EA034403680EF5406E43F82E4001201FE003680EF5406E43F82E40012018E046
S3250001DBA0CB6C0CEB8C0C03EB8C0CDCF8043044EA034403680EF5406243F822400EF10103E5
S3250001DBC09BB2026803F5406342F82340012000E00020BDE8F08F0020FBE7000070B50025BE
S3250001DBE0AC462B462A460CE00132D2B21CE0002400E00C24A54200D225460CF1010C5FFAF1
S3250001DC008CFC91F849E0E64542D90CEB8C0ECC6C04EB8E0E9EF80940012CEED19EF8084080
S3250001DC20002CE1D10133DBB29EF80A400F2CDED801A656F824F000BFF5DB0100F5DB010003
S3250001DC40F5DB0100F5DB0100F5DB0100F5DB0100F5DB0100F5DB0100F5DB0100F3DB010037
S3250001DC6079DC01007DDC010081DC010085DC010089DC01008DDC01001024BBE71424B9E7AF
S3250001DC801824B7E72024B5E73024B3E74024B1E74C797CB1103515D4C5F38704013C0668CB
S3250001DCA0D6F80C5C25F0F845A40604F0F8442C43C6F80C4C91F85540012C08D0022C09D04C
S3250001DCC014B170BD0335E7E7FFF789FCF9E7FFF755FDF6E7FFF772FEF3E700BF10B50446B7
S3250001DCE00268136823F0005313600268D2F80C3C43F00043C2F80C3C0268D2F8143C43F0B4
S3250001DD000063C2F8143C0268D2F8103C23F00043C2F8103C0268D2F8103C23F08043C2F8A3
S3250001DD20103C0268D2F8103C23F00053C2F8103C0268D2F8103C23F08053C2F8103CFFF742
S3250001DD404DFF2268D2F80C3C23F01F03C2F80C3C10BD00238360036143618361C360C36197
S3250001DD6043628362C362036201220270C37043714FF0FF3242638263C26380F8443043704E
S3250001DD80837080F8303080F8453080F8473080F8483080F8513080F8503080F8523080F882
S3250001DDA0533080F84930C36470470268136823F0804313600268136823F080531360036833
S3250001DDC01B6813F0807FFAD17047000003681A6812F4801F35D01A6822F000421A6010E05E
S3250001DDE0012B09D0022B26D0032B0AD14268136943F48053136104E04268136943F4806323
S3250001DE00136103681B6813F4801F1AD043681B4A1A64037C002BE3D14268136943F400734D
S3250001DE20136143681A6912F4007FEAD11A6942F400721A61E5E74268136943F40063136153
S3250001DE40DFE70268136843F00073136003681A6812F0007FFAD11A6842F080421A60026864
S3250001DE60136843F08053136003681A6812F0807FFAD01B6813F0006FF6D0704777756370BE
S3250001DE8091F800C0006800F18002D0F8003CC3F30143032B03D8DFE803F00A040608002159
S3250001DEA006E0182104E0282102E0482100E01021890843B90CFB01F302EB83031A6842F004
S3250001DEC040621A607047012B10D0022B1DD0144BA3FB0C03ACEB030003EB5003C3F38F0313
S3250001DEE05B000CFB013302EB8303E7E70D4BA3FB0C03ACEB030003EB5003C3F30F135B0031
S3250001DF000CFB013302EB8303D8E7074BA3FB0C0303F0F8030CFB013302EB8303CEE700BF7E
S3250001DF202549922487611886ABAAAAAA10B591F800E0036803F1800CD3F8003CC3F301436D
S3250001DF40032B03D8DFE803F00A040608002206E0182204E0282202E0482200E01022920873
S3250001DF60A3B90EFB02F20CEB820C0CF1080C91F800E0036803F18000D3F8003CC3F3014362
S3250001DF80032B2FD8DFE803F036303234012B10D0022B1DD05B4BA3FB0E43AEEB030403EB76
S3250001DFA05403C3F38F035B000EFB02320CEB820CDBE7554BA3FB0E43AEEB030403EB540368
S3250001DFC0C3F30F135B000EFB02320CEB820CCCE74E4BA3FB0E4303F0F8030EFB02320CEBE8
S3250001DFE0820CC2E7002206E0182204E0282202E0482200E01022920893B90EFB02F200EB47
S3250001E0008202907800F00F000F2835D8DFE800F037373737373737373736393B3D3F4143DA
S3250001E020012B10D0022B1DD0364BA3FB0E43AEEB030403EB5403C3F38F035B000EFB02327E
S3250001E04000EB8202DDE7304BA3FB0E43AEEB030403EB5403C3F30F135B000EFB023200EBDC
S3250001E0608202CEE7294BA3FB0E4303F0F8030EFB023200EB8202C4E7002000E00C20002369
S3250001E08026E01020FBE71420F9E71820F7E72020F5E73020F3E74020F1E7012A0DD0022A85
S3250001E0A024D0032A12D1CA1892F808E0DCF8002042EA0E024CF8042B08E0CA1892F808E022
S3250001E0C0DCF8002042EA0E42CCF800200133DBB2834215D213F00302DFD10022CCF80020BA
S3250001E0E0CA18127A1206CCF80020EFE7CA1892F808E0DCF8002042EA0E22CCF80020E5E785
S3250001E10010BD00BF2549922487611886ABAAAAAA036803F18002D3F8003CC3F30143032B09
S3250001E12003D8DFE803F00A040608002006E0182004E0282002E0482000E0102080082BB9F7
S3250001E14001FB00F002EB800008307047012B10D0022B1DD0134BA3FB01C3A1EB030C03EB01
S3250001E1605C03C3F38F035B0001FB003002EB8000EAE70D4BA3FB01C3A1EB030C03EB5C038A
S3250001E180C3F30F135B0001FB003002EB8000DBE7064BA3FB01C303F0F80301FB003002EB30
S3250001E1A08000D1E72549922487611886ABAAAAAA30B50D78036803F18002D3F8003CC3F3C5
S3250001E1C00143032B03D8DFE803F00A040608002406E0182404E0282402E0482400E010243D
S3250001E1E0A4089BB905FB04F302EB83039C465B8803F00F030F2B35D8DFE803F03737373707
S3250001E200373737373736535557595B5D012B10D0022B1DD06C4BA3FB05C3A5EB030C03EBCE
S3250001E2205C03C3F38F035B0005FB043302EB8303DCE7664BA3FB05C3A5EB030C03EB5C0365
S3250001E240C3F30F135B0005FB043302EB8303CDE75F4BA3FB05C303F0F80305FB043302EB04
S3250001E2608303C3E7002300E00C2381F84830DCF8003013F4001F20D0DCF8043023F060436C
S3250001E2804B600CF1080C0D78036803F18004D3F8003CC3F30143032B15D8DFE803F01C164B
S3250001E2A0181A1023E1E71423DFE71823DDE72023DBE73023D9E74023D7E7DCF80430C3F337
S3250001E2C08A434B60DDE7002206E0182204E0282202E0482200E01022920893B905FB02F253
S3250001E2E004EB8202927802F00F020F2A35D8DFE802F037373737373737373736393B3D3F83
S3250001E3004143012B10D0022B1DD02F4BA3FB05E3A5EB030E03EB5E03C3F38F035B0005FBB9
S3250001E320023204EB8202DDE7284BA3FB05E3A5EB030E03EB5E03C3F30F135B0005FB02321B
S3250001E34004EB8202CEE7224BA3FB05E303F0F80305FB023204EB8202C4E7002200E00C222B
S3250001E360002317E01022FBE71422F9E71822F7E72022F5E73022F3E74022F1E7BEF1010FF7
S3250001E38014D0BEF1020F16D05CF8045BCC1825720133DBB2934214D213F0030EEED19CF8DB
S3250001E3A0034001EB030E8EF80840F1E7BCF80250CC182572ECE7DCF80040240ACD182C7257
S3250001E3C0E6E703689B6830BD2549922487611886ABAAAAAA01F01F02012393403F2902D96F
S3250001E3E00268536770471F2902D90268D362704702681363704701F01F02012393403F29BA
S3250001E40005D90268526F13405BB1012070471F2903D90268D26A1340F6E70268126B134081
S3250001E420F2E700207047437C032B04D0022B0BD0012B10D0704702684FF0FF33536702689A
S3250001E440D36202681363704702684FF0FF33D36202681363704703684FF0FF321A63E9E71A
S3250001E46001F01F02012393403F2904D90268D16E0B43D36670471F2904D90268516A0B43C8
S3250001E480536270470268916A0B43936270470000F8B506460C4615461FFA82FC026802F110
S3250001E4A08000D2F8002CC2F30142032A03D8DFE802F00A040608002306E0182304E0282397
S3250001E4C002E0482300E010234FEA930E002A39D10CFB0EF300EB83031A466068217A002962
S3250001E4E05CD0196841F4C0011960596801F0604120F0604001435960A17A136823F47023B9
S3250001E5001360090401F470210B431360E17A23F00040106023F04043136029B143F00041B8
S3250001E520116043F040431360637A002B45D1136823F070631360237B002B48D1637A012B5D
S3250001E5404AD0F8BD012A10D0022A1DD0264AA2FB0C32ACEB020302EB5302C2F38F02520000
S3250001E5600CFB0E2200EB8203B6E72049A1FB0C31ACEB010301EB5303C3F30F135B000CFBF7
S3250001E5800E3300EB8303A7E7194BA3FB0C2303F0F8030CFB0E3300EB83039DE7196821F442
S3250001E5A0C0011960596821F0FF5121F4E011114F07EA8040014359609EE7012BBBD113682C
S3250001E5C023F07063136043F080631360B3E729463046FFF745FFB1E73368226905F5087564
S3250001E5E043F82520ADE700BF2549922487611886ABAAAAAA0000FC1F03681B6AC3F301121A
S3250001E60013F0200F46D002220A70C3F3C0328A71C3F38032CA71C3F340320A72C3F300323B
S3250001E6204A72C3F3C0228A72C3F38022CA72C3F340520A73C3F380020A75C3F3C0424A73FE
S3250001E640C3F38042CA73C3F340228A74C3F30022CA74C3F340420A74C3F300424A74C3F3B0
S3250001E66040024A758A750268126812F4006F10D0DA0F4A70C3F380728A70C3F30072CA70B3
S3250001E680C3F3C0620A71C3F380624A71C3F300538B7370470A70B8E7036819627047000059
S3250001E6A0F8B5064605EE901A06EE902ABDF818009DF81C2052B97E255E27F8EE666AB0EEEA
S3250001E6C0665A08214FF0010C644607E02E252627F3E71146A446B0EE675A0134B4F5806F86
S3250001E6E02FDAF8EE657A07EE104AB8EEC76A87EE867AC7EE267AFDEEE77A17EE902A02B395
S3250001E700072A1EDDB8EEE76AC7EE067A77EEE67AF0EEE77A9542E0DBB4EEE75AF1EE10FA38
S3250001E720DBDB142AD5DC9FED387AF4EEC77AF1EE10FA04D41146A446B0EE675ACDE7114660
S3250001E740A44607EE903AB8EEE77AF5EE007A27EE277A8F4200DD0F46032500E0013F022F73
S3250001E76018DD42F2107207FB022292FBF1F2D41A002CB8BF644293420CDC07EE904AF8EEA8
S3250001E780E77AF4EEC77AF1EE10FAE7D53D46B0EE677AE3E74C1B013C01279FED1C7A3A460F
S3250001E7A000E00132A24216DC42F2107302FB03F393FBF1F31B1A002BB8BF5B4207EE903A1A
S3250001E7C0F8EEE77AF4EEC77AF1EE10FAE9D51746B0EE677AE5E7C6F800C02846F9F7E0FFBE
S3250001E7E007A3D3E90023FAF7ABFAFAF743F8B0602D1AF56034617760F8BD00BFAFF3008019
S3250001E800333333333333E33FCDCCCC3D00401C4611F0805F04D003684FF08052C3F8142C2E
S3250001E82011F0005F04D003684FF00052C3F8142C11F0804F04D003684FF08042C3F8142C9B
S3250001E840002900DB704703684FF00042C3F8142CF8E700002DE9F04105460C4643685A6CDB
S3250001E86012F0010F06D0554A1A646B685B6C13F0010FFAD12B7C002B31D16A68536943F07F
S3250001E880805353616B685A6912F0805F03D15A6942F080525A612A68136843F00043136027
S3250001E8A02B681A6812F4801FFAD021785A6822F40052490301F400510A435A602846FFF70D
S3250001E8C085FA2A68136843F4000313602A68536B43F0805353632A68803200231BE0012B5E
S3250001E8E009D0022B0DD0032BD5D16A68536943F000435361CFE76A68536943F00053536124
S3250001E900C9E76A68536943F080435361C3E7002142F823100133B3F5007FF8D3002305E0A2
S3250001E92003F50071002042F8210001337F2BF7D9002305E003F52071002042F821000133FE
S3250001E9400A2BF7D9002305E003F52371002042F8210001330A2BF7D9002305E003F2AA318B
S3250001E960002042F821000133342BF7D9296801F50051002303E0002241F823200133B3F55A
S3250001E980207FF8D3296801F54051002303E0002241F8232001337F2BF9D994F83030032B80
S3250001E9A003D8DFE803F00D040608002209E0182207E0282205E0482203E000BF7775637076
S3250001E9C010223AB14FF40073B3FBF2F26B7C12FB03F2D2B229680B6823F07F0302F07F0252
S3250001E9E013430B60296894F859204B6823F08003D201D2B213434B602A68136D43F0004390
S3250001EA0013652868A368591E036D23F0FF4323F4C0039E4A02EA4152134303652968E368C5
S3250001EA20013B0A6D22F4F8121B0403F4F81313430B6529682369013B9BB20A6D22F47C4224
S3250001EA409B029BB213430B6529686369013B9BB20A6D22F478725B0103F4787313430B659E
S3250001EA602968A3695A1E0B6D23F01F0302F01F0213430B656378002B00F0AB8029680A68D0
S3250001EA8022F40062DB0203F4006313430B602A68D2F8003C43F00043C2F8003C2868E3691F
S3250001EAA0591ED0F8043C23F07F5323F44013784A02EA01521343C0F8043C2968236A013BD8
S3250001EAC0D1F8042C22F4E0221B0403F4E0231343C1F8043C2968D1F8043C23F4F843A28C9C
S3250001EAE0920202F4F8421343C1F8043C2968A36A013B9BB2D1F8042C22F0E0025B01DBB2FF
S3250001EB001343C1F8043C2968E36A5A1ED1F8043C23F0070302F007021343C1F8043C296848
S3250001EB2094F83020D1F8003C23F44033120402F440321343C1F8003C296894F83020D1F864
S3250001EB40003C23F4C013D20402F4C0121343C1F8003C296894F83020D1F8003C23F44003D3
S3250001EB60920502F440021343C1F8003C296894F83020D1F8003C23F0C063520602F0C06260
S3250001EB801343C1F8003C94F84530C3B9296894F84720D1F8003C23F40043D20392B2134354
S3250001EBA0C1F8003C296894F84820D1F8003C23F4F853120202F4F8521343C1F8003C29683D
S3250001EBC0A2784B6B23F48053120302F4805213434B63E378002B00F0AA802B7C33B92A68CE
S3250001EBE0D2F80C3C23F00043C2F80C3C2A68136843F0005313602B68226C9A642B68626B1F
S3250001EC001A612B68A26B5A612B68E26B9A61296894F844200B6823F48033120402F48032C0
S3250001EC2013430B60296862790B6823F40043D20392B213430B6094F84530002B00F0C88095
S3250001EC402A68136823F4003313602A68536843F480535360296894F846204B6823F0080385
S3250001EC60D20002F0080213434B6094F85030002B00F0B9802A68136843F4800313602A6892
S3250001EC80136843F08063136004E000BF0000E07F0000F03F2A68536823F040035360296851
S3250001ECA094F851200B6823F48053120302F4805213430B60296894F852204B6823F40043B9
S3250001ECC0D20392B213434B60296894F853204B6823F48043920302F4804213434B60296817
S3250001ECE094F854200B6823F40013520502F4001213430B60296894F854204B6823F4006392
S3250001ED00D20202F4006213434B60296894F854204B6823F48063920202F4806213434B6014
S3250001ED202379002B40F0A6804FF0000877E0237943B12B7C002B7FF475AF21462846FEF74E
S3250001ED40CDFF6FE72A68136823F0005313602B7C4BBB2A68D2F80C3C23F00043C2F80C3CFB
S3250001ED602A68D2F8143C43F00063C2F8143C2A68D2F8103C23F00043C2F8103C2A68D2F8E0
S3250001ED80103C23F08043C2F8103C2A68D2F8103C23F00053C2F8103C2A68D2F8103C23F075
S3250001EDA08053C2F8103C2B68626B1A612B68A26B5A612B68E26B9A61296894F844200B686E
S3250001EDC023F48033120402F4803213430B6029E72A68136843F4003313602A68536823F485
S3250001EDE08053536036E72A68136823F4800313602A68136823F0806313604BE7F2B2284695
S3250001EE00FFF746FB0136B6B2E36CD919DB5B4A8813449E42F2DB08F101085FFA88F894F861
S3250001EE204930434529D9E26C08EB88039F0032F82360E9E70136B6B2E36CD919DB5B4A88F8
S3250001EE4013449E4207DA4B7A002BF3D1F2B22846FFF71EFBEEE708F101085FFA88F894F882
S3250001EE604930434509D9E26C08EB88039F0032F82360E1E74FF00008F1E7296894F8562016
S3250001EE804B6B23F40043D20392B213434B63296894F858204B6B23F44073120202F440726D
S3250001EEA013434B63296894F857204B6B23F0C0039201D2B213434B632846FFF7B4FA2B7C53
S3250001EEC00BB923794BB92846FEF76FFF2A68136823F400031360BDE8F0814FF070412846E8
S3250001EEE0FFF796FCEFE700BF036810221A60036820221A60036840221A6003684FF000625D
S3250001EF001A6003684FF080621A6003684FF000721A6003684FF080721A60704703688022FA
S3250001EF201A6003681A6812F0800FFAD01A6812F0200F08D11A6812F0100F06D1186810F082
S3250001EF40010004D17047012070470120704701207047000000230374436103604FF400238E
S3250001EF604360034B83604FF44033C360704700BF00000110704770B505460C46164611F080
S3250001EF80070F04D112F0070F12D1002000E001206B68AA681344A3420CD8EB68A3421BD833
S3250001EFA02A691344A3421BD84FF48063012003E00120EDE74FF40063A11901395B421940D9
S3250001EFC02340994236D8002835D12B681B6813F0800F08D102202EE04FF480630120EBE7E6
S3250001EFE04FF48063E8E72846FFF77EFF2B681A7F01221A772B68E2B2597F5A772B68C4F33A
S3250001F0000722997F9A772B68C4F30742D97FDA772B68240E93F8202083F820402B68F6085F
S3250001F020013EF6B293F8212083F821602846FFF775FF00E0012070BD70B504460D461646F6
S3250001F04011F0070F18D100206368A2681344AB4202D8E368AB4211D8E36822691344AB425B
S3250001F0600ED9002E47D0002846D123681B6813F0800F07D102203FE00120E5E70120F0E780
S3250001F0800120EEE72046FFF72FFF23681A7F02221A772368EAB2597F5A772368C5F30722D4
S3250001F0A0997F9A772368C5F30742D97FDA7723682D0E93F8202083F82050002307E02068DD
S3250001F0C0591DF25C50FA81F1087F0A770133072BF5D92046FFF722FF2268116813689B0EC9
S3250001F0E043EAD16313F0010F03D006231843C0B202E00023FAE7012070BD38B504460D460E
S3250001F10011F0070F16D100206368A2681344AB4202D8E368AB4246D8E36822691344AB4267
S3250001F12043D9002842D123681B6813F0800F03D102203BE00120E7E72046FFF7D5FE236817
S3250001F1401A7F02221A772368EAB2597F5A772368C5F30722997F9A772368C5F30742D97F11
S3250001F160DA7723682D0E93F8202083F82050002207E02168531D51FA83F3197FFF211977B0
S3250001F1800132072AF5D92046FFF7C8FE23681A68C2F3C06112F0006F00D006211868C0F396
S3250001F1A08060084302E0012000E0012038BDF8B504460D4616461F4611F0070F18D10020F9
S3250001F1C06368A2681344AB4202D8E368AB4211D8E36822691344AB420ED9002E53D000289A
S3250001F1E052D123681B6813F0800F07D102204BE00120E5E70120F0E70120EEE72046FFF7E9
S3250001F20073FE23681A7F03221A772368EAB2597F5A772368C5F30722997F9A772368C5F3F4
S3250001F2200742D97FDA7723682D0E93F8202083F82050236893F8212083F82170002107E0EE
S3250001F2402268881D735C52FA80F0027F037701310729F5D92FB92368327A93F82A1083F863
S3250001F2602A202046FFF75AFE2268116813689B0E43EAD16313F0010F03D006231843C0B225
S3250001F28002E00023FAE70120F8BD70B50446164621F00705436882681344AB4202D8C368E5
S3250001F2A0AB422FD8E36822691344AB422CD923681B6813F0800F01D1022026E02046FFF73E
S3250001F2C013FE23681A7F05221A772368EAB2597F5A772368C5F30722997F9A772368C5F392
S3250001F2E00742D97FDA7723682D0E93F8202083F82050236893F8212083F821602046FFF7EA
S3250001F3000DFE02E0012000E0012070BD38B503681B6813F0800F01D1022038BD04460D46B7
S3250001F320FFF7E2FD23681A7F0D221A7723685A7F5D772046FFF7F2FD3DB123681B6813F487
S3250001F340006F02D140F00100C0B23DB923681B6813F4805F02D140F00100C0B2226811685E
S3250001F36013689B0E43EAD16313F0010F08D00623184340B21368C3F3C0331843C0B2CCE7FC
S3250001F3800023F5E72DE9F8430446894615469846037D73B103681A6812F4805F2AD11A68D1
S3250001F3A012F4804F28D19E6916F0FF0602D0012600E0012609EB0803B3F5805F1ED8B8F141
S3250001F3C0000F1FD0DEB923685A6812F0100F03D15A6842F010025A6009F1A0572046FFF742
S3250001F3E083FD19F0030F1CD118F0030219D14FEA980813E00126DDE70126DBE7012630464A
S3250001F400BDE8F8830126FAE755F8223047F8223023681B6813F4006FFAD001324245F3D3BF
S3250001F4201FE019F0010234D118F0010117D14FEA580809E035F8113027F8113023681B6865
S3250001F44013F4006FFAD001314145F3D309E0AB5CBB542168096811F4006FFAD001324245F6
S3250001F460F5D32268116813689B0E43EAD16313F0010F10D006231E4376B21168C1F38731AB
S3250001F4801368C3F3C7330B4303F001031E43F6B2B5E70022E3E70023EDE703681868C0F3CF
S3250001F4A00050704703681868C0F3C0207047037D23B103689B690B70002070470420704719
S3250001F4C0436801F00F0119774368D977DB7F704703E0002300F8013B01390029F9D17047BF
S3250001F4E04268136823F4403323F0C603136000210F2932D810B5446804EB4112002341F29B
S3250001F500080C42F80C3001F1800C4FEA4C1E04EB4C1C44F80E30ACF80430ACF8063041F283
S3250001F5200C04135141F21004135141F214041353012441F2160C22F80C4041F2180C42F883
S3250001F5400C3041F21C0C22F80C3041F21E03D4522144C9B20F29CED910BD70470023037460
S3250001F5604374037001234370022383700323C3700423037105234371062383710723C37120
S3250001F58008230372092343720A2383720B23C3720C2303730D2343730E2383730F23C37344
S3250001F5A0704738B5044615468168002303E00022CA540133DBB20F2BF9D940212068FFF720
S3250001F5C087FF2046FFF78CFF63682A7C8AB11A6842F004021A6063681B6813F0040F0DD096
S3250001F5E063686A7CE2B11A6842F010021A60002038BD1A6822F004021A60ECE700210F292B
S3250001F600EED86268685C52FA81F292F8003103F0F00300F00F00034382F800310131EEE738
S3250001F6201A6822F010021A60E1E738B504460D46036853F8213023B15A6812B1197B98685D
S3250001F640904729462046FFF73BFF38BD70B5436801F00F069E76036853F8215065B1044661
S3250001F660FFF72EFF63689E779B7F01232B736B6813B1297BA868984770BD10B404680A789B
S3250001F680A36823F48053120302F480521343A36004680A7AA36823F44073120202F44072B7
S3250001F6A01343A36003684A685A6104684A7AA36823F06003520102F060021343A3600468F5
S3250001F6C08A7AA36823F40063D20202F400621343A3600368CA681A615DF8044B704700237F
S3250001F6E0037041F2210242600372437283724FF0FF33C36070470268936843F0010393609F
S3250001F70003689B6813F0010FFAD170472A4B9B6813F4005F02D1294B294915E0264B294A6F
S3250001F720C3F880204FF400529A600022C3F88020254B264A9342EED0002243F8042BF8E77D
S3250001F74013F8012B01F8012B214A9342F8D1214B214903E013F8012B01F8012B1F4A9342EA
S3250001F760F8D11F4B02E0002203F8012B1D4A9342F9D11D4B1D4903E013F8012B01F8012B11
S3250001F7801B4A9342F8D11B4A1B4B9A4210D0002306E0194A52F82310164A42F823100133EE
S3250001F7A0164AB3EB920FF4D3124A154B9A607047114A134B9A60704700F00740EC7404006A
S3250001F7C00004FF1F5541524300EC0020D4EF0020D4850400D4850400E814FF1FD4850400B5
S3250001F7E00080FF1F6C8C0020D48504000080FF1FD48504000000FF1F008001000004000051
S3250001F80000ED00E05B4B40F2C7121A605A4BDA6A42F00102DA62DA6A22F00202DA6203F501
S3250001F8200233564AC3F88020554A5649C2F88010DB6813F0300F0FD002F58C32136923F061
S3250001F84003031361504BDB6813F0300FFAD14F4A536823F4706353604B4B1A6842F00C02F3
S3250001F8601A609A6842F004029A60474BDB6813F0040FFAD0444B9A6822F008029A605A68B5
S3250001F88022F0030242F002025A605A6822F00C025A605A6822F4FE4242F420525A605A6882
S3250001F8A022F480325A605A6822F0700242F020025A60A3F58C331A6C22F007021A641A6C6F
S3250001F8C022F070021A644FF0E0234BF680325A6100229A6105221A614FF0E0231B69B3F502
S3250001F8E0803FF9D34FF0E02304221A6100225A619A61254A936843F008039360224BDB6870
S3250001F90013F0080FFAD020490B6923F0F0030B611B4A136823F4706343F4807313601368CB
S3250001F92023F01F0343F0140313601848436823F4706343F4407343600B6923F0030343F08C
S3250001F94002030B610023C1F88030C2F880301049D1F8882042F47002C1F888204FF0804265
S3250001F960136253629362D362136353639363D363704700BF002008E000F00540E42386FA9A
S3250001F98000E00640656D435300F807400000024000ED00E003B2002B08DB00F01F005B094E
S3250001F9A0012202FA00F0024A42F82300704700BF00E100E010B50FFA80FE184BDB68C3F3A9
S3250001F9C00223C3F1070CBCF1040F28BF4FF0040C1C1D062C18D9033B4FF0FF3404FA0CFC2C
S3250001F9E021EA0C01994004FA03F322EA03031943BEF1000F0ADB0901C9B20EF1604E0EF5D5
S3250001FA00614E8EF8001310BD0023E5E700F00F000901C9B2024B1954F5E700BF00ED00E035
S3250001FA2014ED00E003689A6812F0020F09D0DB6813F0020F01D10020704703690B6001208D
S3250001FA407047002070470268936823F0020393600B784BB10268936843F002039360036827
S3250001FA60DB6813F0020FFAD00120704703689A6812F0040F09D0DB6813F0040F01D10020E0
S3250001FA80704783690B600120704700207047000003460068826822F004028260087848B392
S3250001FAA09A6916498A420BD915498A421CD315498A421CD314498A421ED84FF0030C01E0AD
S3250001FAC04FF0000C19680A6822F00C0242EA8C020A6019688A6842F004028A601A68D2684C
S3250001FAE012F0040FFAD070474FF0010CEAE74FF0020CE7E70120704700207047FF083D003E
S3250001FB0000127A0000366E01005A620203689A6812F0010F09D0DB6813F0010F01D100204F
S3250001FB20704743690B6001207047002070470268936823F0010393600B784BB102689368EE
S3250001FB4043F0010393600368DB6813F0010FFAD00120704703460068826822F00802826078
S3250001FB604A78012A17D0022A1DD00AB1002070471868426822F0030242F002024260CA68B4
S3250001FB80012A16D0022A5AD0042A5BD0082A60D14FF0030C0FE01868426822F0030242F08B
S3250001FBA001024260EBE71868426822F003024260E5E74FF0000C1868426822F00C0242EA57
S3250001FBC08C0242604A88501E80B27F2843D810B41C68802A39D0D2B2606820F4FE4012020D
S3250001FBE002F4FE42024362600A69501E072834D81C68082A2BD0D2B2606820F07000120115
S3250001FC0002F07002024362608A68501E012828D81C68C2B2606820F48030120402F48032A7
S3250001FC20024362600878F0B119688A6842F008028A601A68D26812F0080FFAD00EE04FF030
S3250001FC40010CB8E74FF0020CB5E70022C4E70022D2E7002070470020704700205DF8044BEE
S3250001FC6070470020FAE70120F8E710B403468068426822F0040242608A88012A0FD0022A24
S3250001FC8022D0042A22D0082A22D0102A22D0202A22D0402A01D0002009E0062400E000244D
S3250001FCA09868026922F007022243026101209C680A78636823F00403920002F00402134383
S3250001FCC063605DF8044B70470124E9E70224E7E70324E5E70424E3E70524E1E710B4034633
S3250001FCE08068426822F0080242608A88012A0FD0022A23D0042A23D0082A23D0102A23D0FF
S3250001FD00202A23D0402A01D000200AE0062400E000249868026922F0700242EA0412026198
S3250001FD2001209C680A78636823F00803D20002F00802134363605DF8044B70470124E8E7F6
S3250001FD400224E6E70324E4E70424E2E70524E0E783685A6812F0100F18D010B402689468F6
S3250001FD6014F0010F14D0D26812F0010F01D100200FE040691B6A03F0070301229A40402AC5
S3250001FD800AD820FA03F30B60012002E00020704700205DF8044B70470020FAE710B403469C
S3250001FDA08068426822F0100242608A88012A0FD0022A22D0042A22D0082A22D0102A22D03A
S3250001FDC0202A22D0402A01D0002009E0062400E000249868026A22F00702224302620120FD
S3250001FDE09C680A78636823F01003120102F01002134363605DF8044B70470124E9E70224DF
S3250001FE00E7E70324E5E70424E3E70524E1E783685A6812F0200F18D010B40268946814F043
S3250001FE20010F14D0D26812F0010F01D100200FE040691B6AC3F3021301229A40402A0AD858
S3250001FE4020FA03F30B60012002E00020704700205DF8044B70470020FAE710B403468068D5
S3250001FE60426822F0200242608A88012A0FD0022A23D0042A23D0082A23D0102A23D0202A03
S3250001FE8023D0402A01D000200AE0062400E000249868026A22F0700242EA0412026201203E
S3250001FEA09C680A78636823F02003520102F02002134363605DF8044B70470124E8E70224BF
S3250001FEC0E6E70324E4E70424E2E70524E0E710B403468068426822F0400242608A88012AA9
S3250001FEE00FD0022A22D0042A22D0082A22D0102A22D0202A22D0402A01D0002009E00624E4
S3250001FF0000E000249868026B22F007022243026301209C680A78636823F04003920102F037
S3250001FF204002134363605DF8044B70470124E9E70224E7E70324E5E70424E3E70524E1E745
S3250001FF4010B403468068426822F0800242608A88012A0FD0022A22D0042A22D0082A22D047
S3250001FF60102A22D0202A22D0402A01D000200AE0062400E000249868026B22F0700242EA82
S3250001FF800412026301209C680A78636823F08003D201D2B2134363605DF8044B70470124E7
S3250001FFA0E9E70224E7E70324E5E70424E3E70524E1E710B403468068426822F48072426057
S3250001FFC08A88012A0FD0022A22D0042A22D0082A22D0102A22D0202A22D0402A01D00020D9
S3250001FFE009E0062400E000249868026C22F007022243026401209C680A78636823F4807313
S32500020000120202F48072134363605DF8044B70470124E9E70224E7E70324E5E70424E3E79A
S325000200200524E1E710B403468068426822F4007242608A88012A0FD0022A23D0042A23D0A2
S32500020040082A23D0102A23D0202A23D0402A01D000200AE0062400E000249868026C22F016
S32500020060700242EA0412026401209C680A78636823F40073520202F40072134363605DF838
S32500020080044B70470124E8E70224E6E70324E4E70424E2E70524E0E74B78022B06D0A3B17E
S325000200A0032B14D0012B14D1032200E0002201680B6923F0030313430B610368DB68C3F3D2
S325000200C001139A42F9D1012070470122EFE70222EDE7002070478B885A1E92B20F2A01D9DC
S325000200E0002070470168013BDBB20A6922F0F0021B01DBB213430B61012070478B885A1EAA
S3250002010092B20F2A01D9002070478168013BDBB20A6822F470621B0203F4706313430B60F5
S32500020120012070478A88531E9BB2072B01D90020704710B48468013A236823F01F0302F08F
S325000201401F021A432260C2680978136923F001030B43136101205DF8044B704710B403460E
S325000201608068426822F0010242608A88501E80B2072814D89C68013A206820F0E040120751
S3250002018002F0E0420243226001209A680978536823F001030B4353605DF8044B704700208A
S325000201A0F3E710B403468068426822F0020242604A78162A00F2C580DFE812F0340041008F
S325000201C04E005B00C3008D00C3009D00C3008200C3009500C300680075001700C300C300E4
S325000201E0C300B500AD00A500BD009868826822F0700282609868826822F0070282608A8827
S32500020200501E80B2072800F29E809C68013AD2B2A06820F4E060120202F4E0620243A26045
S32500020220012091E09868826822F0700282609868826822F0070242F001028260DFE79868F2
S32500020240826822F0700282609868826822F0070242F002028260D2E79868826822F0700202
S3250002026082609868826822F0070242F003028260C5E79868826822F0700282609868826890
S3250002028022F0070242F004028260B8E79868826822F0700282609868826822F0070242F0FB
S325000202A005028260ABE79868826822F0700282609868826822F0070242F0060282609EE7C5
S325000202C09868826822F0700282609868826842F00702826093E79868826822F0700242F0A5
S325000202E0100282608BE79868826822F0700242F02002826083E79868826822F0700242F0E2
S32500020300300282607BE79868826822F0700242F04002826073E79868826822F0700242F0A1
S32500020320500282606BE79868826822F0700242F06002826063E79868826842F07002826091
S325000203405DE7002000E000209C680A78636823F00203520002F00202134363605DF8044BC3
S325000203607047C3690B600120704743685B6813F0080F01D1002070474FF47A730B60012062
S32500020380704740680A78436823F00803D20002F00802134343600120704743685B6813F09B
S325000203A0100F01D1002070474FF4FA430B600120704740680A78436823F01003120102F0AA
S325000203C0100213434360012070474FF4FA330B600120704743685A6812F0020F16D01A6897
S325000203E012F0100F0AD15B6813F0100F01D1002070474FF4FA430B60012070471B6813F022
S32500020400100F05D0C3690B6001207047002070470020704710B403464068426822F002024E
S3250002042042604A78142A0FD0122A14D000205C680A78636823F00203520002F0020213432C
S3250002044063605DF8044B70475868026822F0100202600120EBE75868026842F01002026003
S325000204600120E4E74B780E2B03D0152B08D0002070474268136823F4805313600120704770
S325000204804268136843F4805313600120704710B403464068426822F0400242604A78053A84
S325000204A0102A35D8DFE802F0103422340934193434343434343434342B005868026822F405
S325000204C060420260012024E05868026822F4604242F40052026001201BE05868026822F4C3
S325000204E0604242F480420260012012E05868026822F4604242F4C0420260012009E058689F
S32500020500026822F4604242F400420260012000E000205C680A78636823F04003920102F0CA
S325000205204002134363605DF8044B704730B402464068436823F0040343604B78053B102B83
S325000205404ED8DFE803F0104D224D094D194D4D4D4D4D4D46343D2B005068036823F4E0238B
S32500020560036001203DE05068036823F4E02343F480330360012034E05068036823F4E023D6
S3250002058043F40033036001202BE05068036823F4E02343F440330360012022E050680368CA
S325000205A023F4E02343F480230360012019E05068036823F4E02343F4A0230360012010E017
S325000205C05068036823F4E02343F4C0230360012007E05068036843F4E0230360012000E090
S325000205E000208B8803F1FF3C1FFA8CFCBCF1070F16D85568013BDBB22C6824F4E0041B0509
S3250002060003F4E00323432B6054680A78636823F00403920002F004021343636030BC70479E
S325000206200020F1E703464068426822F0010242604A78162A0AD0132A0FD000205A6809780D
S32500020640536823F001030B43536070475868026822F0200202600120F0E75868026842F0F4
S32500020660200202600120E9E74B780E2B03D0152B07D0002070474268136823F080731360A2
S32500020680F7E74268136843F080731360F1E74B780E2B03D0152B07D00020704742681368FC
S325000206A023F000731360F7E74268136843F000731360F1E74B780E2B03D0152B07D000203F
S325000206C070474268136823F080631360F7E74268136843F080631360F1E74B780E2B03D09A
S325000206E0152B07D0002070474268136823F000631360F7E74268136843F000631360F1E712
S325000207004B780E2B03D0152B07D0002070474268136823F080531360F7E74268136843F060
S3250002072080531360F1E740680A78436823F48073120202F48072134343600120704740683F
S325000207400A78436823F40073520202F40072134343600120704740680A78436823F480637E
S32500020760920202F48062134343600120704740680A78436823F40063D20202F40062134363
S3250002078043600120704740680A78436823F48053120302F48052134343600120704710B4A5
S325000207A003464068426822F0200242604A780E2A0FD0192A14D000205C680A78636823F07C
S325000207C02003520102F02002134363605DF8044B70475868026822F4000202600120EBE77C
S325000207E05868026842F4000202600120E4E7C0680A78036923F00203520002F00202134375
S32500020800036101207047C0680A78036923F00403920002F004021343036101207047C06820
S325000208200A78036923F00803D20002F008021343036101207047C0680A78036923F02003F8
S32500020840520102F020021343036101207047C0680A78036923F08053120702F08052134368
S32500020860036101207047C0680A78036923F00053520702F000521343036101207047C06861
S325000208800A78436923F00403920002F004021343436101207047C0680A78436923F0080338
S325000208A0D20002F008021343436101207047C0680A78436923F01003120102F010021343A7
S325000208C0436101207047C0680A78436923F02003520102F0200213434361012070470020AF
S325000208E07047002070470020704700207047C0680A78036923F01003120102F0100213430B
S32500020900036101207047C0680A78036923F48073120202F480721343036101207047C068BD
S325000209200A78036923F40043D20392B21343036101207047C0680A78036923F480331204C6
S3250002094002F480321343036101207047C0680A78436923F48063920202F48062134343619F
S3250002096001207047C0680A78436923F40063D20202F400621343436101207047C0680A781F
S32500020980436923F48053120302F480521343436101207047C0680A78436923F400535203F5
S325000209A002F400521343436101207047C0680A78436923F48043920302F48042134343619E
S325000209C001207047C0680A78036923F08043920702F080421343036101207047C0680A78C2
S325000209E0436923F08063920602F080621343436101207047C0680A78436923F0807312069B
S32500020A0002F080721343436101207047C0680A78436923F00063D20602F000621343436126
S32500020A2001207047C0680A78436923F00073520602F00072134343610120704710B403465F
S32500020A40C068026922F0007202614A78092A09D0052A1CD00B2A1CD0072A01D0002009E0FF
S32500020A60032400E00024D868026822F00302224302600120DC680A78236923F0007352066A
S32500020A8002F00072134323615DF8044B70470124E9E70224E7E710B40346C068026922F416
S32500020AA0003202614A78092A09D0052A1DD00B2A1DD0072A01D000200AE0032400E0002456
S32500020AC0D868026822F4401242EA045202600120DC680A78236923F40033520402F40032DD
S32500020AE0134323615DF8044B70470124E8E70224E6E710B40346C068026922F48022026117
S32500020B004A78092A09D0052A1DD00B2A1DD0072A01D000200AE0032400E00024D8680268E0
S32500020B2022F4400242EA845202600120DC680A78236923F48023920402F4802213432361BC
S32500020B405DF8044B70470124E8E70224E6E710B40346C068026922F4002202614A78092A1B
S32500020B6009D0052A1DD00B2A1DD0072A01D000200AE0032400E00024D868026822F04072B1
S32500020B8042EA046202600120DC680A78236923F40023D20402F40022134323615DF8044B40
S32500020BA070470124E8E70224E6E710B40346C068026922F4801202614A78092A09D0052AE7
S32500020BC01DD00B2A1DD0072A01D000200AE0032400E00024D868026822F0406242EA846257
S32500020BE002600120DC680A78236923F48013120502F48012134323615DF8044B7047012475
S32500020C00E8E70224E6E710B40346C068026922F4001202614A78092A09D0052A1DD00B2AC0
S32500020C201DD0072A01D000200AE0032400E00024D868026822F4407242EA04220260012041
S32500020C40DC680A78236923F40013520502F40012134323615DF8044B70470124E8E7022462
S32500020C60E6E710B40346C068026922F4800202614A78092A09D0052A1DD00B2A1DD0072AC7
S32500020C8001D000200AE0032400E00024D868026822F4406242EA842202600120DC680A78C9
S32500020CA0236923F48003920502F48002134323615DF8044B70470124E8E70224E6E710B417
S32500020CC00346C068026922F4000202614A78092A09D0052A1DD00B2A1DD0072A01D0002087
S32500020CE00AE0032400E00024D868026822F4405242EA043202600120DC680A78236923F437
S32500020D000003D20502F40002134323615DF8044B70470124E8E70224E6E710B40346C068A8
S32500020D20026922F0807202614A78092A09D0052A1DD00B2A1DD0072A01D000200AE003249A
S32500020D4000E00024D868026822F4404242EA843202600120DC680A78236923F08073120670
S32500020D6002F08072134323615DF8044B70470124E8E70224E6E710B40346C068026922F0B9
S32500020D80806202614A78022A08D05AB3032A2BD0012A01D0002018E0032400E00024D8688C
S32500020DA0026822F0300242EA041202608A88901E80B23E281AD8DC68013A606820F03F00F9
S32500020DC002F03F02024362600120DC680A78236923F08063920602F08062134323615DF8CD
S32500020DE0044B70470124DAE70224D8E70020ECE700207047C0680A78036923F00063D206EC
S32500020E0002F00062134303610120704710B40346C068026922F4005202614A78022A08D0B3
S32500020E2052B3032A2AD0012A01D0002017E0032400E00024D868826822F0030222438260B8
S32500020E408A88C2F34702072A1AD8DC68A06820F4E060120202F4E0620243A2600120DC68BF
S32500020E600A78236923F40053520302F40052134323615DF8044B70470124DBE70224D9E753
S32500020E800020ECE710B40346C068026922F4804202614A78022A08D05AB3032A2BD0012A56
S32500020EA001D0002018E0032400E00024D868826822F0180242EAC40282608A88C2F34702DC
S32500020EC0072A1AD8DC68A06820F4E040120302F4E0420243A2600120DC680A78236923F469
S32500020EE08043920302F48042134323615DF8044B70470124DAE70224D8E70020ECE7036A7A
S32500020F000B6001207047436A0B6001207047836A0B600120704710B40246C068436923F073
S32500020F20040343614B780A2B0AD8042B4BD3043B062B56D8DFE803F02C553E5523553500BE
S32500020F404E2B13D04F2B08D1D068C36823F0070343F00203C360012036E04D2B43D1D06804
S32500020F60C36823F00703C36001202DE0D068C36823F0070343F00103C360012024E0D06899
S32500020F80C36823F0070343F00303C36001201BE0D068C36823F0070343F00403C36001208B
S32500020FA012E0D068C36823F0070343F00503C360012009E0D068C36823F0070343F0060393
S32500020FC0C360012000E00020D4680A78636923F00403920002F00402134363615DF8044BD9
S32500020FE070470020F0E70020EEE710B40246C068436923F0080343614B780A2B0AD8042B9B
S325000210004BD3043B062B56D8DFE803F02C553E55235535004E2B13D04F2B08D1D068C3687F
S3250002102023F0700343F02003C360012036E04D2B43D1D068C36823F07003C36001202DE0AC
S32500021040D068C36823F0700343F01003C360012024E0D068C36823F0700343F03003C3609F
S3250002106001201BE0D068C36823F0700343F04003C360012012E0D068C36823F0700343F09B
S325000210805003C360012009E0D068C36823F0700343F06003C360012000E00020D4680A7847
S325000210A0636923F00803D20002F00802134363615DF8044B70470020F0E70020EEE710B44B
S325000210C00246C068436923F0100343614B780A2B0AD8042B4BD3043B062B56D8DFE803F0A3
S325000210E02C553E55235535004E2B13D04F2B08D1D068C36823F4E06343F40073C3600120CD
S3250002110036E04D2B43D1D068C36823F4E063C36001202DE0D068C36823F4E06343F4807330
S32500021120C360012024E0D068C36823F4E06343F44073C36001201BE0D068C36823F4E063BC
S3250002114043F48063C360012012E0D068C36823F4E06343F4A063C360012009E0D068C368B0
S3250002116023F4E06343F4C063C360012000E00020D4680A78636923F01003120102F01002A8
S32500021180134363615DF8044B70470020F0E70020EEE710B40246C068436923F0200343612C
S325000211A04B780A2B0AD8042B4BD3043B062B56D8DFE803F02C553E55235535004E2B13D08B
S325000211C04F2B08D1D068C36823F4E04343F40053C360012036E04D2B43D1D068C36823F42D
S325000211E0E043C36001202DE0D068C36823F4E04343F48053C360012024E0D068C36823F40A
S32500021200E04343F44053C36001201BE0D068C36823F4E04343F48043C360012012E0D06895
S32500021220C36823F4E04343F4A043C360012009E0D068C36823F4E04343F4C043C3600120DF
S3250002124000E00020D4680A78636923F02003520102F02002134363615DF8044B70470020CA
S32500021260F0E70020EEE700207047002070470020704700207047C3681A6912F0400F26D049
S325000212801B68C3F38113012B09D0022B13D00BB1002070474FF4FA330B6001207047436873
S325000212A05B6813F0100F01D1002070474FF4FA430B600120704743685B6813F0080F01D17B
S325000212C0002070474FF47A730B60012070470020704710B40346C068026922F0400202618E
S325000212E04A78142A18D0152A0FD0132A1DD00020DC680A78236923F04003920102F0400227
S32500021300134323615DF8044B7047D868026822F0C00202600120EBE7D868026822F0C0023F
S3250002132042F0400202600120E2E7D868026822F0C00242F0800202600120D9E7C3685B6981
S3250002134013F0806F01D10020704703689A6812F0040F09D0DB6813F0040F01D1002070478D
S3250002136083690B600120704700207047C3685B6913F0006F01D10020704703689A6812F0E6
S32500021380020F09D0DB6813F0020F01D10020704703690B600120704700207047C3685B69E6
S325000213A013F0807F01D10020704703689A6812F0020F09D0DB6813F0020F01D10020704721
S325000213C003690B60012070470020704703468268526812F0040F01D1002070470268906872
S325000213E010F0040F09D0D26812F0040F02D10022104604E09A69012001E00022104670B1DD
S325000214009B681B6903F007034FF0010C0CFA03FCBCF1400F02D8DA400A6070470020704707
S3250002142003468268526812F0080F01D1002070470268906810F0040F09D0D26812F0040F58
S3250002144002D10022104604E09A69012001E00022104670B19B681B69C3F302134FF0010C19
S325000214600CFA03FCBCF1400F02D8DA400A6070470020704743685A6812F0010F31D01A6875
S3250002148012F0200F09D01A6812F0200F2BD05B6813F0080F20D1002070475A6812F0020F12
S325000214A016D01A6812F0100F0AD15B6813F0100F01D1002070474FF4FA430B60012070476F
S325000214C01B6813F0100F05D0C3690B600120704700207047002070474FF47A730B600120B1
S325000214E07047002070470020704703468268526812F0400F01D1002070470268906810F036
S32500021500020F09D0D26812F0020F02D10022104604E01A69012001E00022104670B19B683C
S325000215201B6B03F007034FF0010C0CFA03FCBCF1400F02D8DA400A6070470020704703469E
S325000215408268526812F0800F01D1002070470268906810F0020F09D0D26812F0020F02D139
S325000215600022104604E01A69012001E00022104670B19B681B6BC3F302134FF0010C0CFA43
S3250002158003FCBCF1400F02D8DA400A6070470020704703460268906810F0080F6CD0D06826
S325000215A010F0080F6AD070B4506800F0030001283DD0022848D010B1002070BC70479068CF
S325000215C010F0020F08D0D26812F0020F01D1002003E01C69012000E000200028EDD01D68E8
S325000215E06B68C3F38103022B42D0032B42D0012B3CD001226E68C6F3062316F4FE4F00D11C
S3250002160080236E68C6F3021C16F0700F01D14FF0080C6D68C5F3004504FB03F305FB0333CB
S325000216200CFB02F25200B3FBF2F30B60C5E7906810F0010F18D0D26812F0010F01D100207D
S32500021640CBE75C690120C8E71A68906810F0040F08D0D26812F0040F01D10020BDE79C69EC
S325000216600120BAE70020B8E70020B6E70222C1E70422BFE70822BDE7002070470020704710
S3250002168030B583B00023019383685B6813F4807F02D1002003B030BD04460D4601A9FFF7EF
S325000216A078FF0028F6D0A3681B6C03F0070301229A40402A04D8019A22FA03F32B60E9E7E3
S325000216C00020E7E730B583B00023019383685B6813F4007F02D1002003B030BD04460D46E1
S325000216E001A9FFF756FF0028F6D0A3681B6CC3F3021301229A40402A04D8019A22FA03F3B2
S325000217002B60E9E70020E7E708B50268D368C3F30113032B36D8DFE803F00213242703688B
S325000217209A6812F0020F09D0DB6813F0020F01D1002018E003690B60012014E0002012E074
S3250002174003689A6812F0040F09D0DB6813F0040F01D1002007E083690B60012003E0002079
S3250002176001E0FFF716FF08BD936813F0010F0BD0D36813F0010F01D10020F4E743690B6095
S325000217800120F0E70020EEE70020ECE7C3681A6912F0806F55D030B583B004460D460022C6
S325000217A001921B68C3F30113032B44D8DFE803F00213243403689A6812F0020F09D0DB6834
S325000217C013F0020F01D1002019E003690193012015E0002013E003689A6812F0040F09D07E
S325000217E0DB6813F0040F01D1002008E083690193012004E0002002E001A9FFF7CAFEE36874
S325000218005B6803F03F030133012B18D9019AB2FBF3F32B6003B030BD03689A6812F0010F9F
S325000218200BD0DB6813F0010F01D10020E7E7436901930120E3E70020E1E70020DFE7022391
S32500021840E4E700207047C3681A6912F4005F56D030B583B004460D46002201929B6803F045
S325000218600303032B45D8DFE803F00213243503689A6812F0020F09D0DB6813F0020F01D165
S32500021880002019E003690193012015E0002013E003689A6812F0040F09D0DB6813F0040F4A
S325000218A001D1002008E083690193012004E0002002E001A9FFF76DFEE3689A68C2F302238D
S325000218C012F4E06F19D05A00019BB3FBF2F32B6003B030BD03689A6812F0010F0BD0DB6871
S325000218E013F0010F01D10020E6E7436901930120E2E70020E0E70020DEE70122E4E700200A
S325000219007047C3681A6912F4804F56D030B583B004460D46002201929B68C3F3C103032B4A
S3250002192045D8DFE803F00213243503689A6812F0020F09D0DB6813F0020F01D1002019E0BF
S3250002194003690193012015E0002013E003689A6812F0040F09D0DB6813F0040F01D10020B0
S3250002196008E083690193012004E0002002E001A9FFF70FFEE3689A68C2F3023312F4E04FD7
S3250002198019D05A00019BB3FBF2F32B6003B030BD03689A6812F0010F0BD0DB6813F0010FF2
S325000219A001D10020E6E7436901930120E2E70020E0E70020DEE70122E4E70020704730B5C0
S325000219C083B004460D460268D368C3F30113032B42D8DFE803F00213243303689A6812F0E3
S325000219E0020F09D0DB6813F0020F01D1002019E003690193012015E0002013E003689A681D
S32500021A0012F0040F09D0DB6813F0040F01D1002008E083690193012004E0002002E001A96C
S32500021A20FFF7B7FD40B123681B69C3F303130133019AB2FBF3F32B6003B030BD936813F09D
S32500021A40010F0BD0D36813F0010F01D10020E9E7436901930120E5E70020E3E70020E1E784
S32500021A6070B582B004460E460268D368C3F30113032B4AD8DFE803F00213243B03689A680F
S32500021A8012F0020F09D0DB6813F0020F01D1002019E003690193012015E0002013E003687C
S32500021AA09A6812F0040F09D0DB6813F0040F01D1002008E083690193012004E0002002E074
S32500021AC001A9FFF766FD38B123681D69C5F303156B1C019DB5FBF3F538B1A3681B68C3F347
S32500021AE003230133B5FBF3F3336002B070BD936813F0010F0BD0D36813F0010F01D1002053
S32500021B00E1E7436901930120DDE70020DBE70020D9E770B582B004460D460268D368C3F3BF
S32500021B200113032B4ED8DFE803F00213243F03689A6812F0020F09D0DB6813F0020F01D181
S32500021B40002019E003690193012015E0002013E003689A6812F0040F09D0DB6813F0040F87
S32500021B6001D1002008E083690193012004E0002002E001A9FFF70DFD38B123681B69C3F3A4
S32500021B8003130133019EB6FBF3F658B1A3685A6812F0010F1AD01B68C3F302730133B6FB55
S32500021BA0F3F32B6002B070BD936813F0010F0BD0D36813F0010F01D10020DDE743690193A0
S32500021BC00120D9E70020D7E70020D5E70020E9E770B582B004460D460268D368C3F301130F
S32500021BE0032B4FD8DFE803F00213244003689A6812F0020F09D0DB6813F0020F01D10020B3
S32500021C0019E003690193012015E0002013E003689A6812F0040F09D0DB6813F0040F01D114
S32500021C20002008E083690193012004E0002002E001A9FFF7AEFC38B123681B69C3F30313FF
S32500021C400133019EB6FBF3F660B1E3681B6913F0010F1BD0A3681B6803F01F030133B6FBA9
S32500021C60F3F32B6002B070BD936813F0010F0BD0D36813F0010F01D10020DCE743690193E0
S32500021C800120D8E70020D6E70020D4E70020E9E7C3681B6913F0020F01D10020704730B563
S32500021CA083B004460D460268D368C3F30113032B42D8DFE803F00213243303689A6812F000
S32500021CC0020F09D0DB6813F0020F01D1002019E003690193012015E0002013E003689A683A
S32500021CE012F0040F09D0DB6813F0040F01D1002008E083690193012004E0002002E001A98A
S32500021D00FFF747FC40B123681B69C3F303130133019AB2FBF3F32B6003B030BD936813F02B
S32500021D20010F0BD0D36813F0010F01D10020E9E7436901930120E5E70020E3E70020E1E7A1
S32500021D40C3685B6913F0200F01D10020704730B583B004460D460268D368C3F30113032B5F
S32500021D6042D8DFE803F00213243303689A6812F0020F09D0DB6813F0020F01D1002019E080
S32500021D8003690193012015E0002013E003689A6812F0040F09D0DB6813F0040F01D100206C
S32500021DA008E083690193012004E0002002E001A9FFF7EFFB40B123681B69C3F30313013322
S32500021DC0019AB2FBF3F32B6003B030BD936813F0010F0BD0D36813F0010F01D10020E9E7A9
S32500021DE0436901930120E5E70020E3E70020E1E7C3685B6913F0040F01D10020704730B549
S32500021E0083B004460D460268D368C3F30113032B42D8DFE803F00213243303689A6812F09E
S32500021E20020F09D0DB6813F0020F01D1002019E003690193012015E0002013E003689A68D8
S32500021E4012F0040F09D0DB6813F0040F01D1002008E083690193012004E0002002E001A928
S32500021E60FFF797FB40B123681B69C3F303130133019AB2FBF3F32B6003B030BD936813F07B
S32500021E80010F0BD0D36813F0010F01D10020E9E7436901930120E5E70020E3E70020E1E740
S32500021EA0C3681B6913F0080F01D10020704730B583B004460D460268D368C3F30113032B56
S32500021EC042D8DFE803F00213243303689A6812F0020F09D0DB6813F0020F01D1002019E01F
S32500021EE003690193012015E0002013E003689A6812F0040F09D0DB6813F0040F01D100200B
S32500021F0008E083690193012004E0002002E001A9FFF73FFB40B123681B69C3F30313013370
S32500021F20019AB2FBF3F32B6003B030BD936813F0010F0BD0D36813F0010F01D10020E9E747
S32500021F40436901930120E5E70020E3E70020E1E7C3685B6913F0100F01D10020704730B5DB
S32500021F6083B004460D460268D368C3F30113032B42D8DFE803F00213243303689A6812F03D
S32500021F80020F09D0DB6813F0020F01D1002019E003690193012015E0002013E003689A6877
S32500021FA012F0040F09D0DB6813F0040F01D1002008E083690193012004E0002002E001A9C7
S32500021FC0FFF7E7FA40B123681B69C3F303130133019AB2FBF3F32B6003B030BD936813F0CB
S32500021FE0010F0BD0D36813F0010F01D10020E9E7436901930120E5E70020E3E70020E1E7DF
S32500022000C3681B6913F0200F01D10020704730B583B004460D460268D368C3F30113032BDC
S3250002202042D8DFE803F00213243303689A6812F0020F09D0DB6813F0020F01D1002019E0BD
S3250002204003690193012015E0002013E003689A6812F0040F09D0DB6813F0040F01D10020A9
S3250002206008E083690193012004E0002002E001A9FFF78FFA40B123681B69C3F303130133C0
S32500022080019AB2FBF3F32B6003B030BD936813F0010F0BD0D36813F0010F01D10020E9E7E6
S325000220A0436901930120E5E70020E3E70020E1E7C3681B6913F0005F01D10020704730B57A
S325000220C083B004460D460268D368C3F30113032B42D8DFE803F00213243303689A6812F0DC
S325000220E0020F09D0DB6813F0020F01D1002019E003690193012015E0002013E003689A6816
S3250002210012F0040F09D0DB6813F0040F01D1002008E083690193012004E0002002E001A965
S32500022120FFF737FA40B123681B69C3F303130133019AB2FBF3F32B6003B030BD936813F019
S32500022140010F0BD0D36813F0010F01D10020E9E7436901930120E5E70020E3E70020E1E77D
S32500022160C3685B6913F0080F01D10020704730B583B004460D460268D368C3F30113032B53
S3250002218042D8DFE803F00213243303689A6812F0020F09D0DB6813F0020F01D1002019E05C
S325000221A003690193012015E0002013E003689A6812F0040F09D0DB6813F0040F01D1002048
S325000221C008E083690193012004E0002002E001A9FFF7DFF940B123681B69C3F30313013310
S325000221E0019AB2FBF3F32B6003B030BD936813F0010F0BD0D36813F0010F01D10020E9E785
S32500022200436901930120E5E70020E3E70020E1E7C3681B6913F0040F01D10020704730B564
S3250002222083B004460D460268D368C3F30113032B42D8DFE803F00213243303689A6812F07A
S32500022240020F09D0DB6813F0020F01D1002019E003690193012015E0002013E003689A68B4
S3250002226012F0040F09D0DB6813F0040F01D1002008E083690193012004E0002002E001A904
S32500022280FFF787F940B123681B69C3F303130133019AB2FBF3F32B6003B030BD936813F069
S325000222A0010F0BD0D36813F0010F01D10020E9E7436901930120E5E70020E3E70020E1E71C
S325000222C0C3681B6913F0805F01D10020704730B583B004460D460268D368C3F30113032B6A
S325000222E042D8DFE803F00213243303689A6812F0020F09D0DB6813F0020F01D1002019E0FB
S3250002230003690193012015E0002013E003689A6812F0040F09D0DB6813F0040F01D10020E6
S3250002232008E083690193012004E0002002E001A9FFF72FF940B123681B69C3F3031301335E
S32500022340019AB2FBF3F32B6003B030BD936813F0010F0BD0D36813F0010F01D10020E9E723
S32500022360436901930120E5E70020E3E70020E1E7C3685B6913F4005F01D10020704770B533
S3250002238082B004460D460268D368C3F30113032B4AD8DFE803F00213243B03689A6812F00A
S325000223A0020F09D0DB6813F0020F01D1002019E003690193012015E0002013E003689A6853
S325000223C012F0040F09D0DB6813F0040F01D1002008E083690193012004E0002002E001A9A3
S325000223E0FFF7D7F838B123681E69C6F30316731C019EB6FBF3F638B1A3681B68C3F3032328
S325000224000133B6FBF3F32B6002B070BD936813F0010F0BD0D36813F0010F01D10020E1E78E
S32500022420436901930120DDE70020DBE70020D9E7C3685B6913F4804F01D10020704770B51A
S3250002244082B004460D460268D368C3F30113032B4AD8DFE803F00213243B03689A6812F049
S32500022460020F09D0DB6813F0020F01D1002019E003690193012015E0002013E003689A6892
S3250002248012F0040F09D0DB6813F0040F01D1002008E083690193012004E0002002E001A9E2
S325000224A0FFF777F838B123681E69C6F30316731C019EB6FBF3F638B1A3681B68C3F30323C7
S325000224C00133B6FBF3F32B6002B070BD936813F0010F0BD0D36813F0010F01D10020E1E7CE
S325000224E0436901930120DDE70020DBE70020D9E7C3685B6913F4806F01D10020704770B53A
S3250002250082B004460D460268D368C3F30113032B4AD8DFE803F00213243B03689A6812F088
S32500022520020F09D0DB6813F0020F01D1002019E003690193012015E0002013E003689A68D1
S3250002254012F0040F09D0DB6813F0040F01D1002008E083690193012004E0002002E001A921
S32500022560FFF717F838B123681E69C6F30316731C019EB6FBF3F638B1A3681B68C3F3032366
S325000225800133B6FBF3F32B6002B070BD936813F0010F0BD0D36813F0010F01D10020E1E70D
S325000225A0436901930120DDE70020DBE70020D9E7C3681B6913F0804F01D10020704770B5DD
S325000225C082B004460D460268D368C3F30113032B4AD8DFE803F00213243B03689A6812F0C8
S325000225E0020F09D0DB6813F0020F01D1002019E003690193012015E0002013E003689A6811
S3250002260012F0040F09D0DB6813F0040F01D1002008E083690193012004E0002002E001A960
S32500022620FEF7B7FF38B123681E69C6F30316731C019EB6FBF3F638B1A3681B68C3F30323FF
S325000226400133B6FBF3F32B6002B070BD936813F0010F0BD0D36813F0010F01D10020E1E74C
S32500022660436901930120DDE70020DBE70020D9E7C3681B6913F4803F01D10020704770B528
S3250002268082B004460D460268D368C3F30113032B4AD8DFE803F00213243B03689A6812F007
S325000226A0020F09D0DB6813F0020F01D1002019E003690193012015E0002013E003689A6850
S325000226C012F0040F09D0DB6813F0040F01D1002008E083690193012004E0002002E001A9A0
S325000226E0FEF757FF38B123681E69C6F30316731C019EB6FBF3F638B1A3681B68C3F303239F
S325000227000133B6FBF3F32B6002B070BD936813F0010F0BD0D36813F0010F01D10020E1E78B
S32500022720436901930120DDE70020DBE70020D9E7C3681B6913F4807F01D10020704770B527
S3250002274082B004460D460268D368C3F30113032B4AD8DFE803F00213243B03689A6812F046
S32500022760020F09D0DB6813F0020F01D1002019E003690193012015E0002013E003689A688F
S3250002278012F0040F09D0DB6813F0040F01D1002008E083690193012004E0002002E001A9DF
S325000227A0FEF7F7FE38B123681E69C6F30316731C019EB6FBF3F638B1A3681B68C3F303233F
S325000227C00133B6FBF3F32B6002B070BD936813F0010F0BD0D36813F0010F01D10020E1E7CB
S325000227E0436901930120DDE70020DBE70020D9E7C3685B6913F4805F01D10020704770B547
S3250002280082B004460D460268D368C3F30113032B4AD8DFE803F00213243B03689A6812F085
S32500022820020F09D0DB6813F0020F01D1002019E003690193012015E0002013E003689A68CE
S3250002284012F0040F09D0DB6813F0040F01D1002008E083690193012004E0002002E001A91E
S32500022860FEF797FE38B123681E69C6F30316731C019EB6FBF3F638B1A3681B68C3F30323DE
S325000228800133B6FBF3F32B6002B070BD936813F0010F0BD0D36813F0010F01D10020E1E70A
S325000228A0436901930120DDE70020DBE70020D9E7C3685B6913F4006F01D10020704770B5F6
S325000228C082B004460D460268D368C3F30113032B4AD8DFE803F00213243B03689A6812F0C5
S325000228E0020F09D0DB6813F0020F01D1002019E003690193012015E0002013E003689A680E
S3250002290012F0040F09D0DB6813F0040F01D1002008E083690193012004E0002002E001A95D
S32500022920FEF737FE38B123681E69C6F30316731C019EB6FBF3F638B1A3681B68C3F303237D
S325000229400133B6FBF3F32B6002B070BD936813F0010F0BD0D36813F0010F01D10020E1E749
S32500022960436901930120DDE70020DBE70020D9E7C3681B6913F4004F01D10020704770B595
S3250002298082B004460D460268D368C3F30113032B4AD8DFE803F00213243B03689A6812F004
S325000229A0020F09D0DB6813F0020F01D1002019E003690193012015E0002013E003689A684D
S325000229C012F0040F09D0DB6813F0040F01D1002008E083690193012004E0002002E001A99D
S325000229E0FEF7D7FD38B123681E69C6F30316731C019EB6FBF3F638B1A3681B68C3F303231E
S32500022A000133B6FBF3F32B6002B070BD936813F0010F0BD0D36813F0010F01D10020E1E788
S32500022A20436901930120DDE70020DBE70020D9E7C3681B6913F0100F01D10020704770B508
S32500022A4082B004460D460268D368C3F30113032B4AD8DFE803F00213243B03689A6812F043
S32500022A60020F09D0DB6813F0020F01D1002019E003690193012015E0002013E003689A688C
S32500022A8012F0040F09D0DB6813F0040F01D1002008E083690193012004E0002002E001A9DC
S32500022AA0FEF777FD38B123681E69C6F30316731C019EB6FBF3F638B1A3681B68C3F30323BD
S32500022AC00133B6FBF3F32B6002B070BD936813F0010F0BD0D36813F0010F01D10020E1E7C8
S32500022AE0436901930120DDE70020DBE70020D9E7C3685A6912F0040F00F0AB8030B583B0B1
S32500022B0004460D46DB6803F00703072B00F2A380DFE803F004090D11385F7C7C036A0B603D
S32500022B20012003B030BD436A0B600120F9E7836A0B600120F5E783685B6813F0400F01D18C
S32500022B400020EEE703689A6812F0020F09D0DB6813F0020F02D10023184604E00369012003
S32500022B6001E0002318460028DBD0A268126B02F0070201219140402902D8D3402B60D0E70B
S32500022B800020CEE783685B6813F0040F01D10020C7E703689A6812F0040F09D0DB6813F053
S32500022BA0040F02D10023184604E08369012001E0002318460028B4D0A268126902F0070227
S32500022BC001219140402902D8D3402B60A9E70020A7E70023019383685B6813F4807F01D19E
S32500022BE000209EE701A9FEF7D4FC002899D0A3681B6C03F0070301229A40402A04D8019ABB
S32500022C0022FA03F32B608CE700208AE783685A6812F0100F17D00268916811F0010F14D0FE
S32500022C20D26812F0010F01D100207AE741691B6A03F0070301229A40402A08D821FA03F369
S32500022C402B6001206DE700206BE7002069E7002067E700207047002063E7C3685A6912F0EB
S32500022C60100F00F0AB8030B583B004460D46DB68C3F30223072B00F2A380DFE803F0040931
S32500022C800D11385F7C7C036A0B60012003B030BD436A0B600120F9E7836A0B600120F5E778
S32500022CA083685B6813F0400F01D10020EEE703689A6812F0020F09D0DB6813F0020F02D1C2
S32500022CC00023184604E00369012001E0002318460028DBD0A268126B02F007020121914050
S32500022CE0402902D8D3402B60D0E70020CEE783685B6813F0040F01D10020C7E703689A688E
S32500022D0012F0040F09D0DB6813F0040F02D10023184604E08369012001E000231846002895
S32500022D20B4D0A268126902F0070201219140402902D8D3402B60A9E70020A7E700230193BE
S32500022D4083685B6813F4807F01D100209EE701A9FEF71FFC002899D0A3681B6C03F0070366
S32500022D6001229A40402A04D8019A22FA03F32B608CE700208AE783685A6812F0100F17D017
S32500022D800268916811F0010F14D0D26812F0010F01D100207AE741691B6A03F007030122E5
S32500022DA09A40402A08D821FA03F32B6001206DE700206BE7002069E7002067E700207047AF
S32500022DC0002063E7C3685A6912F0200F00F0AB8030B583B004460D46DB68C3F30233072B32
S32500022DE000F2A380DFE803F004090D11385F7C7C036A0B60012003B030BD436A0B60012070
S32500022E00F9E7836A0B600120F5E783685B6813F0400F01D10020EEE703689A6812F0020F2E
S32500022E2009D0DB6813F0020F02D10023184604E00369012001E0002318460028DBD0A26856
S32500022E40126B02F0070201219140402902D8D3402B60D0E70020CEE783685B6813F0040FCE
S32500022E6001D10020C7E703689A6812F0040F09D0DB6813F0040F02D10023184604E08369D2
S32500022E80012001E0002318460028B4D0A268126902F0070201219140402902D8D3402B60A7
S32500022EA0A9E70020A7E70023019383685B6813F4807F01D100209EE701A9FEF76AFB0028BE
S32500022EC099D0A3681B6C03F0070301229A40402A04D8019A22FA03F32B608CE700208AE773
S32500022EE083685A6812F0100F17D00268916811F0010F14D0D26812F0010F01D100207AE71E
S32500022F0041691B6A03F0070301229A40402A08D821FA03F32B6001206DE700206BE7002093
S32500022F2069E7002067E700207047002063E7C3685A6912F0080F00F0AB8030B583B0044606
S32500022F400D46DB68C3F30213072B00F2A380DFE803F004090D11385F7C7C036A0B60012054
S32500022F6003B030BD436A0B600120F9E7836A0B600120F5E783685B6813F0400F01D1002049
S32500022F80EEE703689A6812F0020F09D0DB6813F0020F02D10023184604E00369012001E0FE
S32500022FA0002318460028DBD0A268126B02F0070201219140402902D8D3402B60D0E7002088
S32500022FC0CEE783685B6813F0040F01D10020C7E703689A6812F0040F09D0DB6813F0040F1C
S32500022FE002D10023184604E08369012001E0002318460028B4D0A268126902F007020121D4
S325000230009140402902D8D3402B60A9E70020A7E70023019383685B6813F4807F01D100205B
S325000230209EE701A9FEF7B5FA002899D0A3681B6C03F0070301229A40402A04D8019A22FA9B
S3250002304003F32B608CE700208AE783685A6812F0100F17D00268916811F0010F14D0D2689C
S3250002306012F0010F01D100207AE741691B6A03F0070301229A40402A08D821FA03F32B60D4
S3250002308001206DE700206BE7002069E7002067E700207047002063E743685B6813F4806FBE
S325000230A001D10020704770B582B004460D460268D368C3F30113032B4AD8DFE803F00213DD
S325000230C0243B03689A6812F0020F09D0DB6813F0020F01D1002019E003690193012015E0D8
S325000230E0002013E003689A6812F0040F09D0DB6813F0040F01D1002008E083690193012086
S3250002310004E0002002E001A9FEF743FA38B123681E69C6F30316731C019EB6FBF3F638B167
S32500023120A3681B68C3F303230133B6FBF3F32B6002B070BD936813F0010F0BD0D36813F0C1
S32500023140010F01D10020E1E7436901930120DDE70020DBE70020D9E743685B6813F4807F42
S3250002316001D10020704770B582B004460D460268D368C3F30113032B4AD8DFE803F002131C
S32500023180243B03689A6812F0020F09D0DB6813F0020F01D1002019E003690193012015E017
S325000231A0002013E003689A6812F0040F09D0DB6813F0040F01D1002008E0836901930120C5
S325000231C004E0002002E001A9FEF7E3F938B123681E69C6F30316731C019EB6FBF3F638B108
S325000231E0A3681B68C3F303230133B6FBF3F32B6002B070BD936813F0010F0BD0D36813F001
S32500023200010F01D10020E1E7436901930120DDE70020DBE70020D9E743685B6813F4007F01
S3250002322001D10020704770B582B004460D460268D368C3F30113032B4AD8DFE803F002135B
S32500023240243B03689A6812F0020F09D0DB6813F0020F01D1002019E003690193012015E056
S32500023260002013E003689A6812F0040F09D0DB6813F0040F01D1002008E083690193012004
S3250002328004E0002002E001A9FEF783F938B123681E69C6F30316731C019EB6FBF3F638B1A7
S325000232A0A3681B68C3F303230133B6FBF3F32B6002B070BD936813F0010F0BD0D36813F040
S325000232C0010F01D10020E1E7436901930120DDE70020DBE70020D9E743685B6813F4006F51
S325000232E001D10020704770B582B004460D460268D368C3F30113032B4AD8DFE803F002139B
S32500023300243B03689A6812F0020F09D0DB6813F0020F01D1002019E003690193012015E095
S32500023320002013E003689A6812F0040F09D0DB6813F0040F01D1002008E083690193012043
S3250002334004E0002002E001A9FEF723F938B123681E69C6F30316731C019EB6FBF3F638B146
S32500023360A3681B68C3F303230133B6FBF3F32B6002B070BD936813F0010F0BD0D36813F07F
S32500023380010F01D10020E1E7436901930120DDE70020DBE70020D9E743685B6813F4805F20
S325000233A001D10020704770B582B004460D460268D368C3F30113032B4AD8DFE803F00213DA
S325000233C0243B03689A6812F0020F09D0DB6813F0020F01D1002019E003690193012015E0D5
S325000233E0002013E003689A6812F0040F09D0DB6813F0040F01D1002008E083690193012083
S3250002340004E0002002E001A9FEF7C3F838B123681E69C6F30316731C019EB6FBF3F638B1E6
S32500023420A3681B68C3F303230133B6FBF3F32B6002B070BD936813F0010F0BD0D36813F0BE
S32500023440010F01D10020E1E7436901930120DDE70020DBE70020D9E770B582B00D4643685E
S325000234601A6812F0805F09D01B6813F0805F5BD04FF4FA330B60012002B070BD04460268E9
S32500023480D368C3F30113032B4AD8DFE803F00213243B03689A6812F0020F09D0DB6813F002
S325000234A0020F01D1002019E003690193012015E0002013E003689A6812F0040F09D0DB6841
S325000234C013F0040F01D1002008E083690193012004E0002002E001A9FEF75BF838B1236807
S325000234E01E69C6F30316731C019EB6FBF3F60028C2D0A3681B68C3F303230133B6FBF3F3B4
S325000235002B60B9E7936813F0010F0BD0D36813F0010F01D10020E1E7436901930120DDE762
S325000235200020DBE70020D9E70020A5E770B582B00D4643681A6812F0806F09D01B6813F0EE
S32500023540806F5BD04FF4FA330B60012002B070BD04460268D368C3F30113032B4AD8DFE89E
S3250002356003F00213243B03689A6812F0020F09D0DB6813F0020F01D1002019E00369019341
S32500023580012015E0002013E003689A6812F0040F09D0DB6813F0040F01D1002008E0836980
S325000235A00193012004E0002002E001A9FDF7F1FF38B123681E69C6F30316731C019EB6FB2E
S325000235C0F3F60028C2D0A3681B68C3F303230133B6FBF3F32B60B9E7936813F0010F0BD0F7
S325000235E0D36813F0010F01D10020E1E7436901930120DDE70020DBE70020D9E70020A5E728
S3250002360070B582B00D4643681A6812F4805F09D01B6813F4805F5BD04FF4FA330B6001207D
S3250002362002B070BD04460268D368C3F30113032B4AD8DFE803F00213243B03689A6812F0FD
S32500023640020F09D0DB6813F0020F01D1002019E003690193012015E0002013E003689A68A0
S3250002366012F0040F09D0DB6813F0040F01D1002008E083690193012004E0002002E001A9F0
S32500023680FDF787FF38B123681E69C6F30316731C019EB6FBF3F60028C2D0A3681B68C3F315
S325000236A003230133B6FBF3F32B60B9E7936813F0010F0BD0D36813F0010F01D10020E1E7F5
S325000236C0436901930120DDE70020DBE70020D9E70020A5E770B582B00D4643681A6812F076
S325000236E0007F09D01B6813F0007F5BD04FF4FA330B60012002B070BD04460268D368C3F3BA
S325000237000113032B4AD8DFE803F00213243B03689A6812F0020F09D0DB6813F0020F01D18D
S32500023720002019E003690193012015E0002013E003689A6812F0040F09D0DB6813F0040F8B
S3250002374001D1002008E083690193012004E0002002E001A9FDF71DFF38B123681E69C6F392
S325000237600316731C019EB6FBF3F60028C2D0A3681B68C3F303230133B6FBF3F32B60B9E746
S32500023780936813F0010F0BD0D36813F0010F01D10020E1E7436901930120DDE70020DBE729
S325000237A00020D9E70020A5E770B582B00D4643681A6812F0006F09D01B6813F0006F5BD034
S325000237C04FF4FA330B60012002B070BD04460268D368C3F30113032B4AD8DFE803F002132E
S325000237E0243B03689A6812F0020F09D0DB6813F0020F01D1002019E003690193012015E0B1
S32500023800002013E003689A6812F0040F09D0DB6813F0040F01D1002008E08369019301205E
S3250002382004E0002002E001A9FDF7B3FE38B123681E69C6F30316731C019EB6FBF3F600288E
S32500023840C2D0A3681B68C3F303230133B6FBF3F32B60B9E7936813F0010F0BD0D36813F047
S32500023860010F01D10020E1E7436901930120DDE70020DBE70020D9E70020A5E770B582B08C
S325000238800D4643681A6812F0807F09D01B6813F0807F5BD04FF4FA330B60012002B070BD3B
S325000238A004460268D368C3F30113032B4AD8DFE803F00213243B03689A6812F0020F09D070
S325000238C0DB6813F0020F01D1002019E003690193012015E0002013E003689A6812F0040FF3
S325000238E009D0DB6813F0040F01D1002008E083690193012004E0002002E001A9FDF749FE48
S3250002390038B123681E69C6F30316731C019EB6FBF3F60028C2D0A3681B68C3F303230133B2
S32500023920B6FBF3F32B60B9E7936813F0010F0BD0D36813F0010F01D10020E1E7436901938C
S325000239400120DDE70020DBE70020D9E70020A5E7C268526912F0007F01D1002070470346B4
S325000239600268906810F0080F6CD0D06810F0080F6AD070B4506800F0030001283DD00228D2
S3250002398048D010B1002070BC7047906810F0020F08D0D26812F0020F01D1002003E01C69BB
S325000239A0012000E000200028EDD01D686B68C3F38103022B42D0032B42D0012B3CD001228D
S325000239C06E68C6F3062316F4FE4F00D180236E68C6F3021C16F0700F01D14FF0080C6D6830
S325000239E0C5F3004504FB03F305FB03330CFB02F25200B3FBF2F30B60C5E7906810F0010F98
S32500023A0018D0D26812F0010F01D10020CBE75C690120C8E71A68906810F0040F08D0D26892
S32500023A2012F0040F01D10020BDE79C690120BAE70020B8E70020B6E70222C1E70422BFE7F8
S32500023A400822BDE70020704700207047C3681A6912F0007F00F09D8030B583B004460D46F1
S32500023A601B6803F00303032B00F29580DFE803F0022A516E83685B6813F0800F02D10020B5
S32500023A8003B030BD03689A6812F0020F09D0DB6813F0020F02D10023184604E00369012009
S32500023AA001E0002318460028EAD0A268126BC2F3021201219140402902D8D3402B60DFE7D0
S32500023AC00020DDE783685B6813F0080F01D10020D6E703689A6812F0040F09D0DB6813F0E2
S32500023AE0040F02D10023184604E08369012001E0002318460028C3D0A2681269C2F30212FB
S32500023B0001219140402902D8D3402B60B8E70020B6E70023019383685B6813F4007F01D1B0
S32500023B200020ADE701A9FDF734FD0028A8D0A3681B6CC3F3021301229A40402A04D8019A1F
S32500023B4022FA03F32B609BE7002099E783685A6812F0200F17D00268916811F0010F14D081
S32500023B60D26812F0010F01D1002089E741691B6AC3F3021301229A40402A08D821FA03F33D
S32500023B802B6001207CE700207AE7002078E7002076E700207047002072E7C3681A6912F48D
S32500023BA0001F00F09D8030B583B004460D461B68C3F30123032B00F29580DFE803F0022AA4
S32500023BC0516E83685B6813F0800F02D1002003B030BD03689A6812F0020F09D0DB6813F0AC
S32500023BE0020F02D10023184604E00369012001E0002318460028EAD0A268126BC2F3021253
S32500023C0001219140402902D8D3402B60DFE70020DDE783685B6813F0080F01D10020D6E7A7
S32500023C2003689A6812F0040F09D0DB6813F0040F02D10023184604E08369012001E000237F
S32500023C4018460028C3D0A2681269C2F3021201219140402902D8D3402B60B8E70020B6E7C5
S32500023C600023019383685B6813F4007F01D10020ADE701A9FDF78DFC0028A8D0A3681B6C72
S32500023C80C3F3021301229A40402A04D8019A22FA03F32B609BE7002099E783685A6812F005
S32500023CA0200F17D00268916811F0010F14D0D26812F0010F01D1002089E741691B6AC3F3FB
S32500023CC0021301229A40402A08D821FA03F32B6001207CE700207AE7002078E7002076E7E3
S32500023CE000207047002072E7C3681A6912F4002F00F09D8030B583B004460D461B68C3F38E
S32500023D000163032B00F29580DFE803F0022A516E83685B6813F0800F02D1002003B030BD8A
S32500023D2003689A6812F0020F09D0DB6813F0020F02D10023184604E00369012001E0002302
S32500023D4018460028EAD0A268126BC2F3021201219140402902D8D3402B60DFE70020DDE74D
S32500023D6083685B6813F0080F01D10020D6E703689A6812F0040F09D0DB6813F0040F02D13D
S32500023D800023184604E08369012001E0002318460028C3D0A2681269C2F30212012191404B
S32500023DA0402902D8D3402B60B8E70020B6E70023019383685B6813F4007F01D10020ADE74D
S32500023DC001A9FDF7E6FB0028A8D0A3681B6CC3F3021301229A40402A04D8019A22FA03F36F
S32500023DE02B609BE7002099E783685A6812F0200F17D00268916811F0010F14D0D26812F0B5
S32500023E00010F01D1002089E741691B6AC3F3021301229A40402A08D821FA03F32B6001202A
S32500023E207CE700207AE7002078E7002076E700207047002072E7C3681A6912F0807F00F0AB
S32500023E409D8030B583B004460D461B68C3F38133032B00F29580DFE803F0022A516E8368D6
S32500023E605B6813F0800F02D1002003B030BD03689A6812F0020F09D0DB6813F0020F02D1CF
S32500023E800023184604E00369012001E0002318460028EAD0A268126BC2F3021201219140A1
S32500023EA0402902D8D3402B60DFE70020DDE783685B6813F0080F01D10020D6E703689A688B
S32500023EC012F0040F09D0DB6813F0040F02D10023184604E08369012001E0002318460028C4
S32500023EE0C3D0A2681269C2F3021201219140402902D8D3402B60B8E70020B6E700230193F2
S32500023F0083685B6813F4007F01D10020ADE701A9FDF73FFB0028A8D0A3681B6CC3F302130A
S32500023F2001229A40402A04D8019A22FA03F32B609BE7002099E783685A6812F0200F17D017
S32500023F400268916811F0010F14D0D26812F0010F01D1002089E741691B6AC3F30213012236
S32500023F609A40402A08D821FA03F32B6001207CE700207AE7002078E7002076E700207047A1
S32500023F80002072E7C3681A6912F4800F00F09D8030B583B004460D461B68C3F38123032B90
S32500023FA000F29580DFE803F0022A516E83685B6813F0800F02D1002003B030BD03689A680D
S32500023FC012F0020F09D0DB6813F0020F02D10023184604E00369012001E000231846002847
S32500023FE0EAD0A268126BC2F3021201219140402902D8D3402B60DFE70020DDE783685B6883
S3250002400013F0080F01D10020D6E703689A6812F0040F09D0DB6813F0040F02D100231846C7
S3250002402004E08369012001E0002318460028C3D0A2681269C2F3021201219140402902D8E6
S32500024040D3402B60B8E70020B6E70023019383685B6813F4007F01D10020ADE701A9FDF74F
S3250002406098FA0028A8D0A3681B6CC3F3021301229A40402A04D8019A22FA03F32B609BE7AC
S32500024080002099E783685A6812F0200F17D00268916811F0010F14D0D26812F0010F01D13D
S325000240A0002089E741691B6AC3F3021301229A40402A08D821FA03F32B6001207CE70020E7
S325000240C07AE7002078E7002076E700207047002072E7C3681A6912F4801F00F09D8030B5E6
S325000240E083B004460D461B68C3F38163032B00F29580DFE803F0022A516E83685B6813F040
S32500024100800F02D1002003B030BD03689A6812F0020F09D0DB6813F0020F02D10023184671
S3250002412004E00369012001E0002318460028EAD0A268126BC2F3021201219140402902D83C
S32500024140D3402B60DFE70020DDE783685B6813F0080F01D10020D6E703689A6812F0040F16
S3250002416009D0DB6813F0040F02D10023184604E08369012001E0002318460028C3D0A26899
S325000241801269C2F3021201219140402902D8D3402B60B8E70020B6E70023019383685B683E
S325000241A013F4007F01D10020ADE701A9FDF7F1F90028A8D0A3681B6CC3F3021301229A4069
S325000241C0402A04D8019A22FA03F32B609BE7002099E783685A6812F0200F17D0026891680F
S325000241E011F0010F14D0D26812F0010F01D1002089E741691B6AC3F3021301229A40402AB3
S3250002420008D821FA03F32B6001207CE700207AE7002078E7002076E700207047002072E7C9
S32500024220C3681A6912F4000F00F09D8030B583B004460D461B68C3F30133032B00F295804F
S32500024240DFE803F0022A516E83685B6813F0800F02D1002003B030BD03689A6812F0020F5E
S3250002426009D0DB6813F0020F02D10023184604E00369012001E0002318460028EAD0A268F3
S32500024280126BC2F3021201219140402902D8D3402B60DFE70020DDE783685B6813F0080F8A
S325000242A001D10020D6E703689A6812F0040F09D0DB6813F0040F02D10023184604E083696F
S325000242C0012001E0002318460028C3D0A2681269C2F3021201219140402902D8D3402B6076
S325000242E0B8E70020B6E70023019383685B6813F4007F01D10020ADE701A9FDF74AF90028E0
S32500024300A8D0A3681B6CC3F3021301229A40402A04D8019A22FA03F32B609BE7002099E723
S3250002432083685A6812F0200F17D00268916811F0010F14D0D26812F0010F01D1002089E7AA
S3250002434041691B6AC3F3021301229A40402A08D821FA03F32B6001207CE700207AE7002053
S3250002436078E7002076E700207047002072E7C3681A6912F4003F00F09D8030B583B00446A7
S325000243800D461B68C3F30153032B00F29580DFE803F0022A516E83685B6813F0800F02D148
S325000243A0002003B030BD03689A6812F0020F09D0DB6813F0020F02D10023184604E00369E1
S325000243C0012001E0002318460028EAD0A268126BC2F3021201219140402902D8D3402B604C
S325000243E0DFE70020DDE783685B6813F0080F01D10020D6E703689A6812F0040F09D0DB68F6
S3250002440013F0040F02D10023184604E08369012001E0002318460028C3D0A2681269C2F3E2
S32500024420021201219140402902D8D3402B60B8E70020B6E70023019383685B6813F4007F45
S3250002444001D10020ADE701A9FDF7A3F80028A8D0A3681B6CC3F3021301229A40402A04D855
S32500024460019A22FA03F32B609BE7002099E783685A6812F0200F17D00268916811F0010FA1
S3250002448014D0D26812F0010F01D1002089E741691B6AC3F3021301229A40402A08D821FA26
S325000244A003F32B6001207CE700207AE7002078E7002076E700207047002072E7C3681A6974
S325000244C012F4802F00F09D8030B583B004460D461B68C3F38153032B00F29580DFE803F061
S325000244E0022A516E83685B6813F0800F02D1002003B030BD03689A6812F0020F09D0DB685A
S3250002450013F0020F02D10023184604E00369012001E0002318460028EAD0A268126BC2F33A
S32500024520021201219140402902D8D3402B60DFE70020DDE783685B6813F0080F01D1002027
S32500024540D6E703689A6812F0040F09D0DB6813F0040F02D10023184604E08369012001E0BC
S32500024560002318460028C3D0A2681269C2F3021201219140402902D8D3402B60B8E7002016
S32500024580B6E70023019383685B6813F4007F01D10020ADE701A9FCF7FCFF0028A8D0A368C2
S325000245A01B6CC3F3021301229A40402A04D8019A22FA03F32B609BE7002099E783685A6857
S325000245C012F0200F17D00268916811F0010F14D0D26812F0010F01D1002089E741691B6A86
S325000245E0C3F3021301229A40402A08D821FA03F32B6001207CE700207AE7002078E7002061
S3250002460076E700207047002072E743685A6812F0400F00F0A38030B583B004460D461B68DC
S32500024620C3F34233042B00F29B80DFE803F0032A516E910083685B6813F0800F01D10020A2
S325000246408AE003689A6812F0020F09D0DB6813F0020F02D10023184604E00369012001E092
S3250002466000231846002877D0A268126BC2F3021201219140402902D8D3402B606CE00020B2
S325000246806AE083685B6813F0080F01D1002063E003689A6812F0040F09D0DB6813F0040F17
S325000246A002D10023184604E08369012001E000231846002850D0A2681269C2F30212012193
S325000246C09140402902D8D3402B6045E0002043E00023019383685B6813F4007F01D10020DB
S325000246E03AE001A9FCF755FF002835D0A3681B6CC3F3021301229A40402A04D8019A22FA23
S3250002470003F32B6028E0002026E083685A6812F0200F17D00268916811F0010F14D0D2688B
S3250002472012F0010F01D1002016E041691B6AC3F3021301229A40402A08D821FA03F32B609A
S32500024740012009E0002007E0002005E0002003E04FF4FA330B60012003B030BD00207047C5
S325000247600020F9E74268536813F0040F00F0CA8030B583B004460D461368C3F30243072B1F
S3250002478000F2C280DFE803F00437607EB2A3A9AF83685B6813F0800F0CD10022104638B1DF
S325000247A063681B68C3F302530133B2FBF3F32B6003B030BD03689A6812F0020F09D0DB680A
S325000247C013F0020F02D10022104604E00269012001E00022104648B1A3681B6BC3F3021354
S325000247E001219940402903D8DA40D8E70022D6E700221046D3E783685B6813F0080F02D1ED
S3250002480000221046CBE703689A6812F0040F09D0DB6813F0040F02D10022104604E0826998
S32500024820012001E00022104648B1A3681B69C3F3021301219940402903D8DA40AFE7002292
S32500024840ADE700221046AAE70023019383685B6813F4007F02D100221046A0E701A9FCF759
S3250002486098FE50B1A3681B6CC3F3021301229A40402A04D8019ADA4091E700228FE7002212
S3250002488010468CE783685A6812F0200F16D00268916811F0010F14D0D26812F0010F02D10C
S325000248A0002210467BE742691B6AC3F3021301219940402908D8DA40012070E700221046CD
S325000248C06DE7002210466AE70022104667E7536813F0080F0ED100206AE7536813F0100FEB
S325000248E00CD1002064E7C269012059E74FF4FA32012055E74FF47A72012051E74FF4FA4209
S3250002490001204DE700207047002051E743685A6812F0200F00F0348170B582B004460D46D4
S325000249201A6812F4000F06D01B6813F4000F57D1002002B070BD0268D368C3F30113032BA5
S325000249404AD8DFE803F00213243B03689A6812F0020F09D0DB6813F0020F01D1002019E064
S3250002496003690193012015E0002013E003689A6812F0040F09D0DB6813F0040F01D1002060
S3250002498008E083690193012004E0002002E001A9FCF7FFFD38B123681E69C6F30316731CAB
S325000249A0019EB6FBF3F60028C3D0A3681B68C3F303230133B6FBF3F32B60BAE7936813F09C
S325000249C0010F0BD0D36813F0010F01D10020E1E7436901930120DDE70020DBE70020D9E7F5
S325000249E04268536813F0040F00F0C6801368C3F30243072B00F2C280DFE803F00437607E4F
S32500024A00B2A3A9AF83685B6813F0800F0CD10022104600288DD063681B68C3F3025301333A
S32500024A20B2FBF3F32B6084E703689A6812F0020F09D0DB6813F0020F02D10022104604E006
S32500024A400269012001E00022104648B1A3681B6BC3F3021301219940402903D8DA40D8E7FC
S32500024A600022D6E700221046D3E783685B6813F0080F02D100221046CBE703689A6812F0E9
S32500024A80040F09D0DB6813F0040F02D10022104604E08269012001E00022104648B1A36831
S32500024AA01B69C3F3021301219940402903D8DA40AFE70022ADE700221046AAE7002301933A
S32500024AC083685B6813F4007F02D100221046A0E701A9FCF75EFD50B1A3681B6CC3F3021372
S32500024AE001229A40402A04D8019ADA4091E700228FE7002210468CE783685A6812F0200FDD
S32500024B0016D00268916811F0010F14D0D26812F0010F02D1002210467BE742691B6AC3F370
S32500024B20021301219940402908D8DA40012070E7002210466DE7002210466AE70022104675
S32500024B4067E7536813F0080F0ED10020F1E6536813F0100F0CD10020EBE6C26901205AE71C
S32500024B604FF4FA32012056E74FF47A72012052E74FF4FA4201204EE70020DAE60020D8E644
S32500024B800020704783685A6812F0020F00F03682F0B583B004460D46002201929A6812F0A0
S32500024BA0700F40F078819B6803F00703072B00F22782DFE813F008006400750085009600B2
S32500024BC0A500F20048010268D368C3F30113032B4FD8DFE803F00213244003689A6812F087
S32500024BE0020F09D0DB6813F0020F01D1002019E003690093012015E0002013E003689A68EC
S32500024C0012F0040F09D0DB6813F0040F01D1002008E083690093012004E0002002E0694636
S32500024C20FCF7B7FC38B123681F69C7F303177B1C009FB7FBF3F7002856D0E3681B6913F004
S32500024C40010F1AD0A3681B6803F01F030133B7FBF3F3019348E0936813F0010F0BD0D36803
S32500024C6013F0010F01D10020DCE7436900930120D8E70020D6E70020D4E7002034E00368EE
S32500024C809A6812F0040F09D0DB6813F0040F01D1002029E083690193012025E0002023E0FF
S32500024CA003689A6812F0010F00F0AC81DB6813F0010F01D1002021E043690193012014E0B2
S32500024CC003689A6812F0020F09D0DB6813F0020F01D1002008E003690193012004E000201D
S32500024CE002E001A9FCF755FC40B1A3689B68C3F302230133019AB2FBF3F32B6003B0F0BDB5
S32500024D000268D368C3F30113032B42D8DFE803F00213243303689A6812F0020F09D0DB6812
S32500024D2013F0020F01D1002019E003690093012015E0002013E003689A6812F0040F09D0E9
S32500024D40DB6813F0040F01D1002008E083690093012004E0002002E06946FCF71AFC0028B2
S32500024D60C2D023681B69C3F303130133009AB2FBF3F30193B8E7936813F0010F0BD0D36806
S32500024D8013F0010F01D10020E9E7436900930120E5E70020E3E70020E1E70268D368C3F3DD
S32500024DA00113032B4BD8DFE803F00213243C03689A6812F0020F09D0DB6813F0020F01D1D5
S32500024DC0002019E003690093012015E0002013E003689A6812F0040F09D0DB6813F0040FD6
S32500024DE001D1002008E083690093012004E0002002E06946FCF7CDFB38B123681E69C6F32D
S32500024E000316731C009EB6FBF3F600283FF46CAFA3681B68C3F303230133B6FBF3F301936B
S32500024E2062E7936813F0010F0BD0D36813F0010F01D10020E0E7436900930120DCE70020EE
S32500024E40DAE70020D8E783685B6813F0800F01D1002049E703689A6812F0020F09D0DB68AC
S32500024E6013F0020F02D10023184604E00369012001E00023184600283FF436AFA268126B28
S32500024E80C2F3021201219140402902D8D34001932AE7002028E79B68C3F30213013B062BE9
S32500024EA000F2B280DFE803F0042C4A6D727E8A0083685B6813F0080F01D1002014E703688B
S32500024EC09A6812F0040F09D0DB6813F0040F02D10023184604E08369012001E000231846DA
S32500024EE000283FF401AFA2681269C2F3021201219140402902D8D3400193F5E60020F3E6A0
S32500024F000023009383685B6813F4007F01D10020EAE66946FCF73DFB00283FF4E5AEA3680A
S32500024F201B6CC3F3021301229A40402A04D8009A22FA03F30193D7E60020D5E683685A684F
S32500024F4012F0200F17D00268916811F0010F14D0D26812F0010F01D10020C5E641691B6AC1
S32500024F60C3F3021301229A40402A08D821FA03F301930120B8E60020B6E60020B4E600201D
S32500024F80B2E64FF4FA3301930120AEE643685B6813F0100F01D10020B0E64FF4FA4301938C
S32500024FA00120A2E643685B6813F0080F01D10020A4E64FF47A730193012096E643685A686E
S32500024FC012F0020F16D01A6812F0100F0AD15B6813F0100F01D1002086E64FF4FA430193FB
S32500024FE0012081E61B6813F0100F05D0C3690193012079E6002077E6002075E60020704798
S3250002500000207BE6002079E6002077E6562908D808B50B46054951F8333023B1114698479A
S3250002502008BD002070470020FAE700BF9818040056292BD810B504460B46164901EBC30365
S325000250405B682BB301681448C1F880006168A0F16350A0F5823048380864E1680F4808645D
S32500025060A168A0F1E950A0F61200C1F8800011462046984722680023C2F880306268136480
S32500025080E2681364A268C2F8803010BD002070470020FAE798180400E42386FA7775637034
S325000250A010B400231A4601E00133DBB2032B0AD8CC5C002CF8D04FF0010C0CFA03FC42EA56
S325000250C00C02D2B2F0E741688B6923F07063120602F070621A438A615DF8044B70470B79D9
S325000250E0062B00F20681DFE813F007000F00330059008300AD00D9000268136923F07F43CE
S3250002510023F02003136170470268136923F07F4323F0200343F0200313610268136923F072
S325000251207F4323F0100313610268136923F07F4323F0080313610268098893681B0C1B0482
S325000251400B4393600268D3681B0C1B04D36070470268136923F07F4323F0200343F02003EA
S3250002516013610268136923F07F4323F0100343F0100313610268136923F07F4323F008033F
S3250002518013610268098893681B0C1B040B4393600268D3681B0C1B04D3607047026813695B
S325000251A023F07F4323F0200343F0200313610268136923F07F4323F01003136102681369D7
S325000251C023F07F4323F0080343F0080313610268B1F800C093681B0C1B0443EA0C039360DF
S325000251E002684988D3681B0C1B040B43D36070470268136923F07F4323F0200343F020036C
S3250002520013610268136923F07F4323F0100313610268136923F07F4323F0080343F00803A6
S3250002522013610268B1F802C093681B0C1B0443EA0C03936002680988D3681B0C1B040B43E3
S32500025240D36070470268136923F07F4323F0200343F0200313610268136923F07F4323F0D3
S32500025260100343F0100313610268136923F07F4323F0080343F0080313610268B1F800C0FB
S3250002528093681B0C1B0443EA0C03936002684988D3681B0C1B040B43D360704702681369BC
S325000252A023F07F4323F0200343F0200313610268136923F07F4323F0100343F01003136176
S325000252C00268136923F07F4323F0080343F0080313610268B1F802C093681B0C1B0443EAF8
S325000252E00C03936002680988D3681B0C1B040B43D360704770B504460D460268536943F4D1
S325000253008033536101682A780B6823F4817323F0010302F0030213430B60026869785368C0
S3250002532023F0FF030B4353600268A978536823F47F4343EA012353600168EA784B6823F497
S325000253407C13120402F47C1213434B6002682979136923F07F4323F0010301F001010B4366
S325000253605A49116213610023136201686A790B6923F07F4323F00403920002F00402134374
S325000253800B610268136923F07F4323F0400343F040031361037A002B44D1416895F8432048
S325000253A08B6923F02003520102F0200213438B61416895F844208B6923F01C03920002F0CE
S325000253C01C0213438B61416895F845208B6923F0030302F0030213438B6121682A7B4B69A2
S325000253E023F00803D20002F0080213434B61A91D2046FFF774FE2168AA7B4B6923F00403A7
S32500025400920002F0040213434B61AB7B43B121686A7B4B6923F0030302F0030213434B61AA
S32500025420002346E0012BD8D1416895F843208B6923F40053520302F4005213438B614168C7
S3250002544095F844208B6923F4E053920202F4E05213438B61416895F845208B6923F44073BE
S32500025460120202F4407213438B61B6E72668181D05EB400090F807C003F1400156F8212083
S3250002548022F01F020CF01F0C42EA0C0246F82120266890F808C056F8212022F040024FEAF7
S325000254A08C1C0CF0400C42EA0C0246F821200133DBB2172BDAD905F13F012046FFF7F0FD06
S325000254C02268536923F48033536170BDC3C3D2A50122027004234370302383700B23C370C0
S325000254E0002303714371C3800381837203734373827305E0C218002182F83F100133DBB212
S32500025500032BF7D9002380F84330042280F8442080F8453007E01A1D00EB4202D3710021D6
S3250002552011720133DBB2172BF5D970470368603153F82100C0F30D00704700001D4B1B787E
S32500025540002B35D1002833D010B51B4B186083681BB1C3680BB1002402E0002320E0013448
S32500025560164B1B8AA342F8D9134B1B68DA6852F824201268002AF2D01049886800EBC40058
S325000255809B6853F82410406809F024FEE7E70B4A1268C3EBC30102EB810200211171013368
S325000255A0064A127B9A42F2D8024B01221A7010BD704700BFC8290020C4290020901D040054
S325000255C008B5042300F06CF908BD08B5052200F029FA08BD08B5062300F028FA08BD10B587
S325000255E082B00724009400F0A7FA02B010BD08B5082200F055FB08BD10B4134B5C6854F884
S325000256002030BBB11A689288B3F808C0A2EB0C02914211DC1A79012A05D0042A10D0022A8F
S3250002562010D0022009E002221A7154F820300020987602E0012000E001205DF8044B70479F
S325000256400020FAE70020F8E7901D04000D4BDB89834212D90B4B5B6853F820307BB11879B4
S32500025660062803D0022805D00020704705221A710220704703221A71704701207047002061
S32500025680704700BF901D04000A4B596851F820206AB11379042B01D0012070470023137116
S325000256A051F82020937641F82030184670470120704700BF901D040001460022104600E0CB
S325000256C0013248B951F8223033B19B79123BDBB2072BF5D80120F3E77047000010B58646DF
S325000256E0002302201BE0174B586840F82E201368998050F82E3001221A7150F82E20002319
S32500025700C2F80A30C2F80E30C2F81230C2F8163050F82E201381204610BD0133DBB2094A28
S32500025720127B9A42F8D9074A1268C3EBC30402EB84021479002CF0D1B2F806C08C45D2D215
S325000257400320EAE7901D0400F8B505460E4609B90C4629E0FFF77AFF002404E0314600F055
S32500025760C6FA0134E4B2234B1B681B6853F825301B6953F8240000283BD08379013BDBB297
S32500025780052BEBD91C4B5B6853F825100029E8D000220A7153F825108A7643F82520E0E71E
S325000257A04B7DC3B90134E4B2124B1B681B6853F825100B6953F82400D8B18379A3F10802E9
S325000257C0D2B2082AECD9123BDBB2072BE8D9314600F08DFAE6E7084B5F6857F8253019687F
S325000257E000F064FA0228DDD157F8253004221A71D8E7F8BDC4290020901D040010B50346E6
S32500025800B0F5005F01D3C0F30C03234A126812684FEA830E52F82300827B02F1FF3C5FFACA
S325000258208CFCBCF1050F1AD9A2F10801C9B2082903D9123AD2B2072A13D8184AD2899A427B
S325000258400FD9164A546854F80E2052B11179042907D1917E0131917600218C4604E000F021
S325000258604FFA10BD0131C9B2026952F821204AB19279013AD2B2052AF4D90CF1010C5FFA43
S325000258808CFCEFE754F80E20927E6245E9D31846FFF7FAFEE5E700BFC4290020901D040020
S325000258A02DE9F04F85B080460E4691465B4B1B681B684FEA800B53F820400025ADF80E5022
S325000258C02F46AA4609E0BDF80E7002E0237D012B1CD80AF1010A5FFA8AFA236953F82A00B9
S325000258E0A8B18379013BDBB2052BF2D80DF10E02314600F00EFA05460028E7D1002FE2D0FF
S32500025900BDF80E30BB42E4D21F46E2E701252DB92069FFF7D1FE8246012808D0B9F1000FCF
S3250002592001D0A9F80070284605B0BDE8F08FB1884046FFF761FE0546012824D0002DEDD1CF
S32500025940374B58688344019050F828301A6810681B89B2883168184409F03CFC019850F826
S3250002596028301989B2880A4492B21A8150F828301B689B889B1A9BB2ADF80E308FB1BB4256
S3250002598010D21F460EE0264B5B6853F82820002AD4D00021117153F82820917643F8281085
S325000259A0BCE71F461D4B1B681B6853F82830597D0129B3D01B88934205D8019B53F82830AF
S325000259C01A79022A07D0019B53F828301B79032BA4D12E460CE003221A71F4E7DBF80030C5
S325000259E0196800F063F9022812D055460136F6B2236953F82600002890D08379A3F108022D
S32500025A00D2B2082AEAD9123BDBB2072BEED8E5E7DBF8003004221A71E8E700BFC429002018
S32500025A20901D040008B5FFF78FFE08BD2DE9F04F85B082460F4690463D4B1B681B6853F852
S32500025A4020400025A946AB462E460BE0BDF80E504FF0010902E0237D012B21D80BF1010B6F
S32500025A605FFA8BFB236953F82B00D0B18379013BDBB2052BF2D80DF10E02394600F05FF928
S32500025A8006460028E7D1002DE0D0BDF80E30AB4202D34FF00109E1E71D464FF00109DDE7BF
S32500025AA001262EB92069FFF707FE834601280BD0B9F1000F28D1B8F1000F01D0A8F8005054
S32500025AC0304605B0BDE8F08F1A4B5B68019353F82A300BB10226EBE739465046FFF7FEFD52
S32500025AE0064650B9019B53F82A30DB88ADF80E3045B1AB42DCD21D46DAE7237D012BD7D991
S32500025B005E46D5E71D46D3E7002ED4D0002701E00137FFB2236953F827000028CBD0837980
S32500025B20013BDBB2052BF3D8012100F0E0F8EFE7C4290020901D04002DE9F04782B08E46C8
S32500025B401C46B0F5005F03D3460BC0F30C0000E00026514B1B681B68850053F8200090F8D1
S32500025B600EC00CF1FF33DBB2052B5ED9ACF10803DBB2082B06D9ACF1120C5FFA8CFCBCF19C
S32500025B80070F7DD8454B5F687B59002B7AD0002A5BD011788DF804105288ADF80620427D17
S32500025BA0012A01D0002947D19DF80480B8F1010F02D00022ADF80620BEF80420BDF806C0BA
S32500025BC01968B1F80490CC455ED8B3F8069091455CD3407D01280AD006F1040903EB49096E
S32500025BE0B9F802909144B3F808A0D14550DC012831D0B8F1010F3AD00968301D03EB400314
S32500025C005888014410445880DEF8000009F0E2FA002C3FD07B591A689288043603EB460661
S32500025C207388D31A2380002003E02346714600F07AF802B0BDE8F08700221A717B599A76ED
S32500025C407A51ADF806200120F3E700228DF80420ADF80620A8E706F1040903EB4909B9F891
S32500025C6002909144B3F808A0D145E2DCC1E7096861449444301D03EB4003A3F802C0C3E773
S32500025C800120D6E70120D4E70120D2E70120D0E70220CEE70020CCE7C4290020901D040028
S32500025CA008B5FFF7ABFD08BD0120704738B504460D46FFF7F9FF012804D0A379012B01D056
S32500025CC0012038BDA379082B03D0122B08D00020F7E7294660880BF063FB30B10020F0E7E9
S32500025CE02946608808F09CFCF7E70220E9E708B58379022B00D008BD408803F023FEFAE7AD
S32500025D0008B5837B022B00D008BD808903F04AFEFAE708B58379022B01D0012008BD408874
S32500025D2003F000FEFAE790F80EC0BCF1020F01D00120704708B5808903F042FE08BD08B551
S32500025D408379022B01D0012008BD408803F0D8FDFAE791B100B584468E460023184600E0F4
S32500025D60013393420BD250B903EB43010EEB810189886145F4D10120F2E7002070475DF8DD
S32500025D8004FB0368187A012800D00020704738B50546886A70B10C46FFF7F3FF012801D0B0
S32500025DA0002038BD012D07D063681B68002BF8D10020F6E70020F4E72846F2E7FF2802D047
S32500025DC0084002D17047012070470120704790B1836A93B1012906D089B91B685B68FF2B15
S32500025DE007D0012070471A681268FF2AF4D008467047002070470020704700207047002059
S32500025E007047034680B1012906D079B91B685B68FF2B07D00120704702681268FF2AF4D027
S32500025E200846704700207047002070470020704730B484460B480068846801290CD0002055
S32500025E4030BC70470834257945B938B925686545F8D115600846F5E70020F4E72268013A6F
S32500025E601A60EDE7002A0020F0B583B08E6A002E76D005460C4617463046FFF782FF01282E
S32500025E8002D0002003B0F0BD6FF07F439D420AD0344B9D4215D039462046FFF798FF0128F0
S32500025EA025D00020EEE7012F05D033685868FF3818BF0120E6E733681868FF3818BF01204A
S32500025EC0E0E7012F05D033685868FF3818BF0120D8E733681A68FF2A07D05B68FF2B02D0C9
S32500025EE00120C0B2CEE70020FBE70020F9E701AB6A4639462846FFF79BFF01280AD0012F44
S32500025F0020D0A36A1B685B68B5EB032F0CBF01200020B7E7012F0AD0A36A1B685B68009AC3
S32500025F2093421BD3019A9342ACD30020AAE7A36A1B681B68009A93420CD3019A93420BD347
S32500025F4000209FE7A36A1B681868A84214BF0020012097E7002095E7384693E7002091E7DB
S32500025F6000208FE733FFFF0021B10B7B034203D100207047002070470120704783689A696D
S32500025F801278052A06D00A7C1B681B789A4203D200207047002070470120704710B32DE9BE
S32500025FA0F0410F4690460646C369CBB1002406E050F80C304146384698470134E4B2F069F3
S32500025FC04FEAC40C00EBC4035D794DB91B79012BEED050F80C304246394630889847ECE7AF
S32500025FE0BDE8F081704760B108B5436A2BB11978012903D05B680088984708BD5B68984756
S32500026000FBE7704700230381036083818373C373438150228274027D63F304120275D2B293
S3250002602063F345120275C3740374D2B263F382020275D2B263F3C30202754374D2B263F30A
S3250002604041020275D2B263F3000202754360704708B50246084B1B68586800E01030437B58
S325000260603BB903681B689342F8D10860FFF789FE00E0002008BD00BF002A0020104B1B6807
S32500026080B3F1FF3F12D098B1826A9AB112681268FF2A11D0934201D000207047084B1A7953
S325000260A083685B7F9A4209D000207047002070470020704700207047002070470120704753
S325000260C0DC29002030B5144B1B78022B07D04FF0190C124CB0F800E000231D460BE00129D3
S325000260E003D14FF0190C0E4CF4E74FF0000C6446F0E70133DBB29C450BD954B104EB431191
S32500026100C8887045F5D1097A0129F2D10135EDB2EFE71570002030BD042A0020142E00204F
S32500026120FC330020F0B583B00D46144600228DF80720012C03D00020087003B0F0BDC6787F
S32500026140C76A0EB92046F8E70DF107021946FFF7B9FF68B99DF80730B34202D2FB5C2B703E
S32500026160EBE70BB1012E05D9013EBB5D2B70E4E70020E2E72046E0E720B100B58646002334
S32500026180184602E070470133DBB28B4206D228B91EF803C09445F6D10120F4E75DF804FBF0
S325000261A030B5B0F800E00020044601E0013080B20546984209D244B902EB0515B5F804C047
S325000261C0F445F3D10D600124F0E7B4B130BD02EB0515AC88B4FA84F46409013080B2054683
S325000261E0984201D2002CF2D0002CEFD005F18055013D02EB05150D60E8E70020EFE770B5AA
S32500026200CD6825B1064600218C4608460DE0002070BD55F8214094F804E0BEF1020F03D0F3
S325000262206488A4441FFA8CFC01310A29F0D855F82140002CECD00028EAD194F800E0B645D4
S32500026240E7D11460A3F800C00120E2E7012A0ED0002070470133182B0ED868B90C4C04EB20
S32500026260031CBCF804407445F4D11046F2E710B5864600231846EEE7012800D010BD03F1B1
S325000262808053013B024A02EB03130B60F6E700BF6C320020002313800B68BBB10023042BEC
S325000262A016D810B40868006850F82340207C012809D0607A148820440230108001339BB2E6
S325000262C0042BEFD901205DF8044B70470020704701207047012A15D0002070470CF1010CA3
S325000262E0BCF1180F14D898B90A4C04EB4C14B4F806E0AE45F2D194F809E08E45EED11C6015
S325000263001046EBE730B505464FF0000C6046E7E730BD00BFFC330020009A1070019A00218D
S325000263201170187070470000416831B1002301200A789A4215D910B406E0012070470133C4
S32500026340DBB20A789A4209D94A6852F823205278044CA25C002AF2D11046F0E75DF8044B53
S3250002636070477047E4290020124B1B78012B01D00020704710B50446806AC0B1FFF701FD58
S32500026380012801D0002010BD01222146094B5868FFF76AFD012801D00020F4E72146054B67
S325000263A0187AFFF7F4FC0128EDD00020EBE70020E9E700BF082A002010B50446FFF7D4FFAC
S325000263C008B1002010BDA068FFF7AEFF0128F9D00020F7E710F0080F04D111F0080F03D19C
S325000263E000207047002070470120704743690BB118787047FF20704710B50C46FFF7F6FF88
S32500026400FF2805D0034B1B685B6903EBC000206010BD00BF002A00202DE9F84391F8038082
S32500026420CF6A4B691B78FF2B16D005460E46914617B10024204603E000200EE00134E4B240
S3250002644044450AD248B93B5DAB42F7D149463046FFF7D2FF0120F1E70020BDE8F88300B5C7
S3250002646083B001238DF80730036A33B10DF10700984710B101238DF807309DF8070003B0DC
S325000264805DF804FB2DE9F04F8BB082462B4B01934FF00008C146B9F1000F04D0CAF8008021
S325000264A00BB0BDE8F08F0AAB03EB890353F8245C4C4630E00CF1FF3C644527D20CEB4C0339
S325000264C09E0005EB83039A88002AF3D0DEF80010AA599142EED90DF1080BDEF80000DEF851
S325000264E00410DEF80820ABE80700A85959689A68CEF80000CEF80410CEF808200DF1080B85
S32500026500BBE80700A85159609A60D3E745F8078008F101080134132C0CD804EB440E4FEACB
S325000265208E0705EB8E0EBEF80430002BF2D04FF0130CC1E709F10109ADE700BF3431002079
S3250002654010B504460E4B1B78022B0AD00D4B1B6843606FF0004293420DD20133094A136064
S3250002656009E0084B1B68B3F1FF3F05D0054A136863600133136010BD0248FFF783FFF5E7FE
S32500026580042A0020F429002010B50446FFF77AFF00239C4601E001339BB2182B17D803EB63
S325000265A043020D4901EBC2021289002AF3D0226803EB430001EBC0004068024403EB43007A
S325000265C001EBC0014A606245E5D99446E3E70CF10103236010BD00BF202A00202DE9F04F84
S325000265E089B00190284B03934FF0000BDA46BBF1000F05D0019BC3F800A009B0BDE8F08FF2
S3250002660008AB03EB8B0353F814CC5D462EE0013CA54226D24FEA041E0CEB0416B388002B79
S32500026620F5D03A685CF80E309A42F0D90DF1100938687968BA68FB68A9E80F005CF80E0095
S325000266407168B268F36838607960BA60FB600DF11009B9E80F004CF80E007160B260F360AF
S32500026660D5E74CF808A00AF1010A0135182D08D84FEA05180CEB0517BB88002BF5D0182431
S32500026680C6E70BF1010BB2E76C32002010B504460E4B1B78022B0AD00D4B1B6803606FF047
S325000266A0004293420DD20133094A136009E0084B1B68B3F1FF3F05D0054A136823600133EB
S325000266C0136010BD0248FFF789FFF5E7042A0020F829002038B50446FFF780FF00239C468E
S325000266E001E001339BB2182B0FD80A4A02EB03129288002AF5D022680648190145582A44AA
S3250002670042506245EDD99446EBE70CF10103236038BD00BF842C00202DE9F04F8DB001909B
S32500026720324B03934FF0000BDA46BBF1000F05D0019BC3F800A00DB0BDE8F08F0CAB03EBC7
S325000267408B0353F824EC5F4642E0013CA7423AD24FEA44180EEB4415EB88002BF5D032686B
S325000267605EF808309A42F0D90DF1100C30687168B268F368ACE80F0030697169B269F36951
S32500026780ACE80F005EF808006968AA68EB6830607160B260F36028696969AA69EB69306199
S325000267A07161B261F3610DF1100CBCE80F004EF808006960AA60EB60BCE80F002861696159
S325000267C0AA61EB61C1E74EF809A00AF1010A0137182F08D84FEA47190EEB4716F388002BC9
S325000267E0F5D01824B2E70BF1010B9EE7FC33002010B504460E4B1B78022B0AD00D4B1B683E
S3250002680003606FF0004293420DD20133094A136009E0084B1B68B3F1FF3F05D0054A13687E
S3250002682023600133136010BD0248FFF775FFF5E7042A0020FC29002038B50446FFF76CFF9E
S3250002684000239C4601E001339BB2182B0FD80A4A02EB4312D288002AF5D02268064859018E
S3250002686045582A4442506245EDD99446EBE70CF10103236038BD00BF142E002070B5B0F8F3
S3250002688000E00023184608E0384C04EB431CBCF80640744515D001339BB2182B18D8B8B918
S325000268A00A7A012AF0D0314A02EB4312D288002AF1D02E4A02EB4312127A022AEBD1012010
S325000268C0E9E79CF809C04C7AA445E4D11046E2E7012801D000231FE0013B244A02EB4312F8
S325000268E0127A012A25D1214E4FEA431E06EB43130D684C688868CA6846F80E505C609860F8
S32500026900DA600D694C698869CA691D615C619861DA610EE001339BB2182B08D838B9134A97
S3250002692002EB4312D288002AF4D10120F2E7012800D070BD013B0D4D4FEA431E05EB43132E
S32500026940D1F800C04C688868CA6845F80EC05C609860DA60D1F810C04C698869CA69C3F8AA
S3250002696010C05C619861DA61E3E700BF142E002070B582B01D46BDF81C600023019301AB15
S32500026980FFF7A8FC012803D00024204602B070BD0446324601990A31284608F01BFC069B3B
S325000269A01E80F2E7012800D0704708B5094B1970094B93F82E318B4200D108BD064B4BF6DB
S325000269C0BE22A3F82C2183F82E11002102F026FDF3E700BF1C37002034310020F8B507466C
S325000269E00D464FF0000C6646644601E00CF1010C9C450CD25CB90CEB4C0E02EB8E0EBEF84C
S32500026A00040029898842F1D176460124EEE794B1E4B901242046F8BD0CF1010C9C450DD28A
S32500026A2064B90CEB4C0102EB810188880028F3D10E460124F0E74FF0000CEFE7002CE7D12D
S32500026A40BB680121587FFFF7ADFFE1E7002EE1D02B89B3806B89F380AB7C33722B7C737223
S32500026A606B7CB3729DF81C30012B06D000219DF8180002F0D3FC0024CCE7BB6A53B11B680D
S32500026A80597A012901D00021F1E76B89052BEED90021ECE70021EAE783685B7F012B01D094
S32500026AA00120704700B583B0019200931423034AFFF794FF03B05DF804FB00BF3431002090
S32500026AC0F8B50646414B01221A54002416E0002705EB45033E4A52F8330083689B691B7898
S32500026AE0B3423AD005EB4503394A02EBC3039A7C8A4252D1012F53D00134A4B2182C63D8BF
S32500026B00254604EB4403324A02EBC3031B89002BF2D004EB440302EBC3031B7DDB09EBD0EC
S32500026B2004EB440302EBC303997C11F04207CED104EB440352F833309B6893F82130B342AF
S32500026B40C6D101F0FB0304EB4402214800EBC20293748B42BCD00127BAE705EB450302EB0C
S32500026B60C3031B7D13F0080FBCD005EB450302EBC3031B7D13F0040FB4D105EB450302EBC6
S32500026B80C3031B7C002BADD005EB4502104B03EBC20300221A740127A4E7FFF7FFF9A9E7C2
S32500026BA00B4805EB4503002200EBC30150F83300FFF772FF00289FD105EB4505044B53F823
S32500026BC03500FFF710FA97E7F8BD00BF7C2C0020202A00202DE9F84F0E4692460768002438
S32500026BE0A04623461AE030680BF1080318442A460021023008F0FAFA3CE030680BF10803DF
S32500026C0018442A460021023008F0F0FA09EB0B039BB201E04FF001080134A4B2042C2DD833
S32500026C20A00057F82420117C41BBB8F1000F25D1557A1FFA85F9E9181229EBDC1188326846
S32500026C40090A1A44917203F1010C39583268097812FA8CF2917202331FFA83FB3B585B685C
S32500026C60002BCAD030680BF108021044023098470028B8D109EB0B039BB2CDE7AAF80030BE
S32500026C80BDE8F88F2DE9F84F0F46924606680024A04623461AE038680BF1080318442A46E8
S32500026CA00021023008F0A2FA33E038680BF1080318442A460021023008F098FA09EB0B0380
S32500026CC09BB201E04FF001080134A4B2072C24D8A00056F82420117CF9B9B8F1000F1CD166
S32500026CE0557A1FFA85F9E9181329EBDC3968127A19448A7201331FFA83FB3358DB68002BD8
S32500026D00D3D038680BF108021044023098470028C1D109EB0B039BB2D6E7AAF80030BDE880
S32500026D20F88F0000F0B587B00546019114461F460026ADF81660049608462022314608F072
S32500026D4055FA2846FFF752FB012C19D0022C1ED000230493049868B303681BB1012C1DD037
S32500026D60022C21D000238DF80F30BDF816302BBB019B0022DA80BDF816209A8007B0F0BDA3
S32500026D80FF28E3D004A92846FFF736FBE2E7164B1B681B69002BDBD00493DBE70DF1160259
S32500026DA001A9FFF717FFDDE70DF1160201A9FFF769FFD7E7019B0022DA80D3E73B462246BA
S32500026DC00DF10F012846FFF7ADF90028D0D101982B88C380BDF8163083809DF80F304372B4
S32500026DE00472FFF705FDC9E7002A002038B54FF0000C644601E00CF1010C94450CD25CB98A
S32500026E000CEB4C0E01EB8E0EBEF80450B0F800E07545F0D10124EEE70CB9204638BD0CEB73
S32500026E204C0292000C3A8D18002088506860A8600146184602F0F2FAEFE7000038B5034628
S32500026E400846012908D04FF0000C6546B3F800E035B100231C4606E04FF0190C0F4DF5E76C
S32500026E6000240BE00133634507D234B905EB031292887245F6D10124F4E70CB9204638BD9C
S32500026E8003F18053013B1A0105EB03130021A95059609960D96002F0D0FAEFE76C32002071
S32500026EA02DE9F8438946012907D000252E46078836B14FF00008444606E019250F4EF6E76B
S32500026EC04FF0000811E00134AC420BD206EB4410C388BB42F7D12022002108F087F94FF003
S32500026EE00108F0E7B8F1000F02D14046BDE8F8830021484602F09AFAF7E700BFFC33002058
S32500026F002DE9F04106460024414B1C543EE004EB440352F833309B6893F82130B34246D1CA
S32500026F2004EB440702EBC70797F8128008F0FD03BB7443F04003BB74384602F032FA7B7DD3
S32500026F406FF300037B75BA7C424509D105EB4503304A52F833309B694BB30220984726E0D5
S32500026F6004EB440341462B4850F83300FFF716F8ECE74BB105EB4503264A52F833309B6833
S32500026F8093F82230B34233D00134A4B2182C3DD8254604EB44031F4A02EBC3031B8933B1EB
S32500026FA004EB440302EBC3031B7DDB09AFD105EB4503184A02EBC3031B89002BD9D005EB2F
S32500026FC04502144951F83220926892691278B242CFD105EB450201EBC20202F11001127DDD
S32500026FE06FF382020A71D2B26FF3C3020A71C0E7134605EB450203EBC202117D6FF34101E7
S325000270001175CBB26FF300031375BDE7BDE8F0817C2C0020202A0020431E9BB2182B07D8BC
S32500027020013800EB4000044B03EBC0000860704700230B60704700BF202A002000B583B072
S325000270400023019338B101A90088FFF7E5FF019B2BB1588900E0002003B05DF804FB0020FC
S32500027060FAE710B582B00023019370B10C4601A90088FFF7D1FF019B53B1012C02D093F9E3
S325000270800E0003E093F90F0000E0002002B010BD0020FBE7F0B583B006460C4617461D46A5
S325000270A001A90088FFF7B8FF0199098901B10DB903B0F0BD2A460021384608F097F8611ED0
S325000270C00629F5D8DFE801F0040F222D38434A00012D05D0AB1E0022FA546B1EFA54E7E7EC
S325000270E000233B70E4E73046FFF7A8FF012D06D0AB1EC0F30722FA546B1EF854D8E7FE282B
S3250002710001D8C0B200E0FF203870D1E7012D05D0AB1E0022FA546B1EFA54C9E700233B702C
S32500027120C6E7012D05D0AB1E0022FA546B1EFA54BEE700233B70BBE7012D05D0AB1E002284
S32500027140FA546B1EFA54B3E700233B70B0E700213046FFF786FF6B1EF854A9E701213046F4
S32500027160FFF77FFF6B1EF854A2E700002DE9F04F85B0824601939DF838300093B0F8009087
S32500027180D0F80CB000231F461C4601E001339BB2934207D237B901EB0314A0884845F5D1FB
S325000271A00127F3E7AFB1002C5AD0BBF1000F1CD04FF000084746454628E001339BB29342AB
S325000271C00AD24CB901EB03108588002DF5D10446F3E700231C46F2E7002CE4D1DAF808305A
S325000271E00121587FFFF7DEFB3DE0002739E0009A012A07D19A6842B32718063738469047FD
S32500027200E0B901273544ADB208F10108B8F10A0F27D85BF8283023B31A79022AF4D05E8820
S32500027220284671190A291CDC012AE3D0002ADED1A188BAF800209142DCD1D8E73246FF219A
S32500027240384607F0D3FF0127DCE7197B0029D9D02218334606325046FFF71CFF0127D1E71C
S32500027260002704B11FB9384605B0BDE8F08FA4F804902046FFF70AFA104B1B78012BF2D08F
S325000272800023039303A9BAF80000FFF7C5FE039B83B1DAF828207AB11268517A012904D0BC
S325000272A00021019802F0C9F8DDE75B89052BF8D90021F6E70021F4E70021F2E7042A00206E
S325000272C000B583B00C4B1B78012B07D083685B7F012B0BD0002003B05DF804FB009100232A
S325000272E019220649FFF742FF0020F4E7009119220349FFF73BFFEEE7042A0020842C00208F
S325000273006C32002070B582B005464FF0000C644601E00CF1010C9C450DD264B902EB4C10FF
S32500027320C688B1F806E07645F3D1467A487A8642EFD10124EDE714B94FF0000C22E00CF1CF
S32500027340006C0CF1FF3C4FEA4C1E02EB4C1C0E684C688868CB6842F80E60CCF80440CCF8C8
S325000273600800CCF80C300E694C698869CB69CCF81060CCF81440CCF81800CCF81C3034E060
S325000273800CF1010C9C4507D234B902EB4C10C0880028F5D10124F3E73CB9AB680121587FB5
S325000273A0FFF700FB204602B070BD0CF1006C0CF1FF3C4FEA4C1E02EB4C1C0E684C688868DC
S325000273C0CB6842F80E60CCF80440CCF80800CCF80C300E694C698869CB69CCF81060CCF8AD
S325000273E01440CCF81800CCF81C300023019301A92888FFF711FE019B8BB1AA6A8AB112688E
S32500027400517A012906D000219DF8180002F00EF80124C7E75B89052BF6D90021F4E7002100
S32500027420F2E70021F0E700B583B001A90088FFF7F3FD0198E8B101F0B4FF019B50229A7481
S325000274401A7D6FF304121A7500225A811A74197D62F382011975C9B262F3C30119755A740F
S32500027460C9B262F300011975C9B262F3410119755A6003B05DF804FB2DE9F843054616464C
S325000274808068407F012805D00020107004462046BDE8F8830F461C460123192211492846F1
S325000274A0FFF7A4FC8146012801D04FF00009224601212846FFF7F4FC8046012800D0C8467A
S325000274C0224601212846FFF7B9FC0446012800D04446012F02D001233370D8E72846FFF748
S325000274E0A2FFF8E734310020F0B583B00446857C15F0080637D0037D03F0010213F0020FB8
S3250002750003D152BB00273E462EE013F00107F8D1437CFF2B1CD0013343740126206883689B
S325000275205B690BB3627C1B789A421DD30021617405F0F702A27422F00402A2740B460DF10D
S325000275400702FFF799FF012804D0002323740BE03E46E3E707460646F7E7667C66B1002705
S325000275606774012600E03746A27CAA4206D1012E09D0304603B0F0BD3746F5E72946206895
S32500027580FEF70CFDF3E757B9002221462068FFF783FA0028EDD12068FEF725FDE9E720689A
S325000275A0FEF721FD23689B680021587F01F036FFDFE700002DE9F04F83B0042862D9002728
S325000275C0BA46B946B846012464E0DFF8F0B004EB4400C30001930BEBC000FFF785FF804646
S325000275E0019B5BF803309B6A1BB11B685B7A012B3FD00134A4B2182C4BD804EB44032F4A5C
S3250002760002EBC3031B89002BF3D004EB440352F83330002BEDD09B68002BEAD093F820209F
S32500027620012AE6D193F82220B242E2D15B7F042BCBD0012BDDD1DFF884B004EB4400C3006D
S3250002764001930BEBC000FFF74FFF8146019B5BF803309B6A002BCCD01B685B7A012BC8D1C2
S3250002766004EB44050BEBC5056A89052AC1D89A46BFE704EB44050BEBC5025289052AB8D83A
S325000276801F46B6E706460027BA46B946B8463C46B1E70024B9F1010F06D0B8F1010F08D011
S325000276A0204603B0BDE8F08F5146012001F0B6FEF3E73946042001F0B1FEF1E7202A0020C9
S325000276C0042818D838B505460C4619B1012905D0012038BDFFF714FC2046FAE7074B1B5C07
S325000276E0012B01D10020F4E7FFF7EAF92846FFF761FF0020EDE70120704700BF7C2C002099
S325000277002DE9F04782B005460F4690460024A246A146264602E004260134A4B26B89A3429D
S325000277201ED9EEB9002301936B6801A933F81400FFF772FC019B002BEDD01A68032FEBD0D9
S325000277409268527F9742E7D193F91420002AE3DA9B7C43EA0A0A09F101091FFA89F9DBE765
S3250002776086B9B9F1000F16D0012B17D94FEA5A0303F010034FEA4A1202F04002134383F0D9
S32500027780FF0300E0FF2303EA0A0A88F800A0304602B0BDE8F087FF230226F4E7FF23F2E758
S325000277A02DE9F04182B006460D460DF10702204B9978FFF7A5FF002835D104469DF8077008
S325000277C039461B4B1878FEF7F9FA01282CD1184B5B78012B03D033685B68FF2B24D0144B0E
S325000277E093F80380B8F1010F0AD0B8F1000F1BD131461879FEF7B8FB012801D0444613E015
S325000278000B4B5B79012B0FD13046FEF7BAFA01280AD1074B197A3046FEF7F3FA012803D1CD
S325000278202F70044600E00024204602B0BDE8F081142A0020084B1B681A68431E9BB2182B7E
S3250002784006D8342303FB00F0343810440860704700230B60704700BF002A00202DE9F04387
S3250002786083B080460F4615464FF0000C664601E00CF1010C9C450AD24EB905EB4C12D1880A
S325000278800029F5D0127A022AF2D10126F0E7BEBBB146002400E001349C420AD2B9F1000F5D
S325000278A007D105EB4412D288002AF4D14FF00109F1E7B9F1010F09D0D8F808300121587FA4
S325000278C0FFF770F8484603B0BDE8F08304F10064013C4FEA441C05EB441438687968BA68CF
S325000278E0FB6845F80C006160A260E36038697969BA69FB6920616161A261E361B146E1E77B
S32500027900002301930CF1006C0CF1FF3C4FEA4C1905EB4C1401A9E088FFF78CFF019B4BB1EE
S325000279209B689A7FD8F808309B7F934204D34FF00009C7E7FF22F5E738687968BA68FB685C
S3250002794045F809006160A260E36038697969BA69FB6920616161A261E361B146B2E70000AF
S3250002796083685B7F012B01D00020704730B583B004460D460093FFF7D5F9EB88A3B12B7AEE
S32500027980022B08D0012300931923094A29462046FFF7B8FC09E0012300931923044A29467C
S325000279A02046FFF75BFF00E0002003B030BD00BFFC33002030B583B005460C4600230193EF
S325000279C0009301A9FFF736FF019B93B169462846FFF722FB019B9B685B7F9C4201D00020DF
S325000279E008E0009B43B193F91430002B06DB002000E0002003B030BD0020FBE70120F9E769
S32500027A002DE9F843D8B10E46914607460024A04607E020220021284607F0E8FB4FF0010828
S32500027A200134B4420DD207EB4415E8880028F0D001224946FFF7BEFF0028F1D1E9E74FF033
S32500027A4000084046BDE8F8832DE9F0470646884691460024A24607E00023F3516B60AB6002
S32500027A60EB604FF0010A013444450CD2270106EB0415A8880028EFD001224946FFF79AFF43
S32500027A800028F0D1E8E75046BDE8F087F0B583B0054601A98088FFF7BFFA6946A888FFF71B
S32500027AA0C9FE019C002C5FD0EE8863891E44B6B2668195F9083003F02003A27C1343A37485
S32500027AC02A7A1A4012F0100F02D123F01003A37495F9087007F00C07A37C1F43A7746B7ADE
S32500027AE0C3F1FF01227C914220DAFF232374009820B12146FEF742FA01281AD0AB7AC3F1B9
S32500027B00FF01627C914218DAFF236374A27C12F0020F01D12B686360EB889E4210D001260E
S32500027B2012F0400F19D0304603B0F0BD13442374DDE747F00807A774E0E713446374E5E759
S32500027B40217C6B7A994201D00126E9E72E7A564016F03C06E4D00126E2E7297A01F03C01FD
S32500027B602068FEF71BFADEE70026DCE72DE9F04F83B001939DF830B000283AD088461646D0
S32500027B800746002A3BD0002B3CD00025AA4607E0002347F809306360A3604FF0010A013547
S32500027BA0454511D20023735505EB45044FEA840907EB8404A0880028EAD01A465946FFF7ED
S32500027BC0F9FE0028EBD1E3E70198FEF7DDFC002400E0013444450ED20023335504EB440011
S32500027BE007EB80008388002BF3D0FFF74FFF3055EFE74FF0000A504603B0BDE8F08F4FF07E
S32500027C00000AF8E74FF0000AF5E72DE9F04F85B004460F4690461E469DF8389000250395D1
S32500027C20029502A98088FFF705FE0298002871D083685B7FB34205D04FF00008404605B0E5
S32500027C40BDE8F08F43463A4603A9FEF7A9FA039B23B14FF00008C34645461CE0A846EDE7A0
S32500027C600398584404EB0B017A880631063007F0B1FAD04609E0584404EB0B017A880631EA
S32500027C80063007F0A7FA4FF001087B885B441FFA83FB0135ADB20A2D18D8029BDA6852F8A8
S32500027CA025709FB197F804A0BAF1020FF1D0BAF1010FD5D0BAF1000FE7D11A88039883880D
S32500027CC09A42D8D1B9F1010FDFD1D4E7B8F1010FB4D1A288039B9A800023019301A9029BD4
S32500027CE01888FFF799F9019B83B1029A926A7AB11268517A012904D00021304601F09DFB5E
S32500027D009CE75B89052BF8D90021F6E70021F4E70021F2E74FF0000890E700002DE9F04FEC
S32500027D208FB005460F46164606939DF8603007939DF864B00DA9FFF77DFD0D9B93F8039013
S32500027D40DB6A05930024039402940FE020220021404607F04BFACDF80CB006E0202200210F
S32500027D60404607F043FACDF80CA00134B4421AD207EB4418B8F80630AB42F6D198F808A099
S32500027D80BAF1010FF1D198F8092049460598FEF7F3F90128E2D1BBF1010FD7D0029B013388
S32500027DA09BB20293E1E700239B4601E001339BB2182B10D8654A02EB4312D288AA42F5D183
S32500027DC0624A02EB4312127A012AEFD10BF1010B1FFA8BFBEAE7B9F1000F37D01FFA89F963
S32500027DE0029B99450FD0029B994528D9A9EB03091FFA89F35B4528BF5B469A46ABEB0303CC
S32500027E009BB2049326E00BF1FF339BB2049309F1FF391FFA89F302934FF0010A1AE0013489
S32500027E20B4420ED207EB4410C388AB42F7D1037A012BF4D12022002107F0D8F9EFE700248B
S32500027E40EEE7DA4600230293049303E00023029304939A46BAF1000F47D103980FB0BDE8F3
S32500027E60F08F0123099A13703A460134A4B2182C2CD85ABB354B03EB4413DB88AB42F4D1EF
S32500027E80324B03EB44135B7AB342EED12F4B03EB44131F7A012FE8D1069B181909901B5D6B
S32500027EA0002BE2D1029B059A134418F80320274B03EB44114A72079B00930B9B0A9A0D9881
S32500027EC0FFF720FA0128CCD10890CAE709F101091FFA89F9CA4511D9CDF81490049B4B444C
S32500027EE018F8036000242246C1E74FF00009CDF82090DDF814800A970B96EBE7D34521D888
S32500027F00089B012BA9D10CA90D9B1888FFF784F80C9B002BA1D01A7D42F010021A759CE771
S32500027F2001339BB2182BEBD8084A02EB4312D288AA42F5D1054A02EB4312127A012AEFD10A
S32500027F40CA54EDE700230699ECE700BF142E0020F0B585B004460E4617461D4603A9C08845
S32500027F60FFF768FC012D01D005B0F0BD03980028FAD000953B4632462146FFF76FFC012832
S32500027F80F2D102A9039B1888FFF746F8029B002BEAD01A7D42F010021A75E5E72DE9F04FEC
S32500027FA08FB082468946934603939DF860700026059606960796089609960A968DF82C6027
S32500027FC0344622E0334B03EB4413039A5946D888FDF7BFFEB8B12F4B03EB44131B7A022B23
S32500027FE043D118F0080F0ED03FE02A4B03EB451500230193009705AB4A465146E888FFF701
S325000280008DFE012840D00134A4B2182C3ED82546204B03EB4413D8880028F4D001223946A6
S32500028020FFF7C8FC0128EED100230C930D93194B03EB44180CA9B8F80600FEF7EDFF0DA984
S32500028040B8F80600FFF7F6FB0C9B002BDBD00D9A002AD8D09268527F93F81280002AD2D0D1
S32500028060B8F1FF0FCFD09742ACD00A4B03EB45131B7A012BB9D03B464A465146054800EB88
S325000280804510FFF765FFBEE70646BCE730460FB0BDE8F08F142E00202DE9F04F91B00746F7
S325000280A0002309930A930B930C930D930E938DF83C3001281AD1DFF87882DFF878B21925C9
S325000280C0954E0097954B09AA29463046FFF74EFD82469348FEF7B0FB3A4629465846FFF79F
S325000280E08FFC0390002305931C4605E098469B461D461E46E5E70134AC4280F09C80002E29
S3250002810036D004EB440906EB8909B9F804000028F1D004F140036B4413F81C3C012BEAD1C3
S3250002812000230793089308A9FFF784FB07A9B9F80400FEF771FF07990029DCD008980028B2
S32500028140D9D00022FEF7A8FC0028D4D1079A137D43F010031375089B9B6A002BCBD01B68F6
S325000281605B7A012BC7D15289052AC4D80593C2E70024B94609E004EB44036A4A02EBC303CE
S325000281809B7C13F0020F2ED10134182C56D804EB4403644A02EBC3031F89002FF4D004EBE5
S325000281A0440302EBC3039B7C13F0400FECD12A4631463846FDF7CDFD0028E5D108A9384667
S325000281C0FFF738FB08980028D5D083685B7F4B45D1D104EB4403534A02EBC3039A7C5021FD
S325000281E0FDF7DCFEC7E704EB440300224D4901EBC3010898FEF750FC0028C5D104EB440388
S32500028200484A02EBC3031A7D42F010021A75089B002BB9D09B6A002BB6D01B685B7A012B16
S32500028220B2D104EB44013F4A02EBC1025289052AAAD80593A8E70024B946A6E74F464A46BE
S3250002824029464046FFF700FC81463748FEF742FA002304931C4600E00134182C37D8334BB6
S3250002826003EB04139B88002BF6D0002300933B462A4641462D4800EB0410FFF7C6FC01285A
S32500028280EAD1002307930893284B03EB041308A99888FFF7CFFA089B1BB107A91888FEF707
S325000282A0BBFE079B002BD7D01A7D42F010021A75089A002AD0D0926A002ACDD01268527AAA
S325000282C0012AC9D15B89052BC6D80492C4E700972B46324629465846FFF760FE044601288A
S325000282E000D0039CBAF1010F07D0B9F1010F09D0012C0CD011B0BDE8F08F0599384601F0E7
S325000283008DF8F2E70499384601F097F8F0E70021384601F08BF8EDE734310020F4290020DC
S32500028320FC290020202A0020F8290020842C00206C320020FC330020042804D8044B1B5C9A
S325000283401BB100207047002070470120704700BF7C2C002008B583689B691878FFF7ECFF1F
S3250002836008BD38B505460C46FFF7F4FF012800D038BD237D13F0040FFAD1237CFF2B05D0B0
S3250002838001332374237D43F01003237521462846FDF7F4FD012804D0237D43F00403237563
S325000283A0E6E7A37C43F00803A374237D43F010032375F1E7002A78D070B505460846144694
S325000283C02A46214600F0F7FF237D6FF304132375DBB26FF345132375DBB26FF38613237528
S325000283E00023E3740646002838D0012822D1A37C13F0010F0AD163894FF6FF72934201D00E
S3250002840001336381237D43F010032375AB6893F82200FFF791FF01281BD000236374214603
S325000284202846FFF79EFFA37C43F02703A37423F05003A37494F90E3094F90F209342B8BF50
S325000284401346E373237D13F0100F01D0012E28D070BD237D43F001032375DEE7A37C13F028
S32500028460010F03D0227D42F01002227523F00103A374AB6893F82200FFF75EFF01280BD052
S32500028480AB689B691878FFF757FF0128D2D1237D43F008032375CDE7237D43F0020323757B
S325000284A0EEE72046FEF74CF8D2E7704770B58EB004460D4600230C930DA9FFF7BBF90D9B06
S325000284C03BB19B6893F82100FFF736FF0646012801D00EB070BD0CA92046FEF79DFD0C9A4D
S325000284E0002AF6D029460D98FFF764FF0C9B1A7D12F0300FEDD012F0100F05D09A7C12F0CD
S32500028500010F02D1002600E00026DA7C0DF10E0301930DF10D0300930DF10F030121304602
S32500028520FDF7FAFE9DF80D30012B21D09DF80F30012BCED10D9C2046FDF758FFFF2820D147
S325000285400D98836A002BC4D043681B68002BC0D0012300930023022204A9FEF7E3FBBDF8A6
S325000285601630002BB5D004A90D98FEF787F9B0E70D98C368002BD9D09DF80E10FEF7A0FEB5
S32500028580D4E701220092002304A92046FEF7CAFBBDF81630002BD3D004A90D98FEF76EF9FC
S325000285A0CEE7F0B58FB004460E460DA9FFF742F90CA92046FEF730FD0D9D002D00F09E8073
S325000285C00C9B002B00F09E8093F91430002B01DB012494E0AB6893F82100FFF7ADFE044699
S325000285E0012801D001248AE02846FDF7E5FE0546012840F084800C9A947C31460D98FFF735
S32500028600D9FE0C990B7D13F0300F2FD013F0100F05D08B7C13F0010F2ED1002600E00026D1
S3250002862032460D98FEF738FA074600B100250C9BDA7C0DF10F0301930DF10D0300930DF18B
S325000286400E0329463046FDF767FE0D9E3046FDF715FD38B99DF80D30012B0FD09DF80E30FB
S32500028660012B17D0012D30D0012F3BD00C9B9A7CA2423DD1002442E02E46D1E7F368002BCF
S32500028680ECD09DF80F103046FEF71AFE0128E5D10546E3E70D9E3046FDF7A8FEFF2818D120
S325000286A00D9E73681B68002BDCD0012DDAD10C9B997C2046FDF78EFE0128D3D1022204A9B9
S325000286C03046FFF74DF90128CCD10D98FDF78BFCCAE7012204A93046FFF742F90128DFD1F9
S325000286E00546DDE70C9A937C23F008039374BDE721461868FDF752FC002400E0012420462D
S325000287000FB0F0BD0124FAE7002800F0A7800368002B00F0A38010B582B0514A13600023CF
S32500028720042B05D84F4A0121D1540B449BB2F7E70024182C09D804EB44004B4B03EBC0000B
S32500028740FDF760FC0134A4B2F3E7454B1B681C6800E0343494F83030F3B901A92088FEF79E
S325000287605BFC019B002BF4D022881A811C60208800F0FBFD019B9873D87300229A81A26885
S32500028780126911781A7D61F3C7121A7552B2002ADFDB00229A74DCE74FF0000C0DE0334AEA
S325000287A002EB40121A440021917201339BB2132BF5D90CF1010C1FFA8CFCBCF1180F0AD802
S325000287C060462A494FEA4C1201EB4C140023E380A3808B50EBE74FF0000C03E00CF1010C07
S325000287E01FFA8CFCBCF1180F13D8604620494FEA0C1201EB0C1400238B50A380092BEDD885
S325000288001B4A02EB00121A440021917101339BB2F4E7134B1B68DA6803E012F8020B154994
S32500028820C8545378FF2BF8D10024134B1C60134B1C60134B1C60134B1C7021462046FEF7F8
S325000288403FFF114B4FF0FF321A60104B1C7000F0FDFD0F4B01221A7002B010BD704700BFBF
S32500028860002A00207C2C0020202A0020142E0020842C0020E4290020FC290020F429002093
S32500028880F8290020082A0020DC2900201C370020042A002070B500230AE003EB4302D10021
S325000288A02B4A0A44117D6FF30411117501339BB2182BF2D9274B1B78012B05D0002108465E
S325000288C0FEF7FEFE002405E00120FFF7E5FBF9E70134A4B2182C18D804EB4403DA001C4B89
S325000288E013441B7D13F0100FF2D0194E650004EB4402D300F058FDF776FB2B19DA001644A4
S32500028900337D6FF304133375E2E7134BB3F82C214BF6BE239A4214D0104BFF201870012258
S325000289205A709A70DA70002119715A71D9800C4B19700C4B19221A809870064B02221A702F
S3250002894070BD054B93F82E21074B1A70E4E700BF202A0020042A002034310020142A0020B7
S32500028960082A0020782C00201C37002008B5064B1B78022B00D008BD01210020FEF7A0FE2E
S32500028980014B03221A70F6E7042A002008B5034B1B7803B908BD00F06DFDFBE7042A002000
S325000289A008B50C4B1A78931EDBB2012B0DD8022904D019B1032901D0012908D1032A01D1F2
S325000289C0012003E0FFF7EDFD00E0012008BD0120FCE700BF042A002008B5064B1B78022B06
S325000289E005D108B9012003E0FEF76AFE00E0012008BD00BF042A002008B50B4B1B7853B1FA
S32500028A00022904D019B1032901D0012903D1012B02D0022B05D008BD0129FCD8FFF746FD8E
S32500028A20F9E7FFF7BEFDF6E7042A0020FF230370002070472DE9F04782B01C469DF82880E8
S32500028A409DF82CA09DF83090244B1B78022B37D107460D4616464B1EDBB2012B34D8042CC7
S32500028A6003D0012C01D0032C30D1B8F1010F05D0B8F1000F2CD11AF01F0F2BD1B9F1010FBC
S32500028A802AD8012E01D901201BE00DF10700FFF7CDFF9DF8073017EA030203D1FF2F01D03B
S32500028AA001200EE00E4B1A705D709C7083F8038083F804A083F805900020D8801E7200E0CE
S32500028AC0012002B0BDE8F0870120FAE70120F8E70120F6E70120F4E70120F2E7042A00205B
S32500028AE0142A00202DE9F04383B02A4B1D78022D4AD10E461746012901D0042945D16946A2
S32500028B00FDF7A6FA8046012823D001253DE093F91420002A04DA9B7C43EA090900E004256D
S32500028B200134A4B2009B5A89A24216D9ADB9002201925B6801A933F81400FEF76DFA019B92
S32500028B40002BECD01A689268527F9642DFD04546E6E70024A1462546E4E76DB9012A11D97E
S32500028B604FEA590303F010034FEA491202F04002134383F0FF0300E0FF2309EA030987F83F
S32500028B80009002E0FF23F8E70425284603B0BDE8F08300BF042A0020104B1B78022B19D1E6
S32500028BA070B582B00646B8B10D4B1B685C68002500E01034637B4BB90DF107012046FEF776
S32500028BC0EFFD0128F5D10135ADB2F2E73580002002B070BD012070470120F9E7042A002069
S32500028BE0002A0020214B1B78022B36D1F0B583B006460F46002832D0002932D01C4B1B6838
S32500028C005C681C4BDB8804EB031400250BE023681B6833609DF807303B700546154AD3888B
S32500028C200133D38010348DB9637B7BB90DF107012046FEF7B5FD0128F0D10E4B1B7A012BF2
S32500028C40E5D023685B681B023360E3E75DB9094B0022DA80012003B0F0BD0120704701202F
S32500028C60F9E70120F7E70020F5E700BF042A0020002A0020142A0020012070472DE9F04F2F
S32500028C8085B0514B93F800A0BAF1020F40F0928080460F469146012900F29280D346002475
S32500028CA00123009305E0AB685B7F4B452ED00134A4B2182C72D8264604EB4403434A02EB60
S32500028CC0C3031B89002BF2D004EB440352F83350002DECD0AB6A002BE9D03A4629464046DB
S32500028CE0FDF7C2F80128DED0012F51D0002FDED1AB6A1B685B68B8EB032FD8D1A86AFDF7D9
S32500028D0040F80028D3D14FF0010BD0E72846FDF7B5F901900028CAD12846FDF7A0FB0128BB
S32500028D2004D0019B00934FF0040BC0E700238DF80F3004EB4401254A02EBC10292F812B0AD
S32500028D400DF10F0201212846FEF796FB9DF80F20CAB101280ED006EB46061C4B03EBC60642
S32500028D60B27C5A450AD1AB697BB101209847DDF804B09CE72846FDF736F9ECE75946284686
S32500028D80FDF70CF9EFE7D34691E7DDF804B08EE7AB6A1B681B684345A8D1AFE76FF07F439A
S32500028DA0984509D1009B012B06D100214846FDF7F9FD01E04FF0040B584605B0BDE8F08F17
S32500028DC04FF0040BF8E700BF042A0020202A002070B582B0124B1D78022D1DD104460E46E3
S32500028DE06FF07F43984202D0CC3B984205D1731EDBB2012B09D901250FE06B4601AA012128
S32500028E00FDF716F8012808D1F1E7064B5C601E7201221A70002500E00125284602B070BDAC
S32500028E20042A0020082A0020044B1B78022B03D10020034B1870704701207047042A0020D4
S32500028E40082A00202DE9F04F89B01C4600230693ADF81230574B93F80090B9F1020F40F07D
S32500028E60A0800F461546002C00F0A080129B002B00F09E80B3F800A0312A01D9042691E0DD
S32500028E8003A9FDF7E5F8064601287CD0012689E00DF1120306AA2846FDF7B1F906460128B8
S32500028EA019D0042608F101081FFA88F8039B5A8942456ED9002207925B6807A933F818003C
S32500028EC0FEF7B8FC07990029ECD08B685B7F9F42DED04E46E6E7069A5388534551D81179D9
S32500028EE0022928D0012F04D0042F02D083464E46D8E73A4605A9079B1888FDF7A7F9834655
S32500028F00012802D0B3460026CCE7BDF81220059B1344069A5288991D019EA01906F05AF9CD
S32500028F20069B5B88AAEB030A1FFA8AFA33449BB201930026B6E7916871B120468847069B5A
S32500028F405B88AAEB030A1FFA8AFA019A13449BB20193B3460026A5E7117B09B98346A1E7CA
S32500028F6022460798FEF796F8069B5B88AAEB030A1FFA8AFA019A13449BB20193B3460026AA
S32500028F8090E705268EE74FF00008C346CDF804808CE7BBF1010F05D1129B019A1A8000260C
S32500028FA000E00126304609B0BDE8F08F0126F9E70126F7E7042A00202DE9F04F89B01C4605
S32500028FC000230693ADF81630514B93F80090B9F1020F40F092800E461546002C00F0928051
S32500028FE0129B002B00F09080B3F800A0BAF1010F40F28C80AAF1020A1FFA8AFA022A01D903
S3250002900004277BE004A9FDF723F80746012801D0012773E025704FF0000B84F801B0D8461A
S32500029020CDF80CB00BE006AA2846FDF7F5F90746012819D0042708F101081FFA88F8049BF8
S325000290405A89424547D9002207925B6807A933F81800FEF7EFFB07990029ECD08B685B7FDC
S325000290609E42E0D04F46E6E70DF1160206A92846FDF710F9BDF8163053452AD8012E04D02E
S32500029080042E02D003974F46D5E7ADF814A00BF1020207990888019305AB0093A318324646
S325000290A02946FDF765FC0390012802D003970027C1E7069B9A88637813446370BDF814302C
S325000290C0AAEB030A1FFA8AFA9B441FFA8BFB0027B1E70627AFE717B1039B012B0ED1129B2B
S325000290E0A3F800B0BBF1000F05D00BF1020BA3F800B0002702E0002700E00727384609B0C4
S32500029100BDE8F08F0127F9E70127F7E70627F5E7042A0020204B1B78022B36D12DE9F04145
S3250002912082B005460E46002931D0012831D80024274601E00134A4B2182C1ED8174B03EB73
S325000291404413D8880028F5D00023019301A9FDF763FF019B002BEDD0D3F8008029464046E8
S32500029160FCF735FE0128E5D1D8F82800FCF709FE0128DFD10137BFB2DCE73780084B9D7094
S325000291800020188002B0BDE8F081012070470120F8E70120F6E700BF042A0020FC33002015
S325000291A0782C00202DE9F04F83B02E4B1B78022B4BD105460E4600284DD000294ED02A4B66
S325000291C01C8800274FF001090CE0019B1B689B6A1B681B682B60631C234A1380B946074607
S325000291E00134A4B2182C32D8002F30D11F4B03EB4413D8880028F3D00023019301A9FDF70F
S325000292000BFF019B002BEBD0D3F800A0164B93F802B059465046FCF7DAFD0128E0D1DAF806
S325000292202800FCF7AEFD0128DAD1104B03EB441898F809303370BBF1010FC6D0019B1B680A
S325000292409B6A1B685B681B02C4E74FF00109484603B0BDE8F08F4FF00109F8E74FF00109D4
S32500029260F5E700BF042A0020782C0020FC330020064B1B78022B05D10D2805D8044B195435
S32500029280002070470120704701207047042A0020E429002001207047704738B503460C46AD
S325000292A00A68926892685168032840D8DFE800F04B3C1F02B4F90C20B1F90A00824236DA84
S325000292C0087801280BD0B4F90C504A8805EB020CB1F90A00844508DAA4F80CC027E0B1F9B1
S325000292E008008242EFDAA081EDE7A0811FE0B4F90C20B1F90C00824219DD487801280BD0AF
S32500029300B4F90C208D88A2EB050CB1F90C00844508DDA4F80CC00AE0B1F906008242EFDDC3
S32500029320A081EDE7A08102E0B1F90A20A281B4F90C00B1F90A20904209DAB1F90C2090424C
S3250002934011DC002504E0B1F90C20A281EFE70125FFF7A0FFA07394F90F309842B8BF1846F7
S32500029360E073284638BD1D46F2E700B583B00023019301A9FEF75EFA019B73B19B689B6897
S325000293806BB11A78012A03D0002003B05DF804FB59680020FFF77EFFF7E70020F5E70020A4
S325000293A0F3E710B504460089FFF7DFFFA073E0730023A38110BD08B593689B681BB11B78CB
S325000293C013B1012B03D008BDFFF766FFFBE7FFF764FFF8E70120014B187070471D37002068
S325000293E0014B1870704700BF1D370020094B33F810303BB100EB4002074B134401225A7039
S32500029400914200D0704700EB4000034B18448270F8E700BFE42A040020370020012800D003
S32500029420704708B50020FFF7E1FF08BD012800D0704708B5FFF7DAFF08BD012800D0704744
S3250002944008B50220FFF7D2FF08BD000000230CE0074803EB430100EB010C00228CF801204A
S325000294608CF8022042540133DBB2022BF0D970472037002070B582B000240EE005EB450322
S325000294802A4A0221D15405EB4503284AD35C022B19D0032B35D00134E4B2022C44D8254666
S325000294A004EB4403214AD35C002BECD104EB44021E4B13449B78012BE0D01C4B13445B7877
S325000294C0012BE0D1DAE71A4B33F815600DF1070130460BF0A7F90028DDD19DF80730022BFB
S325000294E0D9D0002130460BF0D7F90028D3D10F4B05EB45055A1900219170517003225A55CF
S32500029500C9E70DF107010A4B33F815000BF08AF90028C0D19DF80730022BBCD005EB450502
S32500029520024B00225A55B6E702B070BD20370020E42A040008B510F01DF820B10321012018
S32500029540FFF72EFA08BD02210120FFF729FAF9E708B510F013F820B103210220FFF720FAF4
S3250002956008BD02210846FFF71BFAF9E708B510F00DF820B103210846FFF712FA08BD0221D3
S325000295800320FFF70DFAF9E708B510F009F820B103210420FFF704FA08BD02210420FFF7F6
S325000295A0FFF9F9E708B510F003F820B103210520FFF7F6F908BD02210520FFF7F1F9F9E747
S325000295C008B50FF0FFFF20B103210620FFF7E8F908BD02210620FFF7E3F9F9E708B50FF05B
S325000295E0F9FF20B103210720FFF7DAF908BD02210720FFF7D5F9F9E708B50FF0F5FF20B152
S3250002960003210820FFF7CCF908BD02210820FFF7C7F9F9E708B50FF0EFFF20B103210920CD
S32500029620FFF7BEF908BD02210920FFF7B9F9F9E708B50FF0EBFF20B103210A20FFF7B0F978
S3250002964008BD02210A20FFF7ABF9F9E708B50FF0E5FF20B103210B20FFF7A2F908BD02213D
S325000296600B20FFF79DF9F9E708B50FF0E1FF20B103210C20FFF794F908BD02210C20FFF701
S325000296808FF9F9E708B50FF0DBFF20B103210D20FFF786F908BD02210D20FFF781F9F9E7C8
S325000296A008B50FF0D7FF20B103210E20FFF778F908BD02210E20FFF773F9F9E708B50FF072
S325000296C0D1FF20B103210F20FFF76AF908BD02210F20FFF765F9F9E708B50FF0CDFF20B191
S325000296E003211020FFF75CF908BD02211020FFF757F9F9E708B50FF0C7FF20B103211120DD
S32500029700FFF74EF908BD02211120FFF749F9F9E708B50FF0C3FF20B103211220FFF740F9FF
S3250002972008BD02211220FFF73BF9F9E708B50FF0BDFF20B103211320FFF732F908BD022154
S325000297401320FFF72DF9F9E708B50FF0B9FF20B103211420FFF724F908BD02211420FFF710
S325000297601FF9F9E708B50FF0B3FF20B103211520FFF716F908BD02211520FFF711F9F9E74F
S3250002978008B5444B1B78012B40D0434B1A6801321A6042490B6801330B6041490B6801331B
S325000297A00B6040490B6801330B603F490B6801330B603E4BA3FB02135B09642101FB1323AA
S325000297C063B3374B1A68394BA3FB02131B09322101FB132383B3314B1968354BA3FB012312
S325000297E023F0010202EB5303994235D02D4B1A68304BA3FB02131B0B41F2883101FB1323BC
S325000298001BB92D4B1B78002B3ED008BD00210120FFF7E2F81F4B00221A70B6E7FFF78AFE20
S32500029820FFF796FEFFF7A2FEFFF7AEFEFFF7BAFE194B00221A60C4E7FFF7C2FEFFF7CEFE8D
S32500029840FFF7DAFEFFF7E6FEFFF7F2FEFFF7FEFE134B00221A60BEE7FFF706FFFFF712FFDF
S32500029860FFF71EFFFFF72AFFFFF736FFFFF742FFFFF74EFFFFF75AFFFFF766FFFFF772FFF8
S32500029880064B00221A60B1E700F048FB0A4B01221A70BAE76C05FF1F2C37002030370020CC
S325000298A034370020383700203C3700201F85EB51ABAAAAAA5917B7D14037002008B5064BCD
S325000298C0186001F037FA00F0C7FF012002F016FE024B01221A7008BD443700204837002010
S325000298E008B5064B1B78012B00D008BD01F04CF803F00EFD01F0D6FAF7E700BF48370020CE
S3250002990008B58446064B1878012807D1BCF1070F05D80023604601F0DDFC00E0012008BDDD
S325000299204837002008B5034605480078012805D1072B04D8184601F045FD00E0012008BD51
S325000299404837002008B5054B1B78012B01D1072800D908BD002201F09BFDFAE748370020CA
S32500029960064B1B78012B01D00120704710B5044601F09EF908B10020207010BD48370020BA
S32500029980074B1B78012B01D00120704710B5044601F0AAF910B101232370002010BD00BF3E
S325000299A04837002008B5054B1B78012B01D1062800D908BD01F026FFFBE700BF4837002040
S325000299C0844607480078012808D1BCF1060F00D9704708B5604601F0A5FE08BD0120704706
S325000299E0483700200020704700207047022070477047012803D0032803D100207047002090
S32500029A0070470120704708B5012802D0032803D008BD11F049FCFBE711F046FCF8E70000EA
S32500029A2030B583B01446032800F2CC80DFE800F002606467654B00221A70012906D00229D8
S32500029A4023D0032934D03123237053E0FFF7C2FC012802D0222323704CE00121042007F0D1
S32500029A6067FB0121002007F063FB012007F01CFB00252570564B00937C23564A56490320C7
S32500029A8005F036FD554B1D7034E0012100200AF093F8012108460AF08FF800232370504B4C
S32500029AA0009389234B4A4C49032005F021FD21E00121042007F03CFB0121002007F038FB1E
S32500029AC0012007F0F1FA0025444B1D70012128460AF072F8012108460AF06EF82570414B55
S32500029AE0009394233B4A3C49032005F001FD01E03123137003B030BD31231370FAE7334B66
S32500029B0001221A70914206D0022925D0032937D031232370EEE7FFF75DFC012802D0222349
S32500029B202370E7E70021042007F002FB0021084607F0FEFA012007F0B7FA002323702A4B31
S32500029B40009340F20113234A2349032005F0D0FC224B03221A70CDE7002108460AF02CF80A
S32500029B60002101200AF028F8002323701F4B00934FF48773174A1849032005F0B9FCB9E762
S32500029B800021042007F0D4FA0021084607F0D0FA012007F089FA0325104B1D700021084669
S32500029BA00AF00AF8002101200AF006F8002323700F4B009340F21913064A0749284605F063
S32500029BC097FC97E71223137094E700BFF8830020242B0400EC2A04001C2B04006D05FF1F97
S32500029BE0382B04004C2B0400602B0400742B0400882B04000020704700230B807047002036
S32500029C001870704700230B80704702280AD003280AD0012801D001207047022901D00020A1
S32500029C2070477047002070470020704779B108B50346084603F1A051B3F5805F09D21344E4
S32500029C40B3F5805F07DA05F0C5FA002008BD012070470F20FAE70F20F8E7000010B5184CDC
S32500029C60217801F001010C200FF0A4FB2178C1F340010D200FF09EFB2178C1F380010E2037
S32500029C800FF098FB2178C1F3C0010F200FF092FB2178C1F3001110200FF08CFB2178C1F300
S32500029CA0401117200FF086FB2178C1F380110A200FF080FB2178C9090B200FF07BFB10BD3A
S32500029CC05437002010B50C4C6178C1F3400113200FF070FB6178C1F3800112200FF06AFBA5
S32500029CE06178C1F3401101200FF064FB6178C90900200FF05FFB10BD5437002008B5044B57
S32500029D00997801F0010111200FF054FB08BD00BF54370020014B00221A7070474B37002038
S32500029D20014B00221A7070474A370020002008707047000050B110B514464AB10278054B97
S32500029D401A70FFF78BFF0020207010BD012070470120FAE75437002021B10020024A107031
S32500029D6008707047012070475437002050B110B514464AB10278054B5A70FFF7A3FF0020C2
S32500029D80207010BD012070470120FAE75437002021B10020024A50700870704701207047D4
S32500029DA05437002050B110B514464AB10278054B9A70FFF7A3FF0020207010BD0120704714
S32500029DC00120FAE75437002021B10020024A907008707047012070475437002030B13AB112
S32500029DE00178044BD97000201070704701207047012070475437002021B10020024AD0701A
S32500029E0008707047012070475437002030B13AB10178044B1971002010707047012070473B
S32500029E20012070475437002021B10020024A1071087070470120704754370020A8B184B099
S32500029E4084460B4A01AB07CA03C323F8022B120C1A7001AB03CBCCF80000CCF804101B88EF
S32500029E60ACF80830002004B070470120704700BFEC2B040010B582B00446FF238DF80730A2
S32500029E800DF10700FFF77CFD9DF80730022B09D0032B0BD0012B02D0122002B010BD237029
S32500029EA00020FAE7022323700020F6E7032323700020F2E730B583B020B3054612490A2077
S32500029EC00AF0C8FC044614200EF00CF864B10F4B009340F259430E4A0E49032005F008FBA2
S32500029EE00124204603B030BD0B4B1A68D3F804C09868D9682A60C5F804C0A860E9601A69A8
S32500029F002A61EEE70124ECE77A850020F82B04009C2B04001C2B04009A85002030B58DB024
S32500029F2000230793089309930A930B930DF1080C264C0FCCACE80F0023688CF8003007ACF6
S32500029F4002AB0FCB84E80F0021490A200AF082FC044614200DF0C6FF54BB14221D4907A851
S32500029F6005F04EF970B31C4D0DF11C0CBCE80F00C5F84A01C5F84E11C5F85221C5F85631A0
S32500029F80DCF80000C5F85A0105F595710A200AF083FC054614200DF0A5FF9DB90F4B0093C7
S32500029FA040F272430E4A0F49032005F0A1FA09E00D4B009340F27A43094A0A49032005F0CE
S32500029FC097FA012420460DB030BD00BF342C04007A8500209A85002050840020142C0400FA
S32500029FE09C2B04001C2B0400F82B040030B583B0E8B105460F490B200AF02CFC04461420FD
S3250002A0000DF070FF64B10C4B009340F297430B4A0B49032005F06CFA0124204603B030BD6F
S3250002A020084B03CB286069601B882B81F5E70124F3E700BFAE850020482C04009C2B040027
S3250002A0401C2B0400B485002030B583B0E0B105460E490B200AF0FEFB044614200DF042FF2F
S3250002A06064B10B4B009340F2B3430A4A0A49032005F03EFA0124204603B030BD034B1A68C0
S3250002A0802A609B88AB80F6E70124F4E7AE850020642C04009C2B04001C2B040030B583B0EE
S3250002A0A0E0B105460E490C200AF0D4FB044614200DF018FF5CB10B4B009340F2CE430A4A51
S3250002A0C00A49032005F014FA204603B030BD044B03CB286069601B882B81F5E70124F3E761
S3250002A0E0C8850020802C04009C2B04001C2B0400024638B1044B03CB106051601B8813817F
S3250002A10000207047012070477005FF1F38B5A0B105460B490B200AF09DFB044614200DF0E0
S3250002A120E1FE14B10124204638BD064B19685A6829606A601B892B81F5E70124F3E700BF22
S3250002A140AE850020BE85002030B583B020B3054612490A200AF07EFB044614200DF0C2FED8
S3250002A16064B10F4B009340F20F530E4A0E49032005F0BEF90124204603B030BD0B4BD3F877
S3250002A18000C058689968DA68C5F800C06860A960EA601B7C2B74EEE70124ECE77A8500203A
S3250002A1A09C2C04009C2B04001C2B04008985002030B108B5014602221420FFF737FD08BD5B
S3250002A1C001207047B0B130B585B00546002401940294ADF80C4009220DF105011520FFF73F
S3250002A1E025FD01AB03CB286069601B882B81204605B030BD0120704770B582B0E8B1054600
S3250002A2000F4906200AF026FB044614200DF06AFE64B10C4B009340F24B530B4A0B4903201F
S3250002A22005F066F90124204602B070BD044E0FCE28606960AA60EB60F5E70124F3E700BFE9
S3250002A24010850020B82C04009C2B04001C2B040030B583B0D8B105460E490D200AF0FAFAE5
S3250002A260044614200DF03EFE64B10B4B009340F263530A4A0A49032005F03AF901242046BC
S3250002A28003B030BD034B03CB28606960F7E70124F5E700BF00860020D42C04009C2B040096
S3250002A2A01C2B040030B1044B1B7804490B7003700020704701207047543700204C37002050
S3250002A2C030B1044B5B7804490B7003700020704701207047543700204D37002030B1044B0A
S3250002A2E09B7804490B7003700020704701207047543700204E37002030B1044BDB78044939
S3250002A3000B7003700020704701207047543700204F37002030B1044B1B7904490B70037048
S3250002A320002070470120704754370020503700200020704700B338B514460546F2B11049FC
S3250002A3400A200AF087FA00B138BD0E49D5F800C06868AA68EB68C1F800C048608A60CB605B
S3250002A3602B7C0B740F390A200AF096FA0028EBD0722323700120E7E7012070470120E3E7F6
S3250002A3807A85002055ED0020A0B138B51446034692B10A4DAC46006859689A68DB68ACE8C5
S3250002A3A00F00294606200AF077FA10B172232370012038BD012070470120FAE7DCEC0020C5
S3250002A3C088B138B5144602467CB1094D2B460068516803C329460D200AF05EFA10B172238E
S3250002A3E02370012038BD012070470120FAE700BFCCED002001210348017000201070198023
S3250002A400704700BF4B37002070477047704770477047000000B585B0274B0193030E8DF803
S3250002A4200C30C0F307438DF80D30C0F307238DF80E308DF80F0000230BE003F110026A4423
S3250002A44012F8041C12F80C0C414002F8101C0133DBB2032BF1D99DF8033003F0F0018DF817
S3250002A46008109B0023F043035BB29DF801E09DF9010000F003000343DBB28DF809309DF895
S3250002A48000C09DF9002022F03F0242EA9E02D2B28DF80A209DF9020000F00F0040EA0C100F
S3250002A4A0C0B28DF80B001B0443EA016343EA0223184305B05DF804FB6B278DC238B50C460C
S3250002A4C01546F0F71DF810F0F5FF10F0FBFF207010F0F8FF607010F0F5FFA07010F0F2FFE3
S3250002A4E0C3B2E37022786078000440EA0260A27840EA02201843024B18600020287038BD57
S3250002A5005C37002010B503784478240444EA0364837844EA0324C3781C43054B1868FFF717
S3250002A52079FF844201D1002010BD0120FCE700BF5C370020054BDA7802709A7842705A78F6
S3250002A54082701B78C3700020704700BF5C37002000230B600A4B9B686BB15B6800E0183302
S3250002A5601A78824202D01A7D002AF8D01A7D22B90B6001207047002070470020704700BF00
S3250002A5806437002070B582B0054616461C46FF238DF807300DF10700FFF7F2F99DF8073008
S3250002A5A0022B02D0002002B070BDA5F1220015284CD8DFE800F00B4B4B4B4B134B4B4B4B4F
S3250002A5C04B4B1B234B2B4B4B334B3B43012C01D00020E8E7012E3BD00020E4E7012C01D087
S3250002A5E00020E0E7012E35D00020DCE7012C01D00020D8E7012E2FD00020D4E7012C01D071
S3250002A6000020D0E7012E29D00020CCE7012C01D00020C8E7012E23D00020C4E7012C01D0A8
S3250002A6200020C0E7012E1DD00020BCE7012C01D00020B8E7012E17D00020B4E7012C01D0E0
S3250002A6400020B0E7012E11D00020ACE70020AAE72046A8E72046A6E72046A4E72046A2E7FF
S3250002A6602046A0E720469EE720469CE720469AE700B583B0FF238DF807300DF10700FFF769
S3250002A6807FF9002003B05DF804FB000010B582B004460023ADF80630184B1B7B012B0DD0D2
S3250002A6A0C4B10DF10601154BD88900F07FFB88B10121124B188A00F07BFB1CE0A0F111038C
S3250002A6C0DBB2012BF4D93128F2D07E28F0D07F28E6D1EDE7094A536819687F200870196812
S3250002A6E007480078487019688C70032199800021108A00F05DFB02B010BD00BF643700201D
S3250002A7006037002008B51038752800F29F80DFE800F03B429D9D499D9D9D9D4F9D9D9D9DD9
S3250002A7209D9D9D9D559D9D9D9D5B7F9D9D9D9D9D61799D679D9D859D8B91979D9D9D9D9DEB
S3250002A7406D9D9D9D9D9D9D9D9D9D9D9D9D9D9D9D9D9D9D9D9D9D9D9D9D9D9D9D9D9D9D9D81
S3250002A7609D9D9D9D9D9D9D9D9D9D9D9D9D9D9D9D9D9D9D9D9D9D9D9D9D9D9D9D9D9D9D9D31
S3250002A7809D9D9D9D9D9D9D73324B5A68D989186802F090F908BD2F4B5A68D989186802F082
S3250002A7A0FDF9F7E72B4B5968186802F02BFAF1E7284B5968186802F04BFAEBE7254B596829
S3250002A7C0186802F0B3FAE5E7224B5968186802F0E5FCDFE71F4B5968186802F03FFBD9E7A8
S3250002A7E01C4B5968186802F00BFDD3E7194B5968186802F0D3FDCDE7164B5968186802F046
S3250002A800E7FDC7E7134B5968186802F051FEC1E7104B5968186802F02FFFBBE70D4B59689F
S3250002A820186802F06FFFB5E70A4B5968186803F019F8AFE7074B5968186803F013F9A9E742
S3250002A840044B5968186803F087F9A3E71120FFF71DFF9FE7643700207047000000B583B040
S3250002A86000230193454B19688A881AB10B681878434B1870414B1B7B096841480078FFF788
S3250002A88081FE012812D03D4B1B689B88A3B13C4B187810F0400F17D00121384B188A00F020
S3250002A8A087FA374B1878FFF72DFF0AE00121334B188A00F07DFA04E00121304B188A00F035
S3250002A8C077FA03B05DF804FB01A9FFF741FE00284FD0019B986801F0F3FE002845D0274BA5
S3250002A8E019681B7B8A88096825480078FFF7C0FE002836D1019B586801F000FF20B3019B33
S3250002A9005B783BB11D4B1B681B68597893F90120002A07DB1B4B00221A70194B1878FFF77C
S3250002A920F1FECEE71A78142AF4D0222AF2D02E2AF0D0362AEED0372AECD0124A0120107079
S3250002A94001F07F015970E8E70C4B1B689B88012B03D03320FFF79AFEB3E71120FFF796FEB4
S3250002A960AFE77F20FFF792FEABE77F20FFF78EFEA7E71120FFF78AFEA3E700BF6437002020
S3250002A980603700207837002008B5054B1B78012B00D008BD024B00221A70FFF75FFFF8E79C
S3250002A9A06137002010B582B00023ADF8063008BB124B1B78ABB90DF10601114BD88900F019
S3250002A9C0F5F938B90E4B5B681A680E4B1B7843F04003137000210A4B188A00F0E9F902B071
S3250002A9E010BD074CE08902F03DFD0121208A00F0DFF9F4E7FFF74AFEF1E700BF7837002087
S3250002AA00643700206037002008B502F02BFD08BD10B40A4CBDF808C0A4F810C0E381206039
S3250002AA20019B63602273A1609DF80C30A374044B01221A705DF8044B704700BF6437002060
S3250002AA406137002000B583B00023019301A9FFF77FFD10B903B05DF804FB019B986801F01E
S3250002AA602FFE0028F6D0019B586801F047FE0028F0D00120EEE7000008B5024B188A00F0A7
S3250002AA8049FF08BD64370020072818D830B40D4C2468A468E468246800EB400004EB80057B
S3250002AAA00D6054F8201011600A681A601368029A1360DA69039B1A60012030BC704700207F
S3250002AAC0704700BF4437002006280DD8074B1B689B68DB685B6853F830301B681B680B6050
S3250002AAE0DB69136001207047002070474437002038B5054600244FF0010C01E00134A4B239
S3250002AB000A4B1B689B685A6804EB4403990002EB83031B7A3BB95358002BEFD028469847E3
S3250002AB2084460028EAD0604638BD00BF4437002003681A783E2A01D0002070475B78802BE1
S3250002AB4001D0002070478388022B01D00020704701207047884201D9401A70470020704701
S3250002AB600120704738B505460C4690F85F30032B07D8022B12D2012B05D1002001F0BEFC69
S3250002AB8001E0FF2B0AD0022C13D00BD8012C01D185F85F40204601F0AFFE38BD002385F820
S3250002ABA05E30F0E7032C01D0FF2CF3D185F85F40F0E785F85F40EDE730B589B004460D469B
S3250002ABC0002307930693059304930393C369188803AB019304AB009305AB06AA07A9FFF7FC
S3250002ABE053FF18B1039991F83C300BB109B030BD81F85250052381F83C307F2381F83D308F
S3250002AC00A3685B681B7881F83E3081F83F5001F13D038B640323A1F84C30042381F83C3074
S3250002AC20069B1B694831988803F0FAFC039B002283F83C20DAE708B501F022FD08BD00007B
S3250002AC400F4B5B687BB1DA695B6992F85F1003290AD01B890B49A1FB03139B08A2F85A302C
S3250002AC60012382F85C3070471B890649A1FB03139B08A2F85A30012382F85C30704700BFDF
S3250002AC807C370020CDCCCCCC044B5B681BB11B780370002070470120704700BF7C37002083
S3250002ACA0024B5B68DB6983F85E0070477C370020054B5B682BB1DB6993F85E3003700020F6
S3250002ACC070470120704700BF7C37002008B5054B5B682BB10146D869FFF744FFFFF7B0FF39
S3250002ACE008BD00BF7C370020054B5B682BB1DB6993F85F300370002070470120704700BFC7
S3250002AD007C37002084460A4B1B681B689B6A1868034600E0083319789CF85F20914202D001
S3250002AD209A79002AF6D09A79012A00D0184670474437002010B41A4B1B689B68DB68D96817
S3250002AD400FE0D26800201070CA68D06800220270C868C4684FF6FF70A080188783F8622058
S3250002AD60243191F820309BB9CB6900221A721A7783F8202083F83C2083F85E20012083F8AF
S3250002AD805F0083F858205A778A68002AD9D1DBE7044B01221A7000225A605DF8044B7047CD
S3250002ADA0443700207C370020002070470020704730B593B005460C460023119310930F939E
S3250002ADC00E930D930DAB01930EAB00930FAB10AA11A9FFF759FE10B11CB1012C0FD013B0BA
S3250002ADE030BD0D9B93F862203AB1109B5B681B68DB691C3303221A70F1E71C33FAE70D9BDB
S3250002AE0093F862301BB14FF6FF73ADF8303000230393049305930693079307AB019306AB73
S3250002AE20009305AB04AA03A92846FFF72DFE0028D5D0069B079CDA68D268002111709A68AD
S3250002AE400AB1D2681170002222772272DB68DB684FF6FF729A8094F862301BB9002384F83E
S3250002AE606230BCE70023089309930A930B930C9320880CAB01930BAB00930AAB09AA08A90C
S3250002AE80FFF702FE0028E9D0099B5B681B68DB68DA6800231370099A52681268D269137722
S3250002AEA0DCE7000030B58FB09B4B1B689B68DB68DD6818E0B4F85A302BB3013BA4F85A3041
S3250002AEC021E001212046FFF74DFE2B78FBB96377924B5B681B78D3B9904B00225A6016E003
S3250002AEE0636803B3243595F82030002B40F0EE81EC69002CF6D094F85F30012B07D094F8D8
S3250002AF005C30012BD6D0B4F85A30002BD9D0237F032B00F0A580052BE4D16368002BDFD052
S3250002AF20013B6360DCE72046FFF7ECFE6B69D9888088FFF70FFE7A4BA3FB00239B086360D5
S3250002AF40754B1B689B689B68002BCBD01B78012B4AD194F85D305BB178212846FFF72CFEB4
S3250002AF6094F85D30002BBDD0013B84F85D30B9E7FFF761FE10212846FFF71EFEEB68DB6877
S3250002AF8000221A70AB680BB1DB681A70002323772372EB68DB684FF6FF729A8094F862308B
S3250002AFA01BB9002384F862309CE7002309930A930B930C930D9320880DAB01930CAB00938A
S3250002AFC00BAB0AAA09A9FFF75FFD0028E9D00A9B5B681B68DB68DA68002313700A9A5268A6
S3250002AFE01268D2691377DCE7FFF725FE10212846FFF7E2FDEB68DB6800221A70AB680BB1A9
S3250002B000DB681A70002323772372EB68DB684FF6FF729A8094F862301BB9002384F8623080
S3250002B02060E7002309930A930B930C930D9320880DAB01930CAB00930BAB0AAA09A9FFF738
S3250002B04023FD0028E9D00A9B5B681B68DB68DA68002313700A9A52681268D2691377DCE771
S3250002B06094F83C30002B7FF43DAF04930593069307930893208808AB019307AB009306AB64
S3250002B08005AA04A9FFF700FD012840F0BA80089991F86230012B45D0B1F8604004230B77D7
S3250002B0A01431204603F0BCFA4FF6FF73ADF80E3010F0FF0F65D00DF10E012046FFF776FE7A
S3250002B0C0012810D0089B079A516993F85F20032A2DD00A891249A1FB02129208A3F85A20E0
S3250002B0E0012283F85C20079B089CDA68D268002111709A680AB1D268117000222277227203
S3250002B100DB68DB684FF6FF729A8094F86230CBB9002384F86230E5E6443700207C370020C5
S3250002B120CDCCCCCC059B5B681B68D969B4E70A896749A1FB02129208A3F85A20012283F8D3
S3250002B1405C20D0E7002309930A930B930C930D9320880DAB01930CAB00930BAB0AAA09A921
S3250002B160FFF792FC0028D3D00A9B5B681B68DB68DA68002313700A9A52681268D2691377C5
S3250002B180C6E70DF10E012046FFF710FE01287FF4A9AE079B089CDA68D268002111709A682A
S3250002B1A00AB1D2681170002222772272DB68DB684FF6FF729A8094F862301BB9002384F8DB
S3250002B1C062308FE6002309930A930B930C930D9320880DAB01930CAB00930BAB0AAA09A9CD
S3250002B1E0FFF752FC0028E9D00A9B5B681B68DB68DA68002313700A9A52681268D26913776F
S3250002B200DCE7AB695B681B6998880423237704F1140103F005FA10F0FF0F3FF463AE079B37
S3250002B220DA68D268002111709A680AB1D2681170002222772272DB68DB684FF6FF729A80CB
S3250002B24094F86230C3B9002384F862304FF6FF73ADF83430089B079A516993F85F20032A26
S3250002B26029D00A891A49A1FB02129208A3F85A20012283F85C2035E6002309930A930B9349
S3250002B2800C930D9320880DAB01930CAB00930BAB0AAA09A9FFF7F8FB0028D4D00A9B5B68F0
S3250002B2A01B68DB68DA68002313700A9A52681268D2691377C7E70A890549A1FB0212920862
S3250002B2C0A3F85A20012283F85C200BE60FB030BDCDCCCCCC2DE9F04788B080460E4617466D
S3250002B2E01D4600240794069405940494039403AB019304AB009305AB06AA07A9FFF7C4FB79
S3250002B30000285AD0049BD3F808A025B15A79022A2AD0A14601E04FF000095FFA89F915B141
S3250002B3205C79022C23D0BAF80830B34237D3039B1A7A0ABBDAF80C201478ECB90123137059
S3250002B340039BDAF80420DA601E82DAF80C3000225A80039B02221A72DAF80C30A3F80480F2
S3250002B360BAF808303B801BE04FF00109D5E70698FFF71AFDA0B1D6E793F82040CCB9082EC1
S3250002B38019D8022283F8202003F12102DA621E8600229A86A3F8388008233B8000E003245C
S3250002B3A0B9F1000F0AD14CB9039B002283F85C2004E00224F4E70124F2E70124204608B00F
S3250002B3C0BDE8F087F0B589B004460E46154600230793069305930493039303AB019304AB66
S3250002B3E0009305AB06AA07A9FFF74EFB00284CD0049B9F68039B1A7A022A05D093F820207B
S3250002B400022A21D0012041E0FA689188A142F5D1D86853881844B2887AB13989CB1A9A4242
S3250002B42001DD01200AE0316803F0D4FEFA68B38851880B445380002000E000203B89FA68DF
S3250002B44052889B1A2B8021E01A8FA24201D001201CE0B28892B1988EC0F108018A4201DD27
S3250002B46001200CE0DB6A3168184403F0B3FE039AB388918E0B449386002000E00020039BBC
S3250002B4809B8EC3F108032B8000E0012009B0F0BD2DE9F0478AB004460D461646002309936B
S3250002B4A008930793069305934FF6FF73ADF8123005AB019306AB009307AB08AA09A9FFF7EC
S3250002B4C0E3FA60B1DDF81880D8F80890059F3B7A022B07D097F82030022B00F0E1800AB02D
S3250002B4E0BDE8F087D9F80C309A88A242F2D15A883B8A9A4203D0002B3ED1012300E001239A
S3250002B500DBB298F80520022A38D000225FFA82FA002D40F0B680002B00F0B380BAF1000F1B
S3250002B52008D00DF1120221460898FFF719FB002840F0A78009F10400FFF7FAFA054668B33B
S3250002B540D8F8142097F85F30032B1CD01389724AA2FB03239B08A7F85A30012387F85C3091
S3250002B56000233B72D9F80C204FF6FF719180D8F80820D2681370B2E70023C1E70EB900222E
S3250002B580C4E70122C2E71389634AA2FB03239B08A7F85A30012387F85C30E1E77B7F1BB98F
S3250002B5A05E4B5B68002B3DD0059F7B7F012B96D13846FFF7A7FB034605223A7287F862A0FB
S3250002B5C0BAF1000F3BD0089A52681268D769D068BDF81220A7F860203C800599B7F86020C1
S3250002B5E0A1F860205B884C4AA2FB03239B087B600B8A1BB9D9F80C305B880B8205233B77B0
S3250002B6000A2D28D8464B1B689B689B685B6803EB450C13F81520CB681B789A4217D00135D0
S3250002B620EDB2EDE798F80000FFF762FA0028BBD1059B01225A77394B069A5A60B4E7089A4A
S3250002B64012699288A7F86020069AD068C5E79CF8013087F85D3043687B6103893B830C807C
S3250002B6600698B7F86030099A1279016903964079029001941437009705980C30FFF7C8F962
S3250002B6802DE7FFF7DDFA0023059A1372D9F80C204FF6FF719180069A9268D26813701EE75B
S3250002B6A03B8FA3427FF41BAF3B8E33B1BA8E934201D0002302E0012300E00123DBB20DBB79
S3250002B6C003B307F12C00FFF733FAE8B1D8F8142097F85F30032B0AD013890F4AA2FB0323EA
S3250002B6E09B08A7F85A30012387F85C300CE01389094AA2FB03239B08A7F85A30012387F83A
S3250002B7005C3001E0FFF79CFA059B002283F820204FF6FF721A87E2E6CDCCCCCC7C37002088
S3250002B7204437002070B582B00C461D460022019200926A4601A9FFF7C7F900285FD0019B10
S3250002B740DE68009B1A7F022A07D0042A10D1F36800225A80009B02221A77A288E2B1009859
S3250002B760038BF16849885B1A9A4209DD012014E093F83C20022A20D0042A15D001203FE067
S3250002B78043691944206803F025FDF268A38851880B445380002000E00020009B1B8BF268C0
S3250002B7A052889B1A2B802BE003F13D029A640022A3F85020022283F83C20A288B2B1B3F8AB
S3250002B7C04C00B3F85010401A824201DD01200EE09B6C1944206803F0FDFC009AA388B2F8B8
S3250002B7E050100B44A2F85030002000E00020009AB2F84C30B2F850209B1A2B8000E001201D
S3250002B80002B070BD30B58FB00C4600230D930C930B930A9309930893079308AA0AA9FFF702
S3250002B82053F908B90FB030BD089B188807AB019309AB00930BAB0CAA0DA9FFF725F9002819
S3250002B840F0D0089B1A7F022A07D093F83C20022AE8D1002283F83C20E4E7099B079DDA68C7
S3250002B860D268002111709A680AB1D268117000222A772A72DB68DB684FF6FF729A8095F82A
S3250002B8806230D3B9002385F86230079B099A526993F85F1003292FD012891D49A1FB02127A
S3250002B8A09208A3F85A20012283F85C200C9B1B6921469888FFF7A8F8B4E700230293039386
S3250002B8C0049305930693288806AB019305AB009304AB03AA02A9FFF7D7F80028D2D0039B2C
S3250002B8E05B681B68DB68DA6800231370039A52681268D2691377C5E712890549A1FB0212F4
S3250002B9009208A3F85A20012283F85C20CEE700BFCDCCCCCC10B588B00023079306930593C6
S3250002B9200493039303AB019304AB009305AB06AA07A9FFF7A9F8012801D008B010BD78218F
S3250002B9400498FFF739F9039C2046FFF7DBF98088049B5B69D9880530FFF7FCF8064BA3FB72
S3250002B96000239B08636094F85D30002BE5D0013B84F85D30E1E700BFCDCCCCCC0B4B1B6867
S3250002B9801B685B6800E03C335A88824203D093F83920002AF7D093F8390028B95A681278CB
S3250002B9A01AB90B6001207047002070474437002030B583B00C4615460023019301A9FFF7DB
S3250002B9C0DDFF18B1012C03D0022C09D003B030BD019B5B69002BF9D0296802209847F5E751
S3250002B9E0019B9A69002AF1D01B78022BEED1296802209047EAE72DE9F04182B004460F46C3
S3250002BA0016461D4600238DF807302A78531EDBB2012B3ED94FF00008012A3DD900239DF85D
S3250002BA200720002A47D1ADF8042062685278002A5DD0A289ADF80420002B41D13288BDF841
S3250002BA40043013440133B9888B4280F2898063883968501C30801B0A8B5461883A683388A4
S3250002BA60581C3080D1542278D31EDBB2012B50D9022A59D022238DF8073001223388BDF81F
S3250002BA8004100B4433800A2A5BD0CAB900232B7016E04FF00108BFE72378042B25D0636979
S3250002BAA00DF107014046984703462278022A0CD0032A16D001230A2B56D022238DF8073095
S3250002BAC09DF8070002B0BDE8F0810A2806D04FF0000885F80080002BEDD1A0E701222A7081
S3250002BAE0F9E70A28F7D10123E5E7002397E72269002AA1D0297839B901A890470346002829
S3250002BB009AD08DF80700DBE7089A1288ADF8042092E7A369386832881044984702460028DE
S3250002BB20ACD08DF80700A9E7A3693968328811444046984702460028A0D08DF807000122B5
S3250002BB409CE702232B703388BDF804209B1A023B33801346089A138078238DF80730AFE7E6
S3250002BB6031238DF80730ABE778238DF80730A7E7094B1B681B68DB6900E018335A888242C7
S3250002BB8002D01A7D002AF8D01A7D12B90B60012070470020704700BF443700200378012BC5
S3250002BBA002D0032B00D0704712B102230B707047032B02D001230B70F5E70B70704700002F
S3250002BBC0F0B585B004460F46164600228DF80F208DF80E200DF10E012148FFF7DFFFA568A8
S3250002BBE0002D36D063689B68002B32D01A780332B9888A4229DA5B780333B288934224DA22
S3250002BC000439ADF80C1038683268002101910DF10F03009303AB04320430A847BDF80C3096
S3250002BC2004339BB2B38028B19DF80F2012B922228DF80F209DF80F2072B962689268527868
S3250002BC40111D8B4208DDB18006E013238DF80F3002E031238DF80F309DF80F0005B0F0BDEB
S3250002BC60E4370020F0B585B004460F46164600228DF80F208DF80E200DF10E012148FFF7B7
S3250002BC808DFFE568002D36D06368DB68002B32D01A780332B9888A4229DA5B780333B2883B
S3250002BCA0934224DA0439ADF80C1038683268002101910DF10F03009303AB04320430A84714
S3250002BCC0BDF80C3004339BB2B38028B19DF80F2012B922228DF80F209DF80F2072B962689B
S3250002BCE0D2685278111D8B4208DDB18006E013238DF80F3002E031238DF80F309DF80F00A9
S3250002BD0005B0F0BDE437002070B584B004460D4600228DF80F208DF80E200DF10E011C488E
S3250002BD20FFF73CFF266966B363681B694BB31B780333AA88934220DA0020ADF80C002968A9
S3250002BD4000900DF10F0303AA0431B047BDF80C3004339BB2AB8028B19DF80F2012B9222216
S3250002BD608DF80F209DF80F2072B9626812691278111D8B4208DDA98006E013238DF80F3060
S3250002BD8002E031238DF80F309DF80F0004B070BDE437002030B586460023184601E001339A
S3250002BDA0DBB20B4C247B9C4210D978B903EB430C074C04EB8C0C9CF80A407445EFD1BCF8DE
S3250002BDC008408C42EBD113700120E8E730BD00BFB037002030B583B000238DF807300DF16E
S3250002BDE00702FFF7D7FF58B31648037B013BDBB203739DF8071003EB43024FEA820C00EBAF
S3250002BE008202957A01EB410400EB840E8EF80A5050F80C5040F824505468CEF80440148946
S3250002BE20AEF808400021917240F80C10516003EB430200EB82021181427B934200D8417391
S3250002BE4003B030BDB037002003280BD8DFE800F00204060808697047C868704788687047A4
S3250002BE60486970470020704799B910B40C4600232CE001339BB2042B0ED86AB91D4931F89C
S3250002BE8023108142F5D11B4901EB830101228A70EFE700231A46EEE79AB1704701339BB23C
S3250002BEA0042B25D87AB9134901EB830189780029F4D1104921F8230001EB830101228A703E
S3250002BEC0ECE70023ECE7704701339BB2042B0CD85CB9084A32F823208242F5D1054A02EBAC
S3250002BEE08302002191700124EEE75DF8044B7047704700BF8837002008B54FF0310C83F835
S3250002BF0000C0032924D8DFE801F0020A121AC26A02B300211970C36A0846984708BD826AAB
S3250002BF20D2B100211970C36A01209847F6E7426AA2B100211970436A02209847EEE7016B2A
S3250002BF4071B100211970436A114603209847E5E70120E3E70120E1E70846DFE70120DDE76E
S3250002BF600120DBE708B58C46194631230B70BCF1030F1AD8DFE80CF002070C11C36AB3B1EE
S3250002BF800020984708BD836A9BB100209847F9E7436A83B100209847F4E79646036B63B1A4
S3250002BFA00A46002170469847ECE70120EAE70120E8E76046E6E70120E4E70120E2E7000075
S3250002BFC070B582B00646104B1B689B685C69002501E001251034237B9BB9042D11D0236811
S3250002BFE0002BF7D00DF10700FDF7CAFC0028F0D1236831469DF8070098470028EAD00546F5
S3250002C000E8E7284602B070BD4437002010B582B004460DF10700FDF7B3FC9DF807000128B3
S3250002C02004D0032806D0002002B010BD022C02D0002000E00020022C09D0032CF4D1074B17
S3250002C0401B78012BF0D1054B00221A70ECE7044B1B78002BF1D10120EFE700BFF4370020B9
S3250002C0604B370020F0B587B004460D4606687378013B112B5BD8DFE803F0095A5A5A5A5A14
S3250002C080165A5A5A5A5A5A5A5A5A222DB078012102910023019300910B460A46FCF7CAFC8A
S3250002C0A018B3312644E0F07801210291B3780193002300930B460A46FCF7BCFCF0E7B07855
S3250002C0C00121029100230193009102230A46FCF7B1FCE5E7B0780122029200230193009252
S3250002C0E013460221FCF7A6FCDAE72F680DF11600FCF752FD064608B1102619E00DF1150032
S3250002C100FCF794FC10B100238DF8153023685B787B709DF81530BB70FCF7AEFDF870BDF8DD
S3250002C12016301A0A3A717B710623AB8000E03126304607B0F0BDF0B587B004460E460268AD
S3250002C1405378023B132B7CD8DFE803F00A7B7B7B7B7B7B7B187B7B7B7B247B7B7B307B3C9C
S3250002C1609078012102910023019300910B460A46FCF760FC05468DB3312563E001210291E9
S3250002C1800023019300910B460A46FF20FCF752FC0546F0E790780121029100230193009127
S3250002C1A002230A46FCF746FC0546E4E790780122029200230193009213460221FCF73AFC0A
S3250002C1C00546D8E70121029100230193009103230A46FF20FCF72EFC0546CCE737680DF103
S3250002C1E01200FCF723FC10B100238DF8123023685B787B709DF81230BB702BB90024A40071
S3250002C200A4B20334B4801DE00DF1130105A8FCF7E9FC002412E0BDF8162007EB8403DA70FD
S3250002C220059A110A19715A719DF813209A710134A4B20DF1130105A8FCF7D4FC0028EAD025
S3250002C240DDE73125284607B0F0BD2DE9F04F87B006460D4603685A78062A14D0102A17D14C
S3250002C2604FF002094FF000085C79FE2C15D0FF2C17D14FF0EF0A0024B8F1000F13D04046B1
S3250002C28007B0BDE8F08F4FF001094FF00008EBE74FF000094FF01208E6E74FF0EF0A9024FF
S3250002C2A0EAE7A246E8E79A78DF783F0247EA02471B791F430DF1150249463846FCF712FCB1
S3250002C2C08346002845D132682B6852785A703B0C2A6893703B0A2A68D3702B681F712B68E2
S3250002C2E09DF815205A710626CDF80C8003E04FF0010B0134E4B2A24522D3AB889B1B013B2A
S3250002C300ADF816302A68B046731C0DF1160100911344224649463846FCF794FD0028E8D13C
S3250002C320BDF81630002BE2D02B68013603F80840BDF8163013FA86F6B6B24FF0010BD8E71A
S3250002C340DDF80C80AE80BBF1000F98D14FF0310895E74FF0310892E7F0B585B00E460023EC
S3250002C360ADF80E3002938DF807300DF10E010120FCF7D0FE002837D10746BDF80E309B0087
S3250002C3800133B288934202DA0024254605E0002531272BE031270134A4B2BDF80E30A342BF
S3250002C3A024D91FBB0DF1070102A8FCF7FBFE0028F0D1BDF80A0031686A1C92B2AB1CC85414
S3250002C3C00299090A3068023281543268E91C89B29BB202330298D05432680435ADB28B1C13
S3250002C3E09DF80710D154D6E700253127336859221A70336803225A700235B580384605B061
S3250002C400F0BD2DE9F04784B080460D468B88ADF80E3000238DF80D3003689A78DE783602E7
S3250002C42006EB02461B791E440DF10D0201213046FCF758FB00285BD10446D8F8003093F8B1
S3250002C44005A0BAF1FF0F47D10027ADF80A704FF0010901E00134E4B2544517D2AB88DB1B78
S3250002C460063BADF80A302A68BB1D0DF10A0100911344224601213046FCF79EFD0028E9D1C9
S3250002C480BDF80A301F44BFB28146E3E7ADF80E70B9F1000F2FD1BDF80E300633AB802B687A
S3250002C4A059221A702B6804225A70D8F800202B6892789A70D8F800202B68D278DA70D8F86E
S3250002C4C000202B6812791A712B689DF80D205A71484604B0BDE8F0872B680DF10E020092DA
S3250002C4E00633524601213046FCF766FD8146CFE74FF03109ECE74FF03109E9E70023264AD0
S3250002C5001370264A1370264A1370264A1370264A136053609360D360034618B9002B32D0B4
S3250002C520002313E0214A0021116051609160D1601161F3E7184A03EB430002EB80008160E0
S3250002C540012101730133DBB2042B18D803EB4302114901EB820200211171154A126812686A
S3250002C560526A126802EB431251680429E2D803EB4302094901EB820200211173E2E7064BE7
S3250002C580002283F840200B4A0023137193715371094A1370704700BFF4370020C037002024
S3250002C5A03C380020AD370020B037002088370020443700209C3700204438002008B5114BB2
S3250002C5C01B78012B00D008BD0E4B187AFDF711FA40B10A2812D00B4B00221A702220FEF7D7
S3250002C5E0E1F9F0E7074B022119705A6810681B7A437091800020FEF7D5F9E4E7014B0122D4
S3250002C6001A70E0E7C037002010B582B01B4B1B78012B03D0022B19D002B010BD0021009174
S3250002C6200B460A460120FDF7E1F9044640B1022CF2D17220FEF7B6F9104B00221A70EBE727
S3250002C640FEF7B0F90D4B00221A70F0E7002100910B460A460120FDF7C7F9044640B1022CC8
S3250002C660DAD17220FEF79EF9044B00221A70D3E7FEF798F9014B00221A70F0E7AD370020DB
S3250002C68010B50B4B197849B900230A4A13700A4A1370074A1370094A137010BD1C469A6838
S3250002C6A0588AFFF785F9B4F91200FDF739FBEBE7CC370020AD370020C03700205438002079
S3250002C6C010B582B004460DF10700FEF70DFB90B92368987910B101200EE004342368197806
S3250002C6E09DF80720914202D09A79002AF5D09B7913B9012000E0002002B010BD10B582B058
S3250002C70004460DF10700FEF7D3FA90B92368187F10B101200EE004342368197B9DF80720B2
S3250002C720914202D01A7F002AF5D01B7F13B9012000E0002002B010BD2DE9F04182B00746F8
S3250002C740002401942F20FEF77DF906461FE0D8F80000FFF7B5FF002834D0D8F80400FFF7A3
S3250002C760CDFF90B92EE0DA6A002A2FD000210846904731E01D4B03EB84050023AB7004E0C9
S3250002C7801A4B03EB84050023AB700134A4B2042C28D82546154B03EB84039B78002BF4D07A
S3250002C7A001A9124B33F82400FFF7E8F80028E7D0019B5B68D3F80C80B8F1000FDAD00EB18F
S3250002C7C0002FC4D1019B1A78042ACCD0DB6A1BB10DF1030100209847044B03EB8505002399
S3250002C7E0AB70D2E702B0BDE8F08100BF8837002010B582B014460023019301A9FFF7BEF899
S3250002C80008B902B010BD31232370019B5B685B681868FFF755FF08B90120F2E73323237059
S3250002C820019B5B685B685868FFF768FF18B1002323700120E5E70120E3E7000070B582B003
S3250002C8400023009320B12A20FEF7FCF800283FD1284B00221A605A609A60DA6002B070BD02
S3250002C8603246244B05EB450103EB8101887A02A901EB860101F8060C0136F6B205EB4505DF
S3250002C88003EB8505298902AB03EB820323F8081C0134E4B2174B1B7BA3421CD931238DF891
S3250002C8A00530254604EB4403124A02EB8303987AA0F560600DF105020DF1060180B2FFF732
S3250002C8C097FF0028CCD09DF80530002BE0D0C7E700242646DEE70024A642BFD902AB03EB0F
S3250002C8E0840333F8081C13F8060CFFF773FA0134E4B2F1E7B037002008B50120FFF71CFF41
S3250002C9000120FFF79BFFFDF705FA08BD2DE9F04383B004460E4615461F46BDF8348090F8DB
S3250002C92038303BB98368C3B11B6893F83930B3B1002000E000205FFA80F9606840680028CF
S3250002C9405BD063696BB1A36973B10068FFF7B8FE78B97F2003B0BDE8F0830020EBE70120CA
S3250002C960E9E72378042BEED0B9F1000FEDD13120F0E763685B685868FFF7C0FE00283ED080
S3250002C980B9F1000F03D10C9B1B88434516D20C9B1B88434528D32B88591CB28891422ADA42
S3250002C9A062883168581C2880120ACA54618832682B88581C2880D154002016E00B9B0093D0
S3250002C9C03B462A4631462046FFF715F8782807D00028BFD10C9B1B8801330C9A1380B9E7F8
S3250002C9E062880A9B1A80B5E700200C9B1B8801330C9A1380AEE73120F7E73120AAE733209A
S3250002CA00A8E770B582B000238DF8073043689B68002B47D004460E461546C269002A41D0FA
S3250002CA201868FFF74DFE18B97F238DF807303CE063689B685868FFF761FE78B363685B7836
S3250002CA40012B06D02946A94205D013238DF807302BE0A189F7E7012B0ED0E46930680DF1AB
S3250002CA60070300220330A04770B19DF807305BB922238DF8073018E0E36930680DF1070283
S3250002CA80002103309847EFE79DF80730782B01D00A280AD178238DF8073006E033238DF820
S3250002CAA0073002E031238DF807309DF8070002B070BD0000F0B583B01646344B1B681B6811
S3250002CAC09B6A1C6802688388022B59D10F46557800E008342378AB4202D0A379002BF8D052
S3250002CAE0A379002B48D12846FFF76AFA00283FD12846FFF78BFA002836D12846FEF7E6F875
S3250002CB00234B01221A701D715F8033685D700DF10700FEF7B9F8D0B99DF80730062B02D01A
S3250002CB200223B38015E0638832681B0A937062883368DA70A388174AA2FB0323DA0831685A
S3250002CB40DB0A0B7133685A710623B38001E00223B3800020FDF726FF022D14D10E4AC821E3
S3250002CB600C2002F0B7F80EE02220FDF71BFF0AE07E20FDF717FF06E01220FDF713FF02E010
S3250002CB801320FDF70FFF03B0F0BD00BF443700203C380020CDCCCCCCF9B3030038B5838832
S3250002CBA0022B29D1154603685C78012C05D0032C03D01220FDF7F6FE21E0114B59805D609B
S3250002CBC01C722046FCF715FF40B10A2810D00C4B00221A702220FDF7E5FE10E00223084ACC
S3250002CBE013702A685470AB800020FDF7DBFE06E0034B01221A7002E01320FDF7D3FE38BD8C
S3250002CC00C037002010B58388042B03D01320FDF7C9FE10BD0C460268507893781B0243EA8F
S3250002CC200043D078012211461843FCF727F8062809D020B90123A380FDF7B4FEE9E731208C
S3250002CC40FDF7B0FEE5E72220FDF7ACFEE1E7000070B58CB005460E46334C0DF1180CA64629
S3250002CC60BEE80F00ACE80F009EE803004CF8040BACF80010EE4604F1180CBCE80F00AEE82E
S3250002CC800F009CE803004EF8040BAEF800102B685B78AA88012A11D9152B3CD803F13001C5
S3250002CCA0694411F8301C00293AD003F13001694411F8181C8A4205D013202DE01320FDF720
S3250002CCC071FE2BE0013B142B2CD8DFE803F00B101A1F2B150B2B2B102B2B2B2B10150B0BAD
S3250002CCE0102B100031462846FFF7BCF914E031462846FFF720FA0FE031462846FFF7A5FAFF
S3250002CD000AE031462846FFF727FB05E031462846FFF777FB00E01220FDF744FE0CB070BDC1
S3250002CD201220F9E73120F7E7401604002DE9F04788B006468846002307930122ADF81A20F2
S3250002CD408DF81930ADF81630ADF81430ADF81230838813F0010F56D05F1E934271D007EB79
S3250002CD60D777C7F34F073C4B1B78002B42D08DF81930394B9A89ADF81A20B3F80E901C8AB3
S3250002CD809B8AADF812304FF0010A002505E0324B1C82AA4605460134A4B2BC422ED26DBB24
S3250002CDA0326863000133D35C611C12F8110000EB032007A980B2FEF7E1FD0028EBD0CDF808
S3250002CDC00C900DF1160302930DF11203019305AB00930DF119030DF11A0241460798FFF7C9
S3250002CDE095FD7828D3D04FF00009ADF81690AA460546D0E74FF000094C46C4E7BAF1000F92
S3250002CE0002D0312505E013251DB9BDF81A30A8F80430782D17D1104B9DF819201A705E601E
S3250002CE20C3F80880BDF81620DA81BDF81A209A81BDF814205A82BDF812209A8208B0BDE832
S3250002CE40F0871325E0E7044B00221A70DA812846FDF7A8FDF2E700BFCC370020F0B583B064
S3250002CE6005460E4600230193838802685178947804EB0124A4B2022B12D8AB88022B24D92C
S3250002CE80312030B90323B3803368220A5A7033689C700F4B00221A70FDF784FD03B0F0BDE4
S3250002CEA0DF1EBFB201A92046FEF768FD0028E4D03A4629460198FFF7A4FD7828E1D1044BF6
S3250002CEC001221A705D609E60E8E71320D9E700BF5438002008B50A4B1B7823B9094B1B784D
S3250002CEE0012B06D008BD064B99685868FFF71EFFF4E7044B99685868FFF7B0FFF2E700BF16
S3250002CF00CC370020543800202DE9F04385B006468846154600270297634B1B681B685B6A0E
S3250002CF201C683B4602E020340133DBB2227BAA4202D0227F002AF6D0227F002A40F0AB80DB
S3250002CF405A4A82F8403003EB430302EB83031B7B002B40F0A680B288236802339A4202D0D5
S3250002CF604FF0130999E00DF10700FCF7F9FC8146002840F084809DF80730AB4235D0D4F83B
S3250002CF801490B9F1000F7DD0484B1B78002B60D0464890F8403003EB430100EB81010A79B6
S3250002CFA00132D2B20A71416C497B8A422FD202A8FDF7C0FAD8F80030029AC3F80220002FF9
S3250002CFC063D19DF80F90B9F1000F61D13268D8F8003052785A70E37B0233A8F80430334BE3
S3250002CFE05D705C6401221A7057E03268D8F8003052785A7002A8FDF79DFAD8F80030029AB9
S3250002D000C3F80220E37B0233A8F8043045E0264A10680268526A12685C0102EB431292687E
S3250002D020042A0CD903EB4301204A02EB8102022111730168496A096821448968916003EB60
S3250002D04043031A4A02EB830300221A714FF0360923E0236853B13068D8F800200DF10F0356
S3250002D060023200210230C8470746A8E7D8F800100DF10F0202310020C84707469FE74FF0D3
S3250002D08010090AE04FF0130907E04FF0130904E04FF0130901E04FF01309484605B0BDE885
S3250002D0A0F0834FF03709F8E744370020F437002070B5384B1B78002B61D006460D46354BFB
S3250002D0C05B78934201D024245AE0324B00221A7093F8402002EB420203EB82031B7B002BD4
S3250002D0E050D181882B4B5A6C137C0233994201D0132445E09369002B46D000680230984740
S3250002D100044640B3234890F8402002EB420100EB81010B790133DBB20B71416C497B8B42DB
S3250002D12034D31D4B19680B685B6A1B68540103EB42139B68042B2BD9034602EB420003EB08
S3250002D1408000022505730968496A0968214489688160362414E00F4A92F8403003EB430307
S3250002D16002EB830300211971536C187BFDF798FD32682B6852785A700223AB8000E0242475
S3250002D180204670BD3724FBE72224F9E73524F7E73624F5E7F43700204437002030B583B026
S3250002D1A004460D4600238DF807300DF10700FDF79BFD23685878431EDBB2012B09D9A388D8
S3250002D1C0022B1AD0062B16D01320FDF7EBFB03B030BDA388012BF2D9421C520810F0010F82
S3250002D1E004D029462046FFF78FFEEEE729462046FFF75EFFE9E71220E7E71220E5E7000030
S3250002D200F0B583B004460D46002301938388032B3BD9026857787B1EDBB2022B02D9002600
S3250002D220122035E09378D67806EB0326B6B201A93046FEF79DFC08B9312029E0019B5B689C
S3250002D2401868FFF73DFA08B97F2021E0019B5B685868FFF753FA70B3022F0BD0032F0FD016
S3250002D260012F01D0122013E02A4621460198FEF7A7FC0DE02A4621460198FEF7F3FC07E050
S3250002D28029460198FEF740FD02E0002637461320782812D0012819D030B92B685F702B6822
S3250002D2A0320A9A702B68DE700D4B00221A70FDF779FB03B0F0BD3320EAE74FF40073AB806E
S3250002D2C0074B01221A705C609D60F2E74FF40073AB80034B02221A705C609D60E9E700BF90
S3250002D2E0E437002008B5094B1B78022B04D0012B06D0032B04D008BD044B03221A70FAE79E
S3250002D300024B99685868FFF77BFFF4E7E437002008B5FFF753F9FFF777F9FFF7DBFDFFF748
S3250002D320E1FF002309E003EB430188001A490144002088601AE00133DBB2042B2BD81A4642
S3250002D34003EB4301880014490144097B01390129F1D81149014489680429E4D9053903EB12
S3250002D36043004FEA800C0C486044816002EB420188000949014489680429DCD80649084408
S3250002D3804FF0000C80F80CC002EB42029000014481F804C0CFE708BDF437002010B583881D
S3250002D3A0022B11D10C4603685B784BB9FDF748FC2368002058700223A380FDF7F3FA06E008
S3250002D3C01220FDF7EFFA02E01320FDF7EBFA10BD10B58388022B37D10C4603685B78012BBA
S3250002D3E005D0022B1AD01220FDF7DCFA2FE001216FF07F40FBF718FD60B9236801225A7056
S3250002D4000223A380FDF7CEFA144A137843F0010313701CE03120FDF7C5FAF5E701216FF000
S3250002D4207F40FBF7D5FC58B9226802235370A380FDF7B8FA094A137843F00203137006E097
S3250002D4403120FDF7AFFAF5E71320FDF7ABFA034B1B7813B1024B00221A7010BDAC370020C0
S3250002D4607A05FF1F10B50446FDF7EAFB0E4B1B78022B07D00D4B1B781BB10C4B5B88A34259
S3250002D4800BD010BD084B5B88A342F3D1064B00221A70187AFCF7B7FAECE7044B00221A70FC
S3250002D4A01879FCF7A5FAECE7C03700203C3800202DE9F04383B004460D460023019331239F
S3250002D4C08DF803308388032B31D813238DF80330002637469DF80330002B40F0C680F31C41
S3250002D4E0AA88934280F2BE800436AE8022682B6852785A7022682B6892789A7022682B6806
S3250002D500D278DA70019B002B00F0A8809A69002A00F0A4801978CB1EDBB2012B40F29080DA
S3250002D520022900F0958022238DF803309DE003685A7893F8028008EB02281FFA88F801A98F
S3250002D5404046FEF71BFA012805D031238DF8033000263746BEE7019B5B68DE68002E69D0D5
S3250002D5603068FFF7ADF8012805D031238DF8033000263746AEE77068FFF7C0F8012805D0AA
S3250002D58033238DF8033000263746A3E7D4F8009099F8037031463846FEF756FC002843D071
S3250002D5A08678A18843780433994211D00278134499420DD013238DF8033000279DF8033028
S3250002D5C0002B87D1002F85D022238DF8033081E701980378042B19D00DF1030309F10402A7
S3250002D5E03946FEF7BFFC0746002FE7D19DF80330002BE3D12368DB788BB1013BDBB2022B09
S3250002D600DCD801214046FEF72FFCD7E70DF1030309F104023946FEF76FFC0746E4E70021AC
S3250002D6204046FEF721FCC9E731238DF80330002637464FE731238DF803300026374649E7D6
S3250002D64028680430904700287FF46DAF6FB16AE729680431002090470746F7E731238DF83E
S3250002D660033002E031238DF803309DF80300FDF799F903B0BDE8F08330B583B004460D46E3
S3250002D68031238DF8073003685878A288032A17D013238DF807309DF8070028B90223AB803A
S3250002D6A022682B6852785A70FDF77CF9134B1B7813F0F00F02D0124B00221A7003B030BDDA
S3250002D6C0021FD2B23B2A01D97F2803D112238DF80730E0E70DF107029978FCF7A1F99DF8F1
S3250002D6E00730002BD7D0312BD5D0222BD3D0122BD1D031238DF80730CDE700BFAC370020C4
S3250002D7007A05FF1F2DE9F04184B004460D4600228DF80F20ADF80C208DF80B200DF10B01EB
S3250002D7204E48FEF73BFAA388042B73D926687178B278170902F00F00FA1C0244934203D0B5
S3250002D74013238DF80F3068E0002FF9D0042FF7D80028F5D00428F3D80023984605E0DA1CC5
S3250002D760B25C02EB08280133DBB28342F7D30022134608E000F1030C944416F80CC00CEB1A
S3250002D78003230132D2B2BA42F4D39DF80B0090B90DF10F02019203AA00924246FCF72AFA78
S3250002D7A00C2833D8DFE800F0123932323232323232322A322E000DF10F03019303AB009321
S3250002D7C000231A461946FCF715FAE9E72B6820225A70BDF80C302A68190A91702A68D37072
S3250002D7E00423AB8000228DF80F201D4B02215971012119719A71C3F800800EE078238DF8A4
S3250002D8000F300AE001238DF80F3006E031238DF80F3002E013238DF80F309DF80F007828D1
S3250002D82009D001280FD00D4B00221A70FDF7BAF804B0BDE8F081094B01221A705C609D60D1
S3250002D84034221A73F4E7054B02221A705C609D6034221A73FDF710F9EAE700BF443800203F
S3250002D8609C370020F0B585B004460E4600228DF80D200DF10D017948FEF790F9A388012BBF
S3250002D88000F0CE80764A5279002A00F0D480012B01D9012A06D0022B40F2CF80022A01D097
S3250002D8A01325BEE0B1880239ADF80E10256868786B490979884204D0002973D00139C9B2F1
S3250002D8C071E0022A03D0012A37D03125A9E09DF80D0080B902350095023B614A12680021B5
S3250002D8E0FCF782F80546012D72D0032D00F0A7804DB1722595E0002100910B460A46FCF761
S3250002D90073F80546EFE7564B1A7901321A7101229A71A28819680A44023A1A60226833687F
S3250002D92052785A7030680DF10E010230FCF764F9BDF80E300233B38073E09DF80D0098B983
S3250002D940474A9768D3689F4228BF1F463368023300933B4612680021FCF748F8054665B1B4
S3250002D960012D35D010255CE0002700973B463A463946FCF73BF80546F1E7394B01229A71C2
S3250002D9801A683A441A609A68D21B9A60ADF80E7031681A794A7001321A71BDF80E3002332D
S3250002D9A0B3803EE0FF212E4B9B79002B49D0884201D0732535E033685870022A10D0012A3B
S3250002D9C016D00025BDF80E300233B380782D28D1224B01221A705C609E6036221A7328E07A
S3250002D9E030680DF10E010230FCF706F90025E9E71B4A9068D368316802310091834228BFC0
S3250002DA000346126800219DF80D00FBF7EFFF05460028D7D0012801D17825D3E71025D1E73F
S3250002DA201325012D0FD00D4B00221A702846FCF7B9FF05B0F0BD2425F3E71325F1E70125C1
S3250002DA40EFE77325EDE7054B02221A705C609E6036221A73FDF710F8EBE700BF44380020B6
S3250002DA609C37002070B582B004460D4600228DF807208DF806200DF106013548FEF78EF841
S3250002DA80A288002A41D0334B5B79002B39D09DF8060088B921680DF10703013A0131FCF7C6
S3250002DAA0AEF80C2829D8DFE800F00E332828282828282828202824000DF10703002211465E
S3250002DAC0FCF79DF8EDE70026224B5E71AB88ADF80430286801A90130FCF794F8BDF80430A1
S3250002DAE00133AB808DF8076012E078238DF807300EE001238DF807300AE031238DF80730C2
S3250002DB0006E024238DF8073002E013238DF807309DF80700782808D001280ED00C4B0022AC
S3250002DB201A70FCF73FFF02B070BD094B01221A705C609D6037221A73F5E7054B02221A70C9
S3250002DB405C609D6037221A73FCF796FFEBE700BF443800209C3700202DE9F04786B00446A9
S3250002DB600D4600228DF81720ADF814208DF80B200DF10B015748FEF711F8B4F80490B9F152
S3250002DB80050F40F28480206846788378C27842EA0322002301E001339BB29342FBD390F8B7
S3250002DBA0048047790621002213461FFA87FC94451BD901F1010C1FFA8CFC10F801E002F192
S3250002DBC01801694401F808EC00EB0C0A9AF802A001F80CACC2F10301C9000EFA01FE43EAF0
S3250002DBE00E03013292B26146DFE7B9F1040F4AD99DF80B0098B90DF11702019205AA00926C
S3250002DC0000224146FBF7F6FF0C2838D8DFE800F0124237373737373737372F3733000DF1CE
S3250002DC201703019305AB009300231A461946FBF7E1FFE9E72B685E702B689F702A680023AF
S3250002DC40D3702A6813712A68F02151712A68022191712A6882F807800822AA808DF8173094
S3250002DC601D4A5171012111719371136012E078238DF817300EE001238DF817300AE03123E3
S3250002DC808DF8173006E013238DF8173002E013238DF817309DF81700782809D001280FD0B7
S3250002DCA00C4B00221A70FCF77DFE06B0BDE8F087084B01221A705C609D6038221A73F4E79E
S3250002DCC0044B02221A705C609D6038221A73FCF7D3FEEAE7443800209C3700200023042B29
S3250002DCE008D8064A02EB83029278012A04D001339BB2F4E701207047002070478837002087
S3250002DD00034B1B681B681B68B0FBF3F0704700BFF83A0020012303740023C3724380038095
S3250002DD208382C3820383C38480F824304FF6FF7303857047012303740023C37243800380C9
S3250002DD408382C3820383022380F824304FF6FF7303857047037823B1012B05D10B681A78AE
S3250002DD6003E00B685A7800E0002212F0C00011D102F03003202B0FD004D83BB1102B0ED19C
S3250002DD8002207047302B0AD104207047072A05D918467047002070470320704701207047E4
S3250002DDA0037843B1012B16D10023012905D0022908D0002070470123F7E71268D05C00F045
S3250002DDC0070070471268D1184878D35C1B0203F47063184470470020704700002DE9F04113
S3250002DDE006460C4690461F46069D00232B800B7C032B10D001F11802898A8088F7F7EAFB42
S3250002DE00C0B230B9124BC3F80080238BBB420DD20220BDE8F0810E4900238B800B6004F160
S3250002DE2018028088F7F7CCFBC0B2EAE708498F8004F11802B088F7F7C3FB10F0FF00E8D1B5
S3250002DE40034B9B882B80E28A1344E382E1E700BFFC3A0020072A01D90020704700239A42B8
S3250002DE600DDD00B511F803E000EB030C8CF81AE001339A42F6DC428401205DF804FB4284B4
S3250002DE800120704710B58E461146837C012B0AD00389CEF80C3001238EF80B30408803F07F
S3250002DEA07FFAC0B210BD938808E0074A126814680A6894F810C002F803C00133072BF4DD96
S3250002DEC008238B80E4E700BFF83A002010B58E461146837C012B0AD00389CEF80C30012381
S3250002DEE08EF80B30008803F05BFAC0B210BD938808E0074A126814680A6894F810C002F838
S3250002DF0003C00133072BF4DD08238B80E4E700BFF83A002030B585B005460C46CDF808D099
S3250002DF2083798BB90B7A8DF800300123022A42D0032A4DD052B102AA21462846FFF7A2FF98
S3250002DF4000284FD105B030BD0023EFE7581C302103F110026A4402F8101CAA79FAB9228BB4
S3250002DF602749A1FB02129208013295F807C01FFA8CF1914200D3114684F80AC09A1C103089
S3250002DF80684400F8101C0333A87D10326A4402F8100C2180ADF80C300023E384CBE7218BDE
S3250002DFA0184AA2FB01C2891A02EB5102C2F38F02013292B2D9E703F110026A44312102F837
S3250002DFC0101C0333ADF80C30E38C0133E384B2E703F110026A44322102F8101C0333ADF84B
S3250002DFE00C30A8E70121A888F7F7EFFA012323744FF6FF732385002384F82430A2E700BFD0
S3250002E000ABAAAAAA254992242DE9F04385B006460C4615460023ADF80E3083793BB9136843
S3250002E0201A78C3691B689A4205D1012100E00021237C032B02D005B0BDE8F0832A68481C60
S3250002E040515C01F00F01638803F00F03994232D187B2C7F10807BFB2B4F81480E38AA8EB8B
S3250002E06003081FFA88F8474500D947460DF10E0300933B46024421463046FFF7AFFE814652
S3250002E080012825D0022830D00028D4D1A28AE38A9A4200F0898063880133638023880BB18C
S3250002E0A0013B2380238813B9A37A002B76D1B38901336360BFE70521B088F7F786FA0123AA
S3250002E0C023744FF6FF732385002384F82430B2E70121B088F7F779FA012323744FF6FF7389
S3250002E0E02385002384F82430A5E7B179012920D0B8F1060F94BF002301232288012A40D16F
S3250002E100002B3ED0BDF80E30FA1A92B2012916D02968023319442046FFF79CFE01281FD032
S3250002E120012323744FF6FF732385002384F8243081E7B8F1070F94BF00230123DDE72968B4
S3250002E140013319442046FFF785FE012808D0012323744FF6FF732385002384F824306AE7E8
S3250002E16063880133638073890133636005232374012384F824304A4621463046FFF7CAFEC4
S3250002E18059E70121B088F7F720FA012323744FF6FF732385002384F824304CE7002221460C
S3250002E1A03046FFF7B7FE46E7012323744FF6FF732385002184F82410B088F7F706FA3AE7D7
S3250002E1C0F0B583B005460C464E8CF2B202F118030B44023300938B8AC98A581AC2F1080288
S3250002E1E0904216DDADF8042004F11803002269466888F7F7F4F9BDF80420638C13446384D7
S3250002E200E38A1344E38210F0FF0706D0384603B0F0BD5B1AADF80430E6E704F11A03009353
S3250002E22052FA86F6ADF804602B8901336360092323746A4621462846FFF748FE0028E5D0F9
S3250002E2400127E3E738B505460C464B8801339BB24B8001224A8482790AB902224A8403F087
S3250002E2600F03628C013A20332244937623880BB1013B2380A28AE38A9A4209D92388A3B9F5
S3250002E280A37A93B16B89013363600823237417E000216888F7F7ABF9012323744FF6FF735C
S3250002E2A02385022384F824300AE0607A48B110F0800F21D1FFF724FD0130606006232374B3
S3250002E2C038BD21462846FFF77BFF0028F8D0022805D1AB890133636007232374F0E7012127
S3250002E2E06888F7F784F9012323744FF6FF732385022384F82430E3E70F30C0B2082802D827
S3250002E30001236360DAE77F20FFF7FAFC01306060D4E738B50C4683793BB91368197843692F
S3250002E3201B68994205D1012100E00021237C082B00D038BD156801F1010C6B5C03F00F039F
S3250002E340012B1DD0022B21D063B106214088F7F74EF9012323744FF6FF732385022384F88B
S3250002E3602430E6E7023115F80C30A372238013685B5C637283890133636007232374D8E7B6
S3250002E38043890133636008232374D2E70A214088F7F72DF9012323744FF6FF7323850223F1
S3250002E3A084F82430C5E700002DE9F04184B005460C46164698460B7C012B03D0052B01D000
S3250002E3C0042B38D1AB793BB933681B78EA691268934201D0FF2B2BD12046FFF79BFC3246B3
S3250002E3E00121A81DFFF7DCFC0746AB79012B2FD032680232A78202232374012384F824301D
S3250002E4006B8901336360A4F828800DF10E0300933B4621462846FFF7E1FCE0B1022827D048
S3250002E420012323744FF6FF732385002384F8243004B0BDE8F081174B1B685A680B8D03EBD0
S3250002E440C30302EB830301211889F7F7BEF8B9E732680132CEE70021A888F7F7B6F80123E1
S3250002E46023744FF6FF732385002384F82430DFE7AB79012B0BD0316802313A462046FFF712
S3250002E480E9FC04232374012384F82430D0E731680131F2E7F83A0020F0B585B005460C46B9
S3250002E4A016461F4682792AB933681A78C3691B689A426AD1227C012A03D0052A01D0042AF8
S3250002E4C03AD12046FFF726FC32460221A81DFFF767FCA0822785AB79012B3AD0062854D96F
S3250002E4E0B388072B51D9012363800222227484F824306B896360AB79012B2DD0AB691B6851
S3250002E500237232680DF10E0300930523033221462846FFF763FC074657B3022F37D0032FDA
S3250002E52053D0012F31D1012323744FF6FF732385002384F8243028E02B4B1B685A68238DFE
S3250002E54003EBC30302EB830301211889F7F73DF8B7E70728C4D818E032680DF10E03009309
S3250002E5600623023221462846FFF738FC0746D3E7AB890133636003232374012384F8243054
S3250002E5803A4621462846FFF7C5FC05B0F0BDAB79012B13D03168052203312046FFF75AFC2C
S3250002E5A06B890133636005232374012384F824303A4621462846FFF7ADFCE6E73168062233
S3250002E5C002312046FFF746FCEAE73A4621462846FFF7A0FC012323744FF6FF73238500236D
S3250002E5E084F82430D1E700BFF83A00200346807930B98A8A062A0BD9DB7C012B0AD0704713
S3250002E6008A8A072A08D9DB7C012B07D0002070470120704702207047012070470220EEE71B
S3250002E620F8B53D4B1A6813685B7C53FA80F0C0B2936800EB400003EB400043884FF6FF70C7
S3250002E640834266D0546803EBC30204EB8204201DA57C05EB4516314A02EB860202F1040E35
S3250002E660167D012E02D001263046F8BD05EB45122A4F07EB82020027D7845783D7808F88AC
S3250002E6801783B4F810C00CF101019160032182F8281093857146FFF7A9FFA37A4BB9E369BC
S3250002E6A0196805EB45131D4A02EB83030122DA849977012809D0022813D005EB4515174B63
S3250002E6C003EB850507232B75CEE705EB4513134A02EB8303DA8C511CD98413449F77002660
S3250002E6E0EBE7C7F3032005EB45130C4A02EB8303D98C4A1C92B2DA84194440F01000887749
S3250002E700511CD9841A44977701229A809A730026D3E70026A8E700BFF83A0020703A002001
S3250002E72070B5114B186000241CB1104B01225A7070BD0E4E650104EB441006EB80000430C8
S3250002E740FFF7F8FA281980002C3030440430FFF7E1FA28198000583030440430FFF7DAFA78
S3250002E7600134E4B2E0E700BFF83A0020703A002070B50D467C3883B2324A1668B46803EBBF
S3250002E780430304EB43042046FFF7E4FA8446042817D063884FF6FF7293423FD0726803EB91
S3250002E7A0C30102EB8102101DD17D41BB917C01EB4111890001F1580223491144043100246C
S3250002E7C014E0A3884FF6FF72934227D0726803EBC30302EB83031C1D997C01EB41131A499E
S3250002E7E001EB830104314FF6FF7300200CF1FF3CBCF1030F12D8DFE80CF00D12181E917C8F
S3250002E80001EB4111890001F12C020F49114404310024EBE710B12A46FFF7C6FD70BD0028F2
S3250002E820FCD02A46FFF738FEF8E70028F6D02A46FFF7EAFBF2E7002CF0D02A462046FFF7BF
S3250002E84068FDEBE7F83A0020703A002008B5A0F179039BB21B4A11680A68907C1B1A527CE7
S3250002E86052FA83F3DBB28A6803EB430302EB43035B884FF6FF72934222D04A6803EBC30322
S3250002E88002EB830112F823308BB9081D8B7C0E4A03EB431102EB8101043103EB431302EBC3
S3250002E8A083031B7D092B0BD1FFF7CCFC08E08B7C03EB4313044A02EB8303002283F83B2078
S3250002E8C008BD00BFF83A0020703A002030B585B005460C464B681B4A12681268126893427E
S3250002E8E013D39B1A4B600DF10E030093638C04F11A0221462846FFF771FA034640B102288E
S3250002E90013D0012B14D005B030BD00234B60EAE70021A888F6F759FE012323744FF6FF73B4
S3250002E9202385002384F82430EDE76268002AE8D1012323744FF6FF732385002384F82430A6
S3250002E940E1E700BFF83A002038B505460C460B7C063B032B50D8DFE803F0021344604B6808
S3250002E9603B4A126812681268934228D39B1A4B606368002B40D107232374AB890133636079
S3250002E98021462846FFF71CFC002835D002281CD163682F4A126812681268934212D39B1A27
S3250002E9A06360636843BB012121744FF6FF732385022384F824306888F6F719FE1CE00023A5
S3250002E9C04B60D5E700236360EBE7012121744FF6FF732385022384F824306888F6F707FE23
S3250002E9E00AE04B681A4A126812681268934204D39B1A4B6063681BB138BD00234B60F9E75A
S3250002EA00012323744FF6FF732385022384F8243003216888F6F7EBFDEEE74B680C4A12689E
S3250002EA2012681268934210D39B1A4B606368002BE2D1012323744FF6FF732385022184F860
S3250002EA4024106888F6F7D3FDD6E700234B60EDE7F83A002030B585B005460C460B7C042BAF
S3250002EA6000F09A80052B1FD0032B01D005B030BD4B684B4A126812681268934211D39B1AA0
S3250002EA804B606368002BF1D10421A888F6F79DFD012323744FF6FF732385002384F8243022
S3250002EAA0E4E700234B60ECE74B683D4A12681268126893421AD39B1A4B600DF10E03009376
S3250002EAC0638C04F11A0221462846FFF787F9A18AE38A0246C8B999420BD021462846FFF701
S3250002EAE019FAAB89636003232374BFE700234B60E3E7012323744FF6FF732385002184F852
S3250002EB002410A888F6F761FDB0E7022810D00128ACD120744FF6FF722285002284F8242024
S3250002EB20E284002BA2D00121A888F6F74EFD9DE76268DAB9E18C2A7D91420FD301222274DD
S3250002EB404FF6FF722285002284F82420E284002B8CD00121A888F6F738FD87E70222214614
S3250002EB602846FFF7D7F96B8963607FE7E18C2A7D9142FFF47BAF012222744FF6FF72228522
S3250002EB80002284F82420E284002B3FF46FAF0121A888F6F71AFD69E7FFF798FE66E700BF6B
S3250002EBA0F83A002008B50B7C042B00D008BDFFF78DFEFBE72B4B5B78012B51D170B50024B0
S3250002EBC016E004EB44139A00264B13449A8DB3F85860B3F884504FF6FF739A420BD14FF6D2
S3250002EBE0FF739E4218D14FF6FF739D4226D10134002CE6D070BD1C4B1B68586802EBC202A6
S3250002EC009300184404EB441293001649194404310430FFF799FEE2E7134B1B68586806EB18
S3250002EC20C606B300184404EB441399002C310D4B194404310430FFF70DFFD4E70A4B1B6802
S3250002EC40586805EBC505AB00184404EB441399005831044B194404310430FFF7A3FFC6E769
S3250002EC60704700BF703A0020F83A00200023212B2CD810B416E003EB430188001449014471
S3250002EC8001204870124902EB4204A00008440024446002EB4202900001448C600133DBB29E
S3250002ECA0212B10D81A4603EB43008100084800244454032BDFD003EB4301880004490144D1
S3250002ECC000204870DEE75DF8044B7047704700BF043B0020212800D970472DE9F8430E46E1
S3250002ECE01546084F00EB400307EB8309012207F82320EBF705FC3044C9F80400C9F8085014
S3250002ED00BDE8F883043B002021280AD8054B00EB400292000021995400EB400003EB80008B
S3250002ED2041607047043B0020212805D800EB4000024B13F82000704700207047043B00205E
S3250002ED40212801D90020704710B50446EBF7D8FB04EB4404044B03EB8404636898422CBF61
S3250002ED600020012010BD00BF043B002038B5002409E005EB4505114B03EB8505AB6803B190
S3250002ED8098470134E4B2212C16D82046FFF7CCFF0128F6D12046FFF7D3FF0028F1D12546EC
S3250002EDA004EB4403054A02EB83035B78002BE0D12046FFF7A9FFDCE738BD00BF043B0020CA
S3250002EDC04161026003FB02128261C16001618360002343607047C0B110B5044642680368BA
S3250002EDE09A4214D08268C06800F0F4F9E368A2681344E360A269934204D0636801336360F7
S3250002EE00002010BD6369E360F7E7012070470120F7E7D0B110B50B46044642680AB90120CA
S3250002EE2010BD82680169184600F0D4F92369A26813442361A269934204D06368013B63609F
S3250002EE400020EDE763692361F7E7012070478446C8B100200FE0520092B282F4815282F00D
S3250002EE600102013BDBB22BB112F4004FF3D1520092B2F6E70130884205D21CF8013B82EAC8
S3250002EE8003220823EFE710467047000070B54FF0000C634604E052080CF1010C5FFA8CFCF5
S3250002EEA0BCF11F0F09D812F0010FF4D04FF0004E2EFA0CFE43EA0E03EDE760B3002623E0AB
S3250002EEC04FEA5C0C0132D2B2072A0DD81CF0010FF6D0C2F107054FF0010E0EFA05FE5FFA69
S3250002EEE08EFE4EEA0404EBE783EA04630130082204E0114C84EA4303013AD2B21AB1002B93
S3250002EF00F7DB5B00F8E701368E4204D290F800C000221446D8E70022104602E05B0801328D
S3250002EF20D2B21F2A07D813F0010FF7D04FF00041D1400843F2E770BDB71DC10450B108B50A
S3250002EF408446012B03D06046FFF781FF08BD4FF6FF72F8E70020704760B108B58446012BCF
S3250002EF6005D0D2436046FFF791FFC04308BD4FF0FF32F7E7002070470246002081B110B428
S3250002EF8012F8013B83EA1023064C34F9133083EA002080B201390029F2D15DF8044B704781
S3250002EFA0704700BF0C390400024B012283F8C021704700BFA487002000B583B000210846A6
S3250002EFC00BF072F9154B0093C823154A1549042000F08EFA144A15490220FFF77BFE0F2010
S3250002EFE0FFF7A2FE88B91520FFF79EFE88B900200F4B18700F4B012283F8C02183F8702044
S3250002F00004F016FD03B05DF804FB0F20FFF77CFEE9E71520FFF778FEE9E700BF483B0400B4
S3250002F0200C3B0400403B040039F00200804F12009C3C0020A487002008B5002108200BF0AE
S3250002F04033F9002103200BF03FF908BD08B5074B93F8C0311BB9054B93F8BF3103B108BD9D
S3250002F06001217C2009F00EFBF9E700BFA487002070B582B0012100200BF016F9144B009349
S3250002F080A423144A1449032000F032FA134C012684F8AE63002584F8C0510220FFF734FE98
S3250002F0A00F4A43F698210F20FFF714FE0D4B1E70022384F87030284604F0A0FCFFF7C6FFE6
S3250002F0C0094A4FF4FA511520FFF704FE02B070BD503B04000C3B0400403B0400A487002097
S3250002F0E0C9A303009C3C0020A9EF020008B50AF067FE10F0FF0000D0012008BD38B5002425
S3250002F10004B138BD2546314B03EB04135B6883B19847012810D004EB44032D4A02EB430392
S3250002F1205B88002B38D004EB440502EB4505013B6B800134E4B2E3E704EB4403244A02EBF5
S3250002F14043035A88214B03EB04135B889A4207D204EB44051E4B03EB450501326A80E8E7B1
S3250002F16004EB44031A4A02EB430393F904302BB1164B03EB04135B78012BDAD1134B03EBC2
S3250002F18005139B6803B1984705EB4505104B03EB450501232B71CCE704EB44030C4A02EB00
S3250002F1A0430393F90430012B05D0084B03EB04135B78012BBDD1FFF7FFFE05EB4505044BDF
S3250002F1C003EB450500232B71B3E700BF583B0400A03C0020034604E011F9012B03F8012BBA
S3250002F1E0624602F1FF3C002AF6D17047034602E003F8011B624602F1FF3C002AF8D17047C7
S3250002F2000023934212D200B510F903E011F903C0E64506DB08DC01339342F5D300205DF866
S3250002F22004FB4FF0FF30FAE70120F8E700207047024648B1C1F3C70001F0070101238B40FD
S3250002F240DBB2115C0B4313547047024648B1C1F3C70001F0070101238B40115C21EA030120
S3250002F2601154704770B110B50B46044649B1016000218180C18002811846FFF7B7FF01237A
S3250002F280A37210BD7047B8B1837A022B0AD0B0F90630B0F904108B4206DB98B289B2401A37
S3250002F2A080B2704700897047008910FA83F080B289B2401A80B2704700207047A8B1837A3A
S3250002F2C0022B14D0B0F90610B0F90430994207DB008989B2411A9BB213FA81F398B27047CE
S3250002F2E098B289B2401A80B27047002070470020704768B370B50E461546044651B3837A56
S3250002F300012B29D1FFF7DAFFB4F906309BB2A84224D32289AA4223D3002001E0013080B2EE
S3250002F320A84209D22268315CD15401339BB222899A42F3D80023F1E71BB2E380B4F90420F5
S3250002F340934201D0002008E00223A372002004E002207047022000E0022070BD0220FCE78A
S3250002F3600220FAE700B370B50E4615460446E9B1837AEBB1FFF787FFB4F904309BB2A842EA
S3250002F38018D3CDB1002001E0013080B2A84209D22268D25C325401339BB222899A42F3D8C2
S3250002F3A00023F1E7002070BD022070470220FAE70220F8E70220F6E70220F4E7E8B138B59E
S3250002F3C00D460446837AD3B1FFF75DFFB4F904309BB2B4F90620A84204D2A2800123A37299
S3250002F3E0002038BD5A1921898A4201DAA280F5E72B449BB25B1AA380F0E702207047022008
S3250002F400EFE718B370B50E461546044601B3837A03B3FFF738FFB4F904309BB2A8421BD38B
S3250002F420E5B1002001E0013080B2A84209D22268D25C325401339BB222899A42F3D80023D1
S3250002F440F1E7A3800123A372002070BD022070470220FAE70220F8E70220F6E70220F4E74A
S3250002F460C0F3C70300F00700CB5C43FA00F000F001007047024B1878012800D00020704767
S3250002F480AC3C0020014B5870704700BFB03C002008B500F0FDF840F6010200210448FFF788
S3250002F4A0A5FE0120FFF7EEFF024B01221A7008BDBC3C0020B03C002008B50B4B1B7803B958
S3250002F4C008BD00F0B7F8FFF7D5FF012802D000F0C9F8F5E7054A13680133136013F0030FE8
S3250002F4E0F5D100F0BDF8F2E7B03C0020A83C00202DE9F04F89B0044617469846EAF7FAFFC3
S3250002F50001462A4DA5FB00356D0D294800FB1511284BA3FB01394FEA99394EF6602000FB2F
S3250002F5201911254BA3FB013A4FEA9A1A4FF47A7B0BFB1A1B2F2138460CF034F81F4BA3FBF2
S3250002F54004239B0803EB4303A4EB4303DBB21C4A52F8232000B1471C1A4ECDF810800397E5
S3250002F560CDF808B0CDF804A0CDF800902B46164930460BF0C5FF84B213AA079212993019C3
S3250002F5800DF088FD221892B2B118104B1868B05098889B7988808B71063292B23146012073
S3250002F5A000F096F809B0BDE8F08F00BFB17C219580EE360073B2E745D34D6210ABAAAAAA16
S3250002F5C04C09FF1FBC3C0020683B04008C3B04000220704738B10A46014632B108B50448E1
S3250002F5E0FFF787FE08BD022070470220704700BF5C51002038B10A46014632B108B5044819
S3250002F600FFF777FE08BD022070470220704700BFC044002038B10A46014632B108B50448B1
S3250002F620FFF767FE08BD022070470220704700BF4C45002008B50848FFF725FE10B1074B47
S3250002F6401B7803B108BD044808F016F90028F9D1024B01221A70F5E75C51002059510020E4
S3250002F6607047000010B5084C2378013323700748FFF709FE2378C82B00D010BD0028FCD0E5
S3250002F68000222270F9E700BF585100204C45002008B54FF4805208490848FFF7E3FD8022AA
S3250002F6A007490848FFF7DEFD4FF4406206490748FFF7D8FD08BD00BF685100205C51002059
S3250002F6C0CC440020C0440020584500204C45002070B504460D46164610F001000DD114F05F
S3250002F6E0020F0FD114F0040F11D114F0080F03D031462846FFF76CFF70BD11462846FFF7FC
S3250002F70069FFECE731462846FFF774FFEAE731462846FFF77FFFE8E70120704738B50F4843
S3250002F72009F036F909F038F904460D4D4FF05A332B6001234FF0FF323C212846FFF70CFC17
S3250002F740E8631CB1B4FA84F0400938BD40220349284609F037F90446F4E700BF00F40110FB
S3250002F7606861002038B5114809F012F909F014F9034618B1B3FA83F0400938BD0C4DAC468D
S3250002F7800C4C0FCCACE80F000FCCACE80F000FCCACE80F0094E80F008CE80F0040220349D3
S3250002F7A0284609F00FF90346E4E700BF00F00110A861002068610020004870476861002004
S3250002F7C00368B3F15A3F01D00020704710B5044601234FF0FF323C21FFF7BEFBE36B83420F
S3250002F7E001D1012010BD0020FCE7000038B5174C40222146164809F02DF94022154916488A
S3250002F80009F028F92046FFF7DBFF01280CD1134C0E4D0FCD0FC40FCD0FC40FCD0FC495E846
S3250002F8200F0084E80F0038BD0A48FFF7C9FF0128F9D10A4C074D0FCD0FC40FCD0FC40FCD5A
S3250002F8400FC495E80F0084E80F00ECE7E861002000F40110A861002000F001106861002072
S3250002F86038B50D4809F094F804460C4809F090F80546204609F090F80446284609F08CF833
S3250002F8800546FFF7B3FF14B91DB1002000E0002038BD0120FCE700BF00F4011000F00110F4
S3250002F8A010B582B004460190064B00934FF48373054A06490320FFF71BFE054B1C7002B0F3
S3250002F8C010BD00BFF03B0400C43B04001C2B0400286200207047000008B503460D4A1078D1
S3250002F8E038B10D4A92F82C2102F003029A4201D1012008BD084991F82C2163F3010281F865
S3250002F9002C2101F59671092004F0C6FFFFF7E2FFEFE700BF2862002000EC002070470000DA
S3250002F92008B503460D4A107838B10D4A92F82C21C2F381029A4201D1012008BD084991F81D
S3250002F9402C2163F3830281F82C2101F59671092004F0A2FFFFF7E2FFEFE700BF28620020E0
S3250002F96000EC00207047000008B503460C4A107830B10C4A92F82C21B3EB921F01D1012088
S3250002F98008BD084991F82C2163F3871281F82C2101F59671092004F07FFFFFF7E3FFEFE778
S3250002F9A02862002000EC00207047000008B503460A4A107828B10A4A92F837219A4201D133
S3250002F9C0012008BD064981F8373101F59671092004F062FFFFF7E8FFF3E700BF286200206E
S3250002F9E000EC00207047000008B503460A4A107828B10A4A92F82F219A4201D1012008BDBF
S3250002FA00064981F82F3101F59671092004F044FFFFF7E8FFF3E700BF2862002000EC00202D
S3250002FA2008B5054B1B79834201D1012008BD024B1871FFF773FEF9E768610020014B1879BD
S3250002FA40704700BF68610020042801D900207047024B03EB8000D0F805007047686100203A
S3250002FA6010B50446084B187830B1042221460748FFF7C6FB08B9012010BD2268044BC3F8D5
S3250002FA80D0230120F8E700BF28620020748B0020A4870020014B93F86F02704700EC00208D
S3250002FAA008B503460C4A107838B10C4A92F86822C2F340029A4201D1012008BD074991F8A3
S3250002FAC0682263F3410281F8682201F51A71112004F0E2FE0120F0E72862002000EC0020C4
S3250002FAE0024B93F86802C0F34000704700EC002008B503460C4A107838B10C4A92F86822CF
S3250002FB00C2F380029A4201D1012008BD074991F8682263F3820281F8682201F51A71112020
S3250002FB2004F0BAFE0120F0E72862002000EC0020024B93F86802C0F38000704700EC00202B
S3250002FB4008B503460C4A107838B10C4A92F86822C2F3C0029A4201D1012008BD074991F882
S3250002FB60682263F3C30281F8682201F51A71112004F092FE0120F0E72862002000EC0020F1
S3250002FB80024B93F86802C0F3C000704700EC00207047000008B503460D4A107838B10D4A09
S3250002FBA092F86822C2F300129A4201D1012008BD084991F8682263F3041281F8682201F505
S3250002FBC01A71112004F068FEFFF7E2FFEFE700BF2862002000EC0020024B93F86802C0F3F0
S3250002FBE00010704700EC002008B503460C4A107838B10C4A92F86822C2F340129A4201D13E
S3250002FC00012008BD074991F8682263F3451281F8682201F51A71112004F03EFE0120F0E709
S3250002FC202862002000EC0020024B93F86802C0F34010704700EC002003460A4A107880B1A8
S3250002FC40094A92F86822C2F380129A4208D0064A92F8681263F3861182F86812012070472D
S3250002FC60012070472862002000EC0020024B93F86802C0F38010704700EC0020024B93F8CE
S3250002FC806802C009704700BF00EC002003460B4A1078012801D000207047094A92F8682249
S3250002FCA0B3EBD21F07D0064A92F8681263F3C71182F8681270470020704700BF2862002069
S3250002FCC000EC002008B503460C4A107838B10C4A92F84E2202F003029A4201D1012008BD68
S3250002FCE0074991F84E2263F3010281F84E2201F24A21102004F0D0FD0120F0E72862002080
S3250002FD0000EC002008B503460C4A107830B10C4A92F84F22B3EB920F01D1012008BD084971
S3250002FD2091F84F2263F3870281F84F2201F24A21102004F0B1FD0120F0E700BF2862002067
S3250002FD4000EC002008B503460C4A107830B10C4A92F84E22B3EB920F01D1012008BD084932
S3250002FD6091F84E2263F3870281F84E2201F24A21102004F091FD0120F0E700BF2862002049
S3250002FD8000EC002008B503460C4A107838B10C4A92F84A2202F00F029A4201D1012008BD9F
S3250002FDA0074991F84A2263F3030281F84A2201F24A21102004F070FD0120F0E72862002025
S3250002FDC000EC0020024B93F84A0200F00F00704700EC002008B503460C4A107830B10C4A0E
S3250002FDE092F84A22B3EB121F01D1012008BD084991F84A2263F3071281F84A2201F24A2186
S3250002FE00102004F049FD0120F0E700BF2862002000EC0020024B93F84A020009704700BF60
S3250002FE2000EC002008B503460C4A107838B10C4A92F84B2202F00F029A4201D1012008BDFD
S3250002FE40074991F84B2263F3030281F84B2201F24A21102004F020FD0120F0E728620020D2
S3250002FE6000EC0020024B93F84B0200F00F00704700EC002008B503460C4A107830B10C4A6C
S3250002FE8092F84B22B3EB121F01D1012008BD084991F84B2263F3071281F84B2201F24A21E2
S3250002FEA0102004F0F9FC0120F0E700BF2862002000EC002008B503460C4A107838B10C4A91
S3250002FEC092F84C2202F00F029A4201D1012008BD074991F84C2263F3030281F84C2201F20F
S3250002FEE04A21102004F0D8FC0120F0E72862002000EC002008B503460C4A107830B10C4ACE
S3250002FF0092F84C22B3EB121F01D1012008BD084991F84C2263F3071281F84C2201F24A215E
S3250002FF20102004F0B9FC0120F0E700BF2862002000EC002008B503460C4A107830B10C4A58
S3250002FF4092F86D22B3EB921F01D1012008BD084991F86D2263F3871281F86D2201F51A7198
S3250002FF60112004F099FC0120F0E700BF2862002000EC002008B50346084A107828B1084A47
S3250002FF8092F82F209A4201D1012008BD044A82F82F30FFF7C3FB0120F7E700BF28620020A9
S3250002FFA068610020034B93F82F00003818BF0120704700BF68610020024B93F86A02C0F3C2
S3250002FFC08000704700EC002008B503460C4A107838B10C4A92F86B22C2F302129A4201D125
S3250002FFE0012008BD074991F86B2263F3061281F86B2201F51A71112004F04EFC0120F0E751
S325000300002862002000EC0020024B93F86B02C0F30210704700EC002008B5064B93F8343057
S32500030020834201D1012008BD024B83F83400FFF775FBF8E768610020014B93F8340070474E
S325000300406861002008B50346094A107828B1094A92F874229A4201D1012008BD054981F826
S32500030060743201F51A71112004F016FC0120F4E72862002000EC0020014B93F87402704763
S3250003008000EC002008B503460C4A107830B10C4A92F86B22B3EBD21F01D1012008BD084981
S325000300A091F86B2263F3C71281F86B2201F51A71112004F0F1FB0120F0E700BF28620020F9
S325000300C000EC0020024B93F86B02C009704700BF00EC002008B503460C4A107838B10C4A58
S325000300E092F86C2202F00F029A4201D1012008BD074991F86C2263F3030281F86C2201F589
S325000301001A71112004F0C8FB0120F0E72862002000EC0020024B93F86C0200F00F007047B9
S3250003012000EC002008B50346094A107828B1094AB2F870229A4201D1012008BD0549A1F8E6
S32500030140703201F51A71112004F0A6FB0120F4E72862002000EC0020034B1B7813B1034B08
S32500030160B3F87002704700BF2862002000EC002008B50346094A107828B1094AB2F87222E2
S325000301809A4201D1012008BD0549A1F8723201F51A71112004F080FB0120F4E72862002070
S325000301A000EC0020034B1B7813B1034BB3F87202704700BF2862002000EC002008B50346E6
S325000301C00C4A107838B10C4A92F86E2202F007029A4201D1012008BD074991F86E2263F391
S325000301E0020281F86E2201F51A71112004F054FB0120F0E72862002000EC002008B5034640
S325000302000C4A107830B10C4A92F86E22B3EBD20F01D1012008BD084991F86E2263F3C702E6
S3250003022081F86E2201F51A71112004F035FB0120F0E700BF2862002000EC002008B5034663
S32500030240094A107828B1094A92F877229A4201D1012008BD054981F8773201F51A711120B5
S3250003026004F01AFB0120F4E72862002000EC002008B50346094A107828B1094AD2F8782249
S325000302809A4201D1012008BD0549C1F8783201F51A71112004F000FB0120F4E728620020C9
S325000302A000EC002008B50346094A107828B1094A92F875229A4201D1012008BD054981F8A0
S325000302C0753201F51A71112004F0E6FA0120F4E72862002000EC002010B54C4B93F8E0402F
S325000302E0C4F380040020FFF797FE0020FFF742FE0120FFF795FB0020FFF7C4FE0120FFF723
S32500030300F7FB0120FFF71CFC0120FFF743FC0120FFF76AFC0120FFF7C3FB0120FFF78CFC6C
S325000303200020FFF757FD0F20FFF7A4FD0020FFF729FD0F20FFF7BEFD0020FFF773FD0F20B3
S32500030340FFF7D8FD0120FFF7BDFC1420FFF7DAFC1420FFF7F7FC0020FFF7B4FC1F20FFF7E1
S32500030360D1FC0720FFF7EEFC0120FFF78FFC5020FFF718FF4FF6FF73984236D05520FFF77F
S32500030380EBFE4FF6FF73984233D0FFF7C3FE0F2833D06420FFF756FE0320FFF715FE84B3B5
S325000303A00120FFF721FB0020FFF796FA0020FFF7B7FA0120FFF7D8FA0020FFF7F7FA002084
S325000303C0FFF7B8FD0020FFF719FF0020FFF7F6FE0020FFF733FF0020FFF74AFF0020FFF774
S325000303E061FF0B48FFF73CFB10BD5020FFF7C0FEC4E75520FFF796FEC7E70020FFF76AFE4D
S32500030400C7E70020FFF7F0FACDE700BF00EC0020043C0400002301E001339BB203EB4301AB
S325000304208A0003498A5A2B2AF6D1024A13807047E06904004662002030B50546114B1C8802
S325000304400CB1631E9CB20020844604E0AA4215D201331FFA83FCA44513D890B90CEB04037F
S32500030460C3F34F0303EB430E074A32F82E202B2A07D0AA42EAD9013B9CB2ECE70B8001207F
S32500030480E9E730BD46620020E0690400F0B589B00D460DF11A01FFF7CFFF012802D0022056
S325000304A009B0F0BDBDF81A3003EB4303224A02EB83035C68002C3DD027780121384600F08F
S325000304C0D7FD0646E178082915D9102923D8ADF81C50A37842690DF113000290002001901C
S325000304E00091022107A800F0C9FB7169384600F025F8C0B2D4E78DF81F50A37842690DF192
S325000305001300029000200190009101210DF11F0000F0B4FBE9E70595A378E17842690DF186
S3250003052013000290002001900091032105A800F0A5FBDAE70220B3E7E06904002DE9F04159
S3250003054082B005460C4600238DF8063000F062FD012803D0802002B0BDE8F0810DF107022B
S325000305600121284600F05CFD07469DF80760012E01D00020EFE70121284600F079FD80469E
S325000305800DF106022146284600F049FB98F810303BB397F830305A1ED2B2012A09D9DA1E95
S325000305A0D2B2012A01D90020D5E79DF806000028D1D0032B0CD8022B02D2012B0AD000262A
S325000305C098F80030B3420ED288F800600020C2E7042B04D17B7A002BF2D01E46F0E700268D
S325000305E0EEE78020B7E70020B5E7000070B584B0044600F00FFD012801D004B070BD0DF1AB
S325000306000F020121204600F00BFD05469DF80F30012BF2D10121204600F02AFD0646E9F767
S325000306206FFFB3689842E8D36B6B23B17169204698470028E1D0736901930823ADF8083079
S3250003064001A9287800F0ACFE6C684FF47A7303FB04F404F2E734044BA3FB0434A409E9F7F0
S325000306604FFF0444B460C8E7D34D62102DE9F04182B004460D4600F0CDFC012802D002B00A
S32500030680BDE8F0810DF107020021204600F0C8FC06469DF80730012BF1D10021204600F07C
S325000306A0E7FC0746214B586804EB440400EB8404237A052B01D801332372237A052B18D007
S325000306C07C69D5F80080AD882A4641462046FEF797FD10B97378022B06D12A4641462046AF
S325000306E0FEF778FD01237B743946304600F0A8FAC5E7F36AB3F1FF3FE2D00D4A52F823206C
S325000307006AB102B19047F36A0A4A52F82320002AD6D00949CB5C012BD2D19047D0E70549F9
S3250003072051F82330002BECD1CAE700BF6409FF1F345B0400505B04009063002010B582B0E5
S32500030740044600238DF807300DF10702012100F067FC0121204600F08BFC9DF807300BB95C
S3250003076002B010BD00F056FCFAE700002DE9F04188B04B4B00221A705CE06B68002B3DD0C6
S3250003078007A898473AE09DF81C308DF81630AB78A2690DF1170002900020019000910121C3
S325000307A00DF1160000F06AFA0EE0079B0493AB78E978A2690DF11700029000200190009129
S325000307C0032104A800F05AFA0436356865B3EA78A97807AB00930023404600F0E0FAEA7870
S325000307E0A97806AB00930023384600F0D8FA079A069B9A42E8D02B7A022BBED0E978082960
S32500030800C1D91029D1D8BDF81C30ADF81430AB78A2690DF11700029000200190009102212F
S3250003082005A800F02BFACFE7002363741C4A1378013313701A4B1B7803EB4303194A32F8DC
S3250003084023004FF6FF73984227D00228EED8002100F00EFC0446437C002BE7D0037C002B44
S32500030860E4D00F4B1B7803EB43030E4A02EB83035B6813B1082140699847D4F81480A76927
S32500030880074B1B7803EB4303064A02EB83039E68002EC9D0002FC7D097E708B0BDE8F08194
S325000308A048620020F06B04000120002301E00133DBB2094A12789A420CD901280AD1064A2E
S325000308C0526852F82320527804498A5C002AEED11046ECE7704700BF3404FF1FE4290020C0
S325000308E02DE9F04784B000F095FB012800F0828004B0BDE8F0876B7A002B56D101236B72CB
S32500030900BB6A4FF47A7A0AFB03FA0AF2E73A3A4BA3FB0A3A4FEA9A1AE9F7F2FD504448F85C
S32500030920090000232B7240E073693A6A0DF10E0100910121204600F059F90123737446E0AC
S32500030940FA6A2E4B53F8223003B19847BD6A4FF47A7303FB05F505F2E735274BA3FB0535D5
S32500030960AD09E9F7CDFD054448F809500134A4B2022CBDD80DF10F020021204600F050FB0D
S3250003098007460021204600F073FB06461C4BD3F8048004EB44034FEA830908EB8305FFF7AE
S325000309A083FF0128A7D000236B72337C002BDDD0BB6A002BDAD0E9F7A3FD58F809309842A8
S325000309C0D4D300238DF80E30FB69012BACD000232B72FB6A022BB9D80A4A52F82320002A87
S325000309E0AED00949CB5C002BAAD06B7A012BA7D19047A5E70024BBE7D34D6210405B04006F
S32500030A006409FF1F5C5B0400906300202DE9F04383B000F0FFFA012800F0E48003B0BDE83A
S32500030A20F083012B2BD0E9F76BFDFB689842C0F08C80E9F765FDBB689842C0F08680204677
S32500030A40FFF7D4FD6B694FF47A7909FB03F606F2E736DFF89481A8FB0636B609E9F750FDF3
S32500030A600644FE60ED6809FB05F505F2E735A8FB0535AD09E9F744FD05447D6065E03B788D
S32500030A80002BD0D0E9F73CFD7B689842CBD3E9F737FDBB689842C6D32046FFF7A7FDEB6811
S32500030AA04FF47A7808FB03F606F2E736B6FBF8F6E9F726FD06447E606B6908FB03F606F255
S32500030AC0E736B6FBF8F6E9F71BFD0644FE603B78013BDBB23B70002BA5D1EB6B002BA2D0F6
S32500030AE0204698479FE76B684FF47A7909FB03F606F2E736DFF8F080A8FB0636B609E9F742
S32500030B00FFFC0644BE602B6909FB03F606F2E736A8FB0636B609E9F7F3FC06442B6909FB74
S32500030B2003F303F2E733A8FB032306EB9316FE60EB6809FB03F909F2E739A8FB09384FEA5B
S32500030B409818E9F7DDFC404478600134A4B2022C3FF664AF0DF107020121204600F060FAED
S32500030B6005469DF80730012BEFD10121204600F07FFA0746AB78012BB5D1037C002BB2D02A
S32500030B802B7A032B3FF44DAF012B3FF44AAF002BDBD10378002BD8D0E9F7B2FC7B68984282
S32500030BA0D3D3E9F7ADFCBB689842CED32046FFF71DFDEB684FF47A7202FB03F606F2E7365C
S32500030BC0B6FBF2F6E9F79CFC06447E603B78013BDBB23B70002BB8D1EB6B002BB5D020468C
S32500030BE09847B2E70024B2E7D34D621030B583B015461C460DF10702012100F011FA9DF897
S32500030C000730012B01D003B030BD0023069A1370012313702A686B6822606360F3E770B561
S32500030C2082B004460D461646012100F021FA436900962A4600212046FFF7D8FF02B070BD6E
S32500030C4070B50C4B5E68047804EB4404836A03B970BDA4004FF47A7503FB05F505F2E735DF
S32500030C60054BA3FB0535AD09E9F74AFC05443551EEE700BF6409FF1FD34D6210F0B5BDF88D
S32500030C8014409DF81850C4F120014FF0FF3626FA01F1082C24D8007800EA010C002D40D1C1
S32500030CA0D80803F00703C3F108054FF0FF0E4EFA05F1E7180EFA07FE41EA0E0E115C01EA58
S32500030CC00E01115449B25FFA8CF69E4031431154082F24DDBBB2083B9BB22CFA05FC0EE0C0
S32500030CE0102C01D80088D7E70068D5E702F800C04FF0080E2CFA0EFCA3EB0E039BB293B1FD
S32500030D000138082BF2D85FFA83FE1156FF249C402140C9B2115441EA0C011154EAE7002382
S32500030D20EDE7012D00D0F0BD02EBD3020026032003E0175C47EA062601380028F9DA03F046
S32500030D4007030CFA03F001FA03FE26EA0E0E4EEA000EB6EB0E0618BF012607980670002031
S32500030D6004E002F800E04FEA1E2E01300328F8D9C3F12003D8B2A042D5D21379C1402CFA5D
S32500030D8000FC23EA010141EA0C0C634504D0079B1D7082F804C0C6E7079B1D78F7E730B56C
S32500030DA093BB4FEAD10E01F00701C1F1080CFF2343FA0CF45518AB40234310F80E4024EA84
S32500030DC00304CC405FFA8CFC082D1BDDABB2083B9BB206E008220CF1080C5FFA8CFC9B1A45
S32500030DE09BB2A3B10EF1FF3E082BF3D8FF2202FA03F110F80E2022EA010202FA0CF2144368
S32500030E00DAB2E8E70023ECE7012B03D00024039B1C6030BD00EBD10001F00701032300244F
S32500030E2003E0C55C45EA0424013B002BF9DACC40C1F12003934205DA0379C1F1200103FA33
S32500030E4001F10C43C2F120034FF0FF3222FA03F31C40DCE74A4B1868002304E0494AFF2102
S32500030E60D1540133DBB2052BF8D94FF0000C57E00021012909D00CF1010C5FFA8CFCBCF144
S32500030E80020F06D8036800223BE03E4B03F80C20F1E74FF0000C14E044330132D2B293F832
S32500030EA04010012907D099780029F5D119786145F2D1012300E0002353B90CF1010C5FFA48
S32500030EC08CFCBCF1020F08D80368CC330322E6E70CF103032B49CA54EFE75DF804FB443351
S32500030EE00132D2B293F84010012912D099780129F5D100B593F800E0E645BAD044330132CB
S32500030F00D2B293F840100129B2D099780129F5D1F0E70021012909D00CF1010C5FFA8CFCD6
S32500030F20BCF1020F06D803680022DBE7154B03F80C20F1E74FF0000C14E044330132D2B2F1
S32500030F4093F84010012907D099780029F5D119786145F2D1012300E0002353B90CF1010C75
S32500030F605FFA8CFCBCF1020F08D80368CC330322E6E70CF103030349CA54EFE7704700BFD4
S32500030F804C6200208863002030B583B020B102466B460068516803C3002304E01B4A002119
S32500030FA0D1540133DBB2022BF8D900240BE005EB4505174B1D44AB78022B02D8134A002190
S32500030FC0D1540134E4B2254604EB4403104AD05CFF2819D0C000C0B204EB44020C4B1344CC
S32500030FE05B7818446946C0B2FEF73AFA10F0FF0FDDD005EB4505064B1D44AB78022BE0D8C0
S32500031000024A0121D154DCE703B030BD90630020685B0400014B1878704700BF936300208F
S32500031020034600201070104800680068052B0FD801290ED061B90D49C95CFF2908D00333AC
S325000310400A49CB5C03EB031300EB83000123137070470649CB5CFF2BFAD003EB031300EBE4
S3250003106083000123137070474C62002088630020052814D8012908D071B90A4B1B68C0EBE5
S32500031080C0008000543018447047064B1B68C0EBC00003EB80007047024B18687047014B3C
S325000310A0186870476409FF1F2DE9F8431C4B1B78012B33D10746002415E080F810802B68E9
S325000310C01E4475684FF47A7303FB05F505F2E735144BA3FB0535AD09E9F712FA0544C9F8AA
S325000310E008500134A4B2104B1D68286804EB04139E0000EB830393F840207AB9D9780B4ABB
S3250003110012780A4102F001089978805DFFF7B0FF8146012FD1D000230374E2E7BDE8F88348
S3250003112093630020D34D62104C62002049620020094B1B78012B0DD129B18340074A1078FE
S3250003114018431070704701238340044A107820EA03001070704700BF936300204962002053
S325000311602DE9F04182B000258DF807504E4B4F4A1A60FFF76FFE2C4619E033694FF47A78A1
S3250003118008FB03F808F2E738494BA3FB08384FEA9818E9F7B5F9804408F10A03FB600DF123
S325000311A00702316A2046FFF73AFD0134A4B2022C20D80DF1060201212046FFF731FF06463E
S325000311C09DF80630012BF0D101212046FFF750FF074600224282374B2B4443610835ADB21D
S325000311E08261B378012BDAD1337A032BC5D0012BD5D1C2E70024274605E0436900221A6058
S325000312005A600134A4B2022C35D80DF1060200212046FFF705FF06469DF80630012BF0D1BA
S3250003122000212046FFF724FF224B2B4443610835ADB2214B3B4483610837BFB21F4B59683F
S3250003124004EB44039B002433CA184FF0000C82F809C082F808C0B26A002ACED0B2694FF469
S325000312607A7606FB02F202F2E732114EA6FB02629209CA50C1E7124B01221A700AF094F822
S32500031280012807D00020FFF70FFFFFF7C3F802B0BDE8F08100210420FFF74AFF00210846B5
S325000312A0FFF746FFEEE700BF4C6200204C5B0400D34D621050620020286300206409FF1F43
S325000312C09363002008B50B4B1B681B685B6800E01C331A7E012A04D01A888242F8D10123FA
S325000312E000E0002303B908BD0021084602F022FBF9E700BF9463002010B584B0002301937D
S3250003130002938DF80C3072B19446174B1B681B681B685A7F012A04D01A88824205D0203320
S32500031320F7E700231BB904B010BD0123FAE7BCF80430012BF7D9CCB28DF80C40DCF8001032
S325000313400B788DF80B304B788DF80A30BCF80420023A023101A8FDF73DFF01AA214600206D
S3250003136002F000FBDFE700BF94630020094B0A4A1A6000231BB1094B01221A70704703EB24
S325000313804301064A0A4402215170032191700133DBB2EFE7946300209C5B04009863002095
S325000313A010B584B0354B93F800C0BCF1010F54D1002956D0324B1B681B685B6800E01C33BA
S325000313C01A7E012A03D01A888242F8D101E04FF0000CBCF1010F46D11A7C02EB4204274807
S325000313E020448078012840D92246244C22445478012C3CD0022C3CD180B30438C0B20128BE
S3250003140017D95A68029240F2727082421DD01A7A8DF804200A680392DB68022B19D001A872
S3250003142003F05EFF022826D0012817D0B0B9044614E0DA68B2F1FF3F05D0124951F822209E
S325000314400AB118889047002408E08A888DF80420E0E701A803F044FFE4E70224204604B0D9
S3250003146010BD0224FAE70224F8E70224F6E70224F4E70224F2E70446F0E700BF986300208C
S3250003148094630020905B0400164B1B78012B21D110B5044600BB4B1EDBB2022B1ED800EB5D
S325000314A04002104B13445B78022909D0032909D0012901D0022010BD032B04D1194602E025
S325000314C0014600E00221204604F036F8012807D02046F0E7022070470220ECE70220EAE733
S325000314E00220E8E79863002038B50A4B1B78012B0ED104460D464B1EDBB2022B08D8064B06
S325000315005B6803B1984704EB4400024B1844457038BD00BF986300207C5B0400374B93F824
S3250003152000C0BCF1010F65D1002865D100B5034600EB400E314A72449278062939D8DFE818
S3250003154001F0040D151C2F3A26000A46084603EB43032A490B449A705DF804FB032A2CD0A5
S32500031560012A2CD0052AF2D10422F0E7022A28D04AB3042AEBD10522E9E7032A26D0052AF8
S3250003158026D0022A26D0042AE1D10246DFE71AB3022A24D0032A24D0012AD8D10522D6E776
S325000315A00AB3012A22D0052A22D0042ACFD10222CDE70220CBE70322C9E70222C7E70246BE
S325000315C0C5E70322C3E710466246C0E76246BEE76246BCE70246BAE710460422B7E7042221
S325000315E0B5E70522B3E710460222B0E70322AEE70322ACE702207047022070479863002035
S32500031600094B1B78012B08D148B951B100EB4002054B13449B780B707047022070470220BE
S3250003162070470220704700BF98630020194B1B78012B2DD110B582B0174B1B681B685C68F3
S3250003164000E01C34237E012B03D062684B689A42F7D10DF10701207CFFF7D2FF90B99DF849
S325000316600730023BDBB2032B09D8E368B3F1FF3F05D00A4A52F823300BB120889847237D7B
S32500031680012B01D002B010BD2088FFF71BFEF9E7704700BF9863002094630020905B040097
S325000316A02DE9F04186B0494B93F80080B8F1010F25D107460D4614465368002B1CDBA3F5E7
S325000316C00063434A93421AD92378082B17D8A368ABB10DF10F013846FFF792FF844670B91F
S325000316E09DF80F305BB1022B09D0042B07D0394B1B681B681E6806E013F0C04FDFD006B088
S32500031700BDE8F0812036737F012B0DD07268B3681A4061680B40B169A942F3D19A42F1D18F
S32500031720337DBB42EED1C446BCF1010FE7D12578A768337BAB4225D8626840F2DF739A4247
S325000317403CD03369B3F1FF3F0CD0234A52F8233043B1A9B2ADF8081001973088782830D014
S3250003176001A99847337F012BC9D1ADF80850019702F034FA0028C2D001AA61683088FFF7CE
S32500031780BBFDBCE7626840F272739A4210D13369B3F1FF3FB3D0104A52F82330002BAED0A6
S325000317A0A9B2ADF808100197384604F06FFBA6E72A46394604A8FDF70DFDA0E709F050F8A6
S325000317C0BFE7384604F062FBCCE700BF98630020FFF7FF7F94630020845B040008B50B4B7D
S325000317E01B78012B10D100EB4002084B13445B781BB1064B134401225A70054B1B6803B1AE
S325000318009847002002F0E2F808BD00BF986300207C5B04000346002008B101207047054A31
S32500031820926812F820209A4202D00130C0B2F3E7087070477809FF1F30B583B0104B1B686C
S325000318409D68C0EBC00005EB8005002401E00134E4B22B79A34210D92B680DF10701185D4A
S32500031860FFF7D8FF0028F2D1064B9B689DF8072003EB82030022DA70E9E703B030BD00BF89
S325000318809C6300207809FF1F70B582B0124B1B689D68C0EBC00005EB80050024264605E0F0
S325000318A00126304602B070BD0134E4B22B79A342F7D92B680DF10701185DFFF7ABFF0028A9
S325000318C0EED1064B9B689DF8072003EB82035B78002BE9D00126E7E79C6300207809FF1F53
S325000318E030B583B0104B1B689D68C0EBC00005EB8005002401E00134E4B22B79A34210D9C2
S325000319002B680DF10701185DFFF784FF0028F2D1064B9B689DF8072003EB820300225A70DD
S32500031920E9E703B030BD00BF9C6300207809FF1F034B5B6800EB400003EBC000417470475B
S325000319407809FF1F70B50E46094B1B689D68C0EBC00005EB8005002406E02B683146185D21
S32500031960FFF7DCFD0134E4B22B79A342F5D870BD9C6300202DE9F04107461F4B5C6800EB75
S32500031980400304EBC30494F81480B8F1010F0ED0B8F1020F15D003250026012D21D1237DE1
S325000319A0434501D084F814803046BDE8F08102220146204600F0D4FB054603280BD0002622
S325000319C0EBE703220146204600F0CAFB0546032805D00026E1E74FF002080026DDE7012612
S325000319E0DBE7E8F78DFDA060042DD8D13846FFF777FF0226D3E700BF7809FF1F2DE9F04168
S32500031A0006460C46124B5F6800EB40054FEAC50807EBC5050023AB75E8F772FDA860AC7450
S32500031A20013C032C08D8DFE804F002090D100023EB743046FFF700FFBDE8F081012307F848
S32500031A400830F9E701232B75F6E700236B75F3E77809FF1F2DE9F0410746204B5C6800EB9A
S32500031A60400304EBC30494F81380B8F1000F0ED0B8F1010F15D003250026012D23D1E37C42
S32500031A80434501D084F813803046BDE8F08100220146204600F064FB054603280BD046464E
S32500031AA0EBE701220146204600F05AFB0546032805D00026E1E746464FF00108DDE74646D9
S32500031AC04FF00208D9E7E8F71BFDA060042DD6D13846FFF705FF0226D1E700BF7809FF1F6F
S32500031AE030B5294B294A1A6000230BB1002444E0274A916801EB8302FF2001F82300002139
S32500031B00D17051700133DBB2EFE7214B5868A44604EB4403D900431800221A745A749A7417
S32500031B205A7542549A75DA755A80DA7401221A75224603E085F800E00132D2B2124B1B68C0
S32500031B409968CCEBCC00830019440B79934212D92346002BF0D1086810F802E00C488068E9
S32500031B6000EB830510F823008645E5D0FF28E1D00133DBB2EDE70134E4B2002CC5D0044BF6
S32500031B8001221A7030BD00BF9C630020103C04007809FF1F1C4B1B78A3B310B5044608B1BD
S32500031BA000201FE000210120F7F762FBF8E70133DBB21179994213D91168C95CA142F6D137
S32500031BC0114949680EEB4E0C01EBCC0191F812C0BCF1040FEBD14FF0010C81F804C0E6E7B8
S32500031BE00130C0B248B9094B1B689A688646C0EBC00302EB83020346DBE703212046FFF728
S32500031C00A1FE10BD704700BF7809FF1F9C6300201A4B1B7843B370B50C4638BB022901D9BE
S32500031C20012024E0154B5D6800EB4003DE0005EBC305FFF729FED8B9104B5B6833445A7C74
S32500031C4012B19A7C012A01D1012C13D09A7C042A03D0287980B92C7409E05B7D002BF8D050
S32500031C60012BF6D0012002E001207047012070BD0120FCE72046FAE70120F8E77809FF1F56
S32500031C8010B50C46054B1B7A032B00D011B1034B1C7210BD0221FFF7BBFFF8E76C09FF1F91
S32500031CA02DE9F0410446824B5D6800EB400305EBC305804B1B689E68C0EBC00306EB8306D6
S32500031CC06F7D032F00F2EB80DFE807F0024F91BD95F80480B8F1000F34D0E8F711FCE86022
S32500031CE003217079FFF7CCFF00232B712046FFF7A3FD6A88737D013B9A4201DA01326A8060
S32500031D0001212046FFF714FE308B88B9F068143806F0E8F803222146284600F021FA042883
S32500031D200AD002236B75B846E8F7EAFBA860B3E00321F6F761FEE9E72046FFF7D1FD4FF0B5
S32500031D400108F1E7E8F7DCFBAB68C01AB3689842C0F0A280308B20B900236B8001236B7589
S32500031D609AE00021F6F748FEF6E795F80480B8F1000F06D12B7C012B00F28E804FF00208F3
S32500031D808AE000232B71E8F7BBFBE8602046FFF753FD6B88727D934201D201336B800321BB
S32500031DA07079FFF76DFF01212046FFF7C1FD308BA0B9F068143806F095F80322214628465E
S32500031DC000F0CEF904280DD04FF0000885F8048002236B75E8F794FBA8605DE00321F6F729
S32500031DE00BFEE6E72046FFF77BFDB846F2E703220146284600F0B4F9032808D0022800D0E5
S32500031E0088B9E8F77DFBA8604FF0000844E003212046FFF797FD03236B75E8F771FBA86041
S32500031E204FF0000838E0042802D04FF0000833E02046FFF755FDE8F763FBA86000232B7130
S32500031E404FF0010828E0E8F75BFBEB68C01AF368984203D36A88337D9A420AD9E8F750FB31
S32500031E60EB68C01A336998421CD36A88337D9A421BD305212046FFF765FD02217079FFF775
S32500031E80FFFE02212046FFF753FD4FF0000885F81580E8F735FBA8604046BDE8F0814FF022
S32500031EA00008F9E74FF00008F6E74FF00008F3E77809FF1F9C6300202DE9F04182B00E4661
S32500031EC01C4B1B689D68C0EBC00005EB80050024274606E00127384602B0BDE8F081013410
S32500031EE0E4B22B79A342F6D92B680DF10701185DFFF790FC0028EDD10F4B9B689DF807205C
S32500031F0003EB8203DA78B242E9D001225A709E702B683146185DFFF7B7FA0028DFD0064BFD
S32500031F209B689DF8072003EB820300225A700127D5E700BF9C6300207809FF1F70B582B0C2
S32500031F40154B1B689D68C0EBC00005EB80050024264605E00126304602B070BD0134E4B2F4
S32500031F602B79A342F7D92B680DF10701185DFFF751FC0028EED1094B9B689DF8072003EBC6
S32500031F808203D9789A78914200D001265B78002BE4D00126E2E700BF9C6300207809FF1F67
S32500031FA05C4B1B78002B00F0B48070B5002460E0584B5D6804EB440305EBC305564B1B688C
S32500031FC09B68C4EBC40603EB8606AB7C052B4ED8DFE803F00303444477032BB12B6903F060
S32500031FE0FF13B3F5A02F07D101212046FFF706FD00217079FFF744FEAB7C012B16D02B69E7
S3250003200003F0FF13454A934231D104212046FFF7F5FC02217079FFF733FE05212046FFF725
S3250003202091FC02212046FFF783FC20E02046FFF711FD012809D0022819D101212046FFF70E
S32500032040DDFC2046FFF706FD11E002212046FFF7D5FC00212046FFF76BFC08E02B6903F0AB
S32500032060FF13B3F1021F07D0AB7C032B09D00134E4B2002C9CD070BD03212046FFF7BEFCB1
S32500032080F2E72046FFF776FC012809D00228EED101212046FFF7B2FC2046FFF7DBFCE6E779
S325000320A004212046FFF7AAFC02217079FFF7E8FD05212046FFF746FC02212046FFF738FC92
S325000320C0D5E72046FFF7ECFD012816D00228CED105212046FFF792FC01217079FFF7D0FD40
S325000320E005212046FFF72EFC03212046FFF72AFC01212046FFF71CFCB9E701212046FFF7D1
S325000321007DFC00217079FFF7BBFD2046FFF7A2FCADE770477809FF1F9C630020020005007B
S325000321200E4B1B7803B9704710B582B00C460DF10701FFF76FFB58B9084B9B689DF8072065
S3250003214003EB82035A7812B19A78A24202D0DC7002B010BD00225A70F9E700BF7809FF1FB1
S32500032160F8B504460E461546C37DE3B9837D013383753E4B13F822304BB1A27D3C4B1B689D
S325000321801B789A4268D90023A3750420F8BD374A02EB850569783046FFF78EFE0028ECD1BC
S325000321A00123E375F2E7314B13F8227047BB0846FFF7C4FE20BB0023A375E3752B4B03EBCE
S325000321C085039F7887B10120012F47D0A37D0133DBB2A37580B1264A1268127893423FD92C
S325000321E00023A3750420D1E7204B03EB8505E9783046FFF761FEE7E70123E3750320C5E797
S32500032200E8F77EF9A368C01A194B1B685A68904228D30022E275A27D1B789A4218D80132DA
S32500032220A2754FB1A27D124B1B681B789A421BD90023A3750420A9E70C4B03EB850569787D
S325000322403046FFF739FE0028ECD10123E3759DE70023A375042099E7022097E7032095E7CF
S32500032260022093E7012091E702208FE7383C04009C630020014B1870704700BFC263002062
S32500032280014B1870704700BFBE630020014B1870704700BFBD630020014B1870704700BFD6
S325000322A0BC630020014B1870704700BFC0630020014B1870704700BFBF630020014B1870E9
S325000322C0704700BFC163002010B500240EE00F4B53F8342003EBC4031B790D49088890FBB1
S325000322E0F3F000F0010090470134E4B2062CEED9074A138801339BB2138049F63F429342D1
S3250003230002D9034B00221A8010BD00BF483C0400C4630020012902D0032913D070474FF46F
S32500032320A67303FB00F0D8300B4B1844043040B1D10802F0070201239340DBB2425C134362
S32500032340435470474FF4A67303FB00F000F58C70014B18440430EAE7C8630020012902D0F7
S32500032360032913D070474FF4A67303FB00F0D8300B4B1844043040B1D10802F0070201236D
S325000323809340425C22EA0302425470474FF4A67303FB00F000F58C70014B18440430EAE77D
S325000323A0C863002030B589B004460D460D4B4FF4A67C0CFB003CEE460CF58E7CBCE80F001C
S325000323C0AEE80F009CE80F008EE80F002A4603212046FFF79FFF2A4601212046FFF7BEFFFE
S325000323E009B030BDC863002030B589B004460D460D4B4FF4A67C0CFB003CEE460CF1DC0C0F
S32500032400BCE80F00AEE80F009CE80F008EE80F002A4601212046FFF77DFF2A4603212046DF
S32500032420FFF79CFF09B030BDC86300208A420DD005D282420AD8814208D910467047824276
S3250003244003D9814202D910467047104670478A4205D2824209D8814209D800207047824258
S3250003246007D9814207D8002070470020704701207047012070470120704700001C4B4FF4F1
S32500032480A67202FB0033DB6E83B370B50446012B06D9174A4FF4A67101FB0022013BD366A4
S325000324A0134B4FF4A67202FB0433DB6E012B00D070BD0F4D02FB04550022EA6695F854307F
S325000324C062F3861385F85430204601F0D3F9094901F0EDFA062685F84461204601F0CAF94F
S325000324E0054B1B689B6831469847E1E7704700BFC8630020953B030018650020F8B51B4B9B
S325000325004FF4A67202FB0033DB6E8BB10446012B06D9164A4FF4A67101FB0022013BD36600
S32500032520124B4FF4A67202FB0433DB6E012B00D0F8BD0E4D02FB04550027EF66204601F028
S3250003254099F90B4901F0B3FA062685F8446195F8543067F3861385F85430204601F08AF9C1
S32500032560044B1B689B6831469847E1E7C8630020953B03001865002010B5044601F07AF931
S3250003258008220B4B4FF4A67101FB043101F036FB60B1084B1B685A682301D3585B68013316
S325000325A003484FF4A67202FB0404E36510BD00BFC863002018650020334B4FF4A67202FBD5
S325000325C000339B6E002B5ED070B50446012B06D92D4A4FF4A67101FB0022013B93662A4B4A
S325000325E04FF4A67202FB04339B6E012B00D070BD254D02FB04550023AB66204601F03AF98B
S3250003260001F058FA0423AB7195F8543013F0200F1AD11E4B1B685A682301D3581A6901324A
S32500032620194B4FF4A67101FB04339A66164B4FF4A67202FB043393F8543013F0040FD6D0E5
S325000326402046FFF799FFD2E76B6F002BE1D10F4D2B685A682301D358DA6801320A4B4FF400
S32500032660A67101FB04335A669A7942F010029A71082683F84461204601F0FCF82B689B68B6
S3250003268031469847D2E77047C8630020186500202DE9F0410446494F4FF4A67500FB05F507
S325000326A005F1D8003844202200210430FCF79EFDDFF80C81D8F800305B6826019B591978CF
S325000326C02046FFF791FED8F800305B689B591A787B19DA7193F84521013283F845210022B7
S325000326E09A717A519A801A66DA655A669A66DA6693F8543013F0040F39D1304B4FF4A6721D
S3250003270002FB043393F84531042B06D82B4B02FB043393F84631082B38D9284D4FF4A673AD
S3250003272003FB045500232B67254F3B685A689259D26901326A675A689259126A0132AA6714
S325000327405B689B591B690133AB66072685F84461204601F08FF83B689B683146984795F83A
S32500032760543043F0100385F85430BDE8F0814FF4A67202FB047393F84621013283F8462199
S3250003278001229A712046FFF7F7FEB6E70C4F3B685B689B599A680132084B4FF4A67101FB81
S325000327A004331A66032583F84451204601F062F83B689B6829469847D7E700BFC8630020B4
S325000327C018650020F8B50446164E4FF4A67500FB05F505F58C703044202200210430FCF7B1
S325000327E005FD3544002385F8453185F84631204601F040F801F05EF9022785F844712046B3
S3250003280001F038F8084E33689B683946984733685A682301D3589B6901332B672046FFF76A
S3250003282037FFF8BDC86300201865002070B50646114C4FF4A67303FB00440025A56694F894
S32500032840583065F3410384F8583084F8465184F8455101F00FF801F02DF9084B1B685A687B
S325000328603301D3589B69013323676567A5673046FFF70EFF70BD00BFC86300201865002009
S325000328802DE9F04104466C4B4FF4A67202FB00331B6E83B1012B06D9674A4FF4A67101FB8D
S325000328A00022013B1366644B4FF4A67202FB04331B6E012B1AD0604B4FF4A67202FB043321
S325000328C05B6E8BB1012B06D95B4A4FF4A67101FB0422013B5366584B4FF4A67202FB043397
S325000328E05B6E012B00F09780BDE8F081524B02FB043300221A665A66504A12685268260195
S325000329009259D26802325A6693F8543013F0040F1ED1494B4FF4A67202FB043393F846315C
S32500032920082B45D8444B4FF4A67202FB043393F8583013F0010F64D13F4B4FF4A67202FBE3
S32500032940043393F8582042F0010283F85820B2E7394B4FF4A67202FB043302229A7193F8A6
S32500032960543013F0200F13D12046FFF705FE324B4FF4A67202FB043393F84621013283F8A9
S32500032980462193F8542042F0800283F85420C0E7294B4FF4A67202FB04331B6F002BE3D112
S325000329A0254B02FB04339A7942F010029A71DBE7214D02FB045500232B67204F3A68536801
S325000329C09B59DB6901336B6753689B591B6A0133AB674FF0070885F84481204600F04AFF07
S325000329E03B689B684146984795F8543043F0100385F854303B685B689B591B690133AB6647
S32500032A0059E70D4B02FB043393F8542042F0010283F854204FE7084B02FB043300225A661F
S32500032A20204600F027FF054B1B689B68022198472046FFF72DFE57E7C8630020186500208C
S32500032A4010B504462B4B4FF4A67202FB00331B6E83B1012B06D9274A4FF4A67101FB0022AC
S32500032A60013B1366234B4FF4A67202FB04331B6E012B18D01F4B4FF4A67202FB04335B6E3C
S32500032A8083B1012B06D91B4A4FF4A67101FB0422013B5366174B4FF4A67202FB04335B6E5E
S32500032AA0012B15D010BD134B02FB043300221A6693F8543013F0040FDCD00E4B4FF4A67276
S32500032AC002FB043332229A712046FFF755FDD1E7084B02FB043300225A66204600F0CAFE6D
S32500032AE0054B1B689B68022198472046FFF7D0FDD8E700BFC8630020186500202DE9F04719
S32500032B0006460C465B4B4FF4A67200FB02F29918002081F8450104EBC4010A441344DB7BDF
S32500032B2013F0040F33D1534F04EBC4054FF4A67A0AFB06FA55443D44697C3046FFF754FCF5
S32500032B404D4BD3F80090D9F804304FEA061853F808305744FA791978687CFFF767FCF87155
S32500032B60EB7B13F0020F19D142484FF4A67303FB060696F858306FF3000386F8583096F8E9
S32500032B8054306FF3000386F85430BDE8F087394C1444617C3046FFF705FCF6E7354B3D461E
S32500032BA000213966796604EBC401514401F108001844D0F8017043F80A70B0F80520AA80E9
S32500032BC00B441D7CD9F8043053F808301A78954230D00C46274A1444607C85422AD0DA6819
S32500032BE00132244B4FF4A67101FB06335A66D9F8043053F808302A461978FFF728FC01280F
S32500032C00C3D11C4B4FF4A67202FB063393F8543013F0040FB9D0174B02FB063301229A71AB
S32500032C20DD7193F8543013F0200F12D13046FFF7A3FCAAE79B6801330E484FF4A67202FB98
S32500032C400606336696F854306FF3C71386F854309BE7084B4FF4A67202FB06331B6F002B5B
S32500032C60E4D1044B02FB06339A7942F010029A71DCE700BFC86300201865002001EBC10197
S32500032C804FF4A67303FB00111A4B1944CB7B13F0200F00D1704770B50446164B4FF4A672D3
S32500032CA002FB003393F8543013F0200F00D170BD00F0E0FD00F02CFF0F4D2B685A682301DF
S32500032CC0D3585A6901320B4B4FF4A67101FB0433DA66052683F8446193F8542042F04002E9
S32500032CE083F85420204600F0C5FD2B689B6831469847DCE7C86300201865002070B50446BE
S32500032D00424B4FF4A67202FB0033002283F8462193F84431042B3BD0072B64D0032B00D0F0
S32500032D2070BD3A4B4FF4A67202FB00339B7913F0020FF5D0354B02FB003300221A665A664E
S32500032D40334A1268516802018A58D26801325A669B7913F0100FE3D02C4B4FF4A67202FBF0
S32500032D60003393F8543013F0200FD9D0274B02FB00339A7942F020029A71042583F84451E0
S32500032D8000F078FD224B1B689B6829469847C7E71E4B4FF4A67202FB00339B7913F0020FBA
S32500032DA0BED000F067FD00F0B3FE194D2B685A682301D3585A690132144B4FF4A67101FBD2
S32500032DC00433DA66052683F8446193F8542042F0400283F85420204600F04CFD2B689B6891
S32500032DE0314698479CE7094B4FF4A67202FB00339B7913F0040F93D0044802FB040494F8A8
S32500032E00583043F0020384F8583089E7C863002018650020214B4FF4A67202FB00335B6ECD
S32500032E20002B3AD02DE9F0410446012B06D91B4A4FF4A67101FB0022013B5366174B4FF441
S32500032E40A67202FB04335B6E012B01D0BDE8F081124D02FB04554FF00008C5F8648020463E
S32500032E6000F008FD00F054FE0D4F3B685A682301D3585B690133EB66092685F8446195F8DB
S32500032E80543068F3041385F85430204600F0F2FC3B689B6831469847D8E77047C863002031
S32500032EA01865002070B504461F4B4FF4A67202FB003393F8543013F0200F09D001EBC10140
S32500032EC002FB0011184B1944CB7B13F0200F03D12046FFF7ABFC70BD00F0CCFC00F018FEE1
S32500032EE0124D2B685A682301D3585A6901320E4B4FF4A67101FB0433DA66092683F844615B
S32500032F0003F1500293F854306FF304131371DBB243F040031371204600F0ACFC2B689B683B
S32500032F2031469847D7E700BFC863002018650020F8B505460C46B24B4FF4A67202FB0033FB
S32500032F4093F84431033B062B00F21281DFE813F0070007000401100131007D002601FFF7BB
S32500032F60CDFD21462846FFF789FEA54B4FF4A67202FB053393F84431042B40F0F98004EBE5
S32500032F80C40402FB05449E4B2344DB7B13F0100F40F0EE809A4B02FB0533032483F8444173
S32500032FA0284600F067FC974B1B689B6821469847DEE0934B4FF4A67202FB003393F8543063
S32500032FC013F0040F3ED08E4B02FB003393F8583013F0020F33D101EBC1044FF4A67101FB89
S32500032FE00041874C0C44E37B13F0200F00F0C08000F040FC00F08CFD824C23685A682B01B8
S32500033000D3585A6901327E4B4FF4A67101FB0533DA66092683F8446103F1500293F854304B
S325000330206FF304131371DBB243F040031371284600F020FC23689B683146984798E0FFF737
S3250003304031FF95E0FFF72EFF92E001EBC1034FF4A67202FB00336A4A1344DB7B13F0100F6F
S3250003306031D0674B4FF4A67202FB053393F8543013F0200F3ED1624B4FF4A67202FB053377
S3250003308093F8543013F0040F72D05D4B02FB053393F8583013F0020F6AD0594B02FB0533A9
S325000330A093F8543013F0200F62D004EBC40402FB0542534B1344DB7B13F0200F58D1284685
S325000330C0FFF7B4FB54E013464FF4A67202FB0033072683F844614B4F3A68516802018A5803
S325000330E0126901329A6600F0C5FB3B689B6831469847B6E704EBC40302FB0533404A134404
S32500033100DB7B13F0200FB6D0284600F0B3FB00F0FFFC3C4E33685A682B01D3585A6901326D
S32500033120374B4FF4A67101FB0533DA66092783F8447103F1500293F854306FF30413137184
S32500033140DBB243F040031371284600F093FB33689B68394698478EE701EBC1044FF4A67177
S3250003316001FB0041264C0C44E37B13F0100F00D0F8BD234B4FF4A67202FB00330021D966E9
S3250003318093F8542061F3861283F8542000F072FB00F090FC2846FFF77BFAE9E701EBC10419
S325000331A04FF4A67303FB0044154B1C44E37B13F0100FDDD1124B4FF4A67202FB0033002171
S325000331C0D966072483F844410E4E326850682A018258126901329A6603F1500293F85430C6
S325000331E061F386131371DBB243F010031371284600F040FB33689B6821469847B8E700BF23
S32500033200C86300201865002000B5012903D0032921D05DF804FB4FF4A67303FB00F07830A8
S325000332201D4B1844D2F800E0D2F804C09168D368C0F804E0C0F808C0C1600361D2F810E0FA
S32500033240D2F814C09169D369C0F814E0C0F818C0C1610362DDE74FF4A67303FB00F0B830D8
S325000332600D4B1844D2F800E0D2F804C09168D368C0F804E0C0F808C0C1600361D2F810E0CA
S32500033280D2F814C09169D369C0F814E0C0F818C0C1610362BDE700BFC8630020F0B589B002
S325000332A0074600F0B7FA06461A4C4FF4A67303FB00440025656594F8543043F0040384F812
S325000332C05430A37965F30413A371DBB265F34513A371202201216846FBF788FF6A46012114
S325000332E03046FFF791FF6A4603213046FFF78CFF84F8485184F84751012384F84431064971
S32500033300384600F0D4FB3046FFF75CFA284609B0F0BD00BFC8630020553B030010B500F07F
S3250003332079FA0B4B4FF4A67202FB0033002483F8444193F8542042F0080283F8542000F0F2
S3250003334099FA044B1B689B6821469847204610BDC86300201865002070B50446012903D02F
S3250003336002292ED0002070BD5D4B4FF4A67202FB003393F8541041F0200183F8541093F8F0
S32500033380551041F0010183F8551093F84431032BE8D1534B4FF4A67202FB003393F854308D
S325000333A013F0040FDED14E4B02FB0033042583F8445100F05FFA4B4B1B689B68294698478A
S325000333C0D0E7474B4FF4A67202FB003393F854106FF3451183F8541093F855106FF3000137
S325000333E083F8551093F84431043B052BBAD801A252F823F00D3403002D34030057340300AD
S32500033400653303006934030097340300344B4FF4A67202FB0033032583F8445100F02AFA44
S32500033420304B1B689B68294698479BE72C4B4FF4A67202FB00330021D96693F8542061F3FD
S32500033440861283F8542000F015FA00F033FB2046FFF71EF986E700F00DFA234900F027FB6A
S325000334602046FFF7AFF97DE71D4B4FF4A67202FB0033072583F844511A4E326851680201EE
S325000334808A58126901329A6600F0F4F933689B682946984766E7124B4FF4A67202FB003395
S325000334A00020D86693F8541060F3861183F85410C9B241F0100183F85410072583F8445115
S325000334C0084E3268516822018A58126901329A66204600F0CFF933689B682946984741E755
S325000334E0C863002018650020753B030038B500F091F90446734B4FF4A67202FB003393F8A3
S325000335004831012B00F094806E4B4FF4A67202FB043393F84931012B00F08C80694B4FF48D
S32500033520A67202FB04331B6F83B1012B06D9654A4FF4A67101FB0422013B1367614B4FF49D
S32500033540A67202FB04331B6F012B7DD05D4B4FF4A67202FB04335B6F83B1012B06D9594A30
S325000335604FF4A67101FB0422013B5367554B4FF4A67202FB04335B6F012B6BD0514B4FF491
S32500033580A67202FB04339B6F93B14F4B1B78012B66D04C4B4FF4A67202FB04339B6F012B9D
S325000335A006D9484A4FF4A67101FB0422013B9367444B4FF4A67202FB0433DB6D83B1012B19
S325000335C006D9404A4FF4A67101FB0422013BD3653C4B4FF4A67202FB0433DB6D012B50D0DF
S325000335E0384B4FF4A67202FB043393F84431033B062B52D8DFE803F04E525E51565A6200FC
S3250003360029462046FFF794FC0135EDB22D4B4FF4A67202FB043393F84731AB42F0D8294B3E
S3250003362002FB0433002283F8482183F847216BE70025EBE7234B02FB0433002283F8492172
S325000336402046FFF75BFB69E71E4B02FB043300221A677BE71B4B02FB043300225A678DE7CC
S32500033660194B00221A70194B1B685A682301D3581A6A0132134B4FF4A67101FB04339A6796
S3250003368087E7104B02FB04330022DA652046FEF773FF02E02046FFF7F3F838BD2046FFF77C
S325000336A0CFF9FAE72046FEF787FFF6E72046FFF7B1FBF2E72046FEF7E1FEEEE72046FEF74F
S325000336C01DFFEAE7C8630020493700201865002038B5054600F09EF80446284600F018FAF4
S325000336E01249284600F0E3F9114B4FF4A67202FB043300221A66DA655A669A66DA660D4A09
S325000337001268526824011259126902329A6693F8541041F0020183F85410C9B241F010016E
S3250003372083F85410072283F8442138BDA93B0300C86300201865002008B500F06BF8074B72
S325000337404FF4A67202FB003090F854306FF3410380F85430012380F8493108BDC863002004
S3250003376010B50C4600F056F8114A4FF4A67303FB00F002EB000C9CF84731591C8CF84711F0
S325000337809CF854106FF341018CF8541003EBC30303440833134421686268C3F80110C3F835
S325000337A00520227A5A7201238CF8483110BD00BFC8630020014B1970704700BF1465002097
S325000337C0014B1878704700BF146500200346002008B101207047054A526802EB0012127A67
S325000337E09A42F7D00130C0B2F2E700BF803C04000346002008B101207047054A526802EB32
S325000338000012927B9A42F7D00130C0B2F2E700BF803C04000246002001E00130C0B2074BA4
S325000338201B681B78834207D9054B5B6803EB00131B7A9342F1D100E0FF2070471865002031
S32500033840803C0400002301E00133DBB2074A126812789A4208D9064A526802EB0312917BB0
S325000338608142F1D1107B7047FF20704718650020803C0400002301E00133DBB2074A1268B5
S3250003388012789A4208D9064A526802EB0312117B8142F1D1107A7047FF2070471865002007
S325000338A0803C040038B5144B144A1A600024144B1C700121204600F07FF90121084600F0BC
S325000338C07BF901E00134E4B20B4B1D682B78A3420ED92046FFF7CEFF6B6803EB0412527BA8
S325000338E0012AEFD05B7B002BECD1FFF7D7FCE9E7034B01221A7038BD18650020803C040031
S325000339001C65002010B50446FFF760FF2046FFF781FF074B1B685B6803EB00135B7B012B22
S3250003392000D003B110BD2046FFF7F8FCFAE700BF1865002010B50446FFF748FF2046FFF7F8
S3250003394069FF074B1B685B6803EB00135B7B012B00D003B110BD2046FFF7EEFEFAE700BF22
S325000339601865002038B504461546FFF72FFF2046FFF750FF074B1B685B6803EB00135B7BD1
S32500033980012B00D003B138BD29462046FFF7E8FEF9E700BF1865002038B5002401E0013465
S325000339A0E4B2094B1D682B78A3420BD92046FFF761FF6B6803EB04135B7B002BEFD1FFF7D8
S325000339C095FDECE738BD00BF1865002010B50446FFF7FCFE2046FFF71DFF074B1B685B6819
S325000339E003EB00135B7B012B00D003B110BD2046FFF76EFEFAE700BF1865002038B505462D
S32500033A00FFF7F6FE04462846FFF71CFF074B1B685B6803EB00135B7B012B00D00BB120465D
S32500033A2038BD0221FFF798FC0446F8E71865002038B50546FFF7DCFE04462846FFF702FF5E
S32500033A40074B1B685B6803EB00135B7B012B00D00BB1204638BD0121FFF77EFC0446F8E720
S32500033A6018650020044B1878012802D0032801D000207047012070476D05FF1F044B1B78A9
S32500033A80023BDBB2012B01D900207047012070476D05FF1F08B501210420FDF749FB0121B1
S32500033AA00020FDF745FB0120FDF7FEFA08BD08B5884708BD08B5FFF7ADFE134B1B78012B0B
S32500033AC008D0FFF7DBFF01280DD1FFF7CBFF012811D108BD0D4A50210720FBF7FBF80A4B75
S32500033AE000221A70F5E701210420FDF721FB0120FDF7DAFAE9E701210020FDF719FB0120BB
S32500033B00FDF7D2FAE5E700BF21650020953A030008B5FFF77FFE0E4B1B78012B0BD0002195
S32500033B200420FDF705FB00210846FDF701FB0020FDF7BAFA08BD0720FBF702F90128EED17C
S32500033B400720FBF7E1F8024B00221A70E7E700BF2165002008B504F0D9F919210348E8F757
S32500033B6036FB034B01221A7008BD00BF984F04002165002008B504F0C9F919210348E8F724
S32500033B8026FB034B01221A7008BD00BF984F04002165002008B5034B00221A7004F0B7F990
S32500033BA008BD00BF2165002070470000014B1878704700BF1D65002031B101238340064A0E
S32500033BC0107818431070704701238340024A107820EA03001070704720650020024B187841
S32500033BE000F00100704700BF20650020024B1878C0F34000704700BF2065002070B584B06C
S32500033C000C461546FFF706FE0646ADF80C50CDF808D0E3798DF80030A3798DF80130AA1E5F
S32500033C2021460DF10200FBF7D5FAFFF7DFFF30B9094B01221A70084B187804B070BD074B7F
S32500033C401B68586800EB061002A94089FDF7A8FB014B1870EFE700BF1D6500201865002064
S32500033C6010B50346114A106800EBC30230F8334092F805C000234FF0050E02E0964401335B
S32500033C809BB25E2B0FD800EBC30251796145F6D130F83310A142F2D25188CA1011F0070F9B
S32500033CA0ECD00132EAE74FEACE0010BD24650020027843781344827852FA83F3DBB283F076
S32500033CC0AA03C3707047000008B558B90C4B0121197200219972997558725B685B6803B134
S32500033CE0984708BD064B00229A72052159729A7501221A725B685B68002BF2D09847F0E7C0
S32500033D002465002010B582B00D4B1A6800245E2C06D832F83430834204D00134A4B2F6E705
S32500033D20002300E0012313B1204602B010BD054B0093BE23044A05490120FBF7D9FBF3E789
S32500033D4024650020F43C0400C43C04001C2B040038B50546094CE38BA28B09491944A0694E
S32500033D60FBF738FA0023A372A37501232372657263685B6803B1984738BD00BF24650020B8
S32500033D804465002038B560B1184B00229A72052159729A7501221A725B685B6803B19847FA
S32500033DA038BD124DAB89124C23802323A3702046FFF77EFF04222146288A01F01BFF60B1E4
S32500033DC00A4B01225A720021997299751A725B685B68002BE4D09847E2E701F0F3FE0238A7
S32500033DE0C0B20128DCD80422AA75D9E72465002044650020054B064A1A60064A5A600022AE
S32500033E005A729A729A7501221A72704724650020283D0400204004002DE9F84F064688465F
S32500033E2091461F46124CD4F800A0FFF76BFF237A012B1AD105464FF0030B84F808B0C4F8D7
S32500033E401890FFF70DFF2061A4F81E80A783A6810AEBC5056B88A3820223237284F80AB0DC
S32500033E6063720020A075BDE8F88F0120FBE700BF246500202DE9F84307460C46114DD5F87D
S32500033E800090FFF73FFF2B7A012B02D00120BDE8F883064603232B72FFF7E2FE2861AC61F6
S32500033EA0AF8109EBC606728821460748FBF792F97388AB8202232B720422AA726B720020B3
S32500033EC0A875E4E72465002044650020014B187A704700BF24650020014B587A704700BFEE
S32500033EE0246500202DE9F0410746FFF70BFF174B1C7A012C03D001242046BDE8F081054698
S32500033F001E4603233372D6F80080FFF7A9FE306108EBC5004388B382B7810223337204220D
S32500033F20B272B27573720A48078067238370FFF7BFFE14B90422B275DEE7044B00219972E5
S32500033F4001225A7299751A72D6E700BF246500204465002008B51C4B5B7A022B00D008BD26
S32500033F60194B9B7D002BFAD1174B9B7A032B1ED0042B0FD0022BF2D101F024FE0128EED13A
S32500033F8001F020FE831EDBB2012BE8D80E4B03229A75E4E701F016FE0128E0D10A4B012240
S32500033FA09A759A8A0949188A01F024FED7E701F009FE0128D3D1044B02229A759A8A034949
S32500033FC0188A01F03FFECAE7246500204465002008B501F003FE032808D0144B9B7D013B80
S32500033FE0032B0BD8DFE803F00E0B11140F4B00229A72032159729A7501221A7208BDFFF7BF
S32500034000A7FEFBE7FFF760FEF8E7FFF7BBFEF5E7064B00229A729A7501221A7258725B6888
S325000340205B68002BEAD09847E8E700BF24650020024B01221A705A70987070478809FF1F87
S325000340408B7B012B00D07047CB7B012B16D092F80BC08B8900F803C0B2F80AC08B89034453
S3250003406083F801C093684FEA132C8B89034483F802C093688A891044C370E4E71389B1F84B
S325000340800CC01B0A00F80C3012898B891844427070470000184B9968184A0023137153803E
S325000340A01846174A282B26D810B40CE00324147003E04FF0040C82F804C018322831013345
S325000340C09BB2282B14D80C69002CF2D0D478002CEFD192F802C04C7DA445EAD20220107153
S325000340E0887B0128E2D000201070D0710120E4E75DF8044B7047704794460400686900202B
S325000341008C650020F0B583B01C4B9E681C4B02221A701C4B00241C715C8020461A4F0DE07B
S3250003412033699BB13378022B1BD002233B7100233B702846183728360134A4B2282C1BD83F
S325000341403579012DECD004233B71F3E740F28D2301930E4A00920E4A0E490320FBF7C8F92C
S32500034160E0E74FF424730193084A0092084A09490320FBF7BDF9D8E703B0F0BD94460400B1
S3250003418064690020686900208C650020CC460400A0460400C846040030B583B00378012B56
S325000341A003D00025284603B030BD0C460D7D012D04D00025237D01332375F3E7437D022BBA
S325000341C007D1A378B3FA83F35B09A37000232370F0E74FF432730193034A0092034A0449C7
S325000341E00320FBF785F9ECE7CC460400A0460400C84604002DE9F04F8BB006460C461746B3
S3250003420098469DF850909DF854A04FF0000B0B79022B0DD12379022B22D12578042D00F264
S325000342203D82DFE815F02800B20089019B01C2010A7889780791CDF818A0CDF81490CDF861
S325000342401080A2490978039102920193A04B009340F2FA239F4AA0490120FBF749F9D9E7E9
S3250003426040F2FB2301939D4A00929A4A9A490320FBF73EF9D1E7BFB1BB46C4F810B0B8F177
S32500034280010F14D0B37B012B49D02B46BAF1010F4CD0A278B18911FA83F39BB2717D914283
S325000342A05AD80125257152E1D6F810B0E5E7B9F1000F0AD04FB140F20E330193874A00927D
S325000342C0844A85490320FBF713F9854FB28959463846FAF77FFF224631463846FFF7B0FE7C
S325000342E0A078737D984203D30123237145462EE17C4B00221A709C605E60B38B9B009BB258
S325000343001844394680B2FFF7B5FD002832D0FFF7DDFD012840F01B81FFF78AFEE4E7F37B39
S32500034320012B01D00423B1E70223AFE7336A43B1B289316A5846FAF74DFF00232371554669
S3250003434005E140F257330193644A0092614A62490320FBF7CDF8EBE76248002101708460BC
S325000343604660B08B800080B210445D4A80B2FFF753FD10B901232370E9E0FFF7A7FD012822
S3250003438040F0E580FFF754FE8BE777B3002F00F0E180FFF7A1FD8246022828D000285ED146
S325000343A0B8F1010F3AD0B77B012F4FD1F37B012B39D0B3894A4AD15C1A4453781B0403EBD9
S325000343C00163917803EB0123D2781344E360A360B28943492069FAF7FDFE337D012B2DD059
S325000343E00023237023713D46B1E03769CEE72379022B01D10025AAE0FFF768FD054601F020
S32500034400E1FB02900195384B00934FF47273314A31490120FBF76CF8002598E00023237092
S325000344202371454693E0B2892D4B995C13445B7803EB01239BB2A3812381C9E7042323707E
S325000344400023637001232375554680E0B28924492069FAF7BFFE00232370237177E0B8F17D
S32500034460010F08D1E3790133DBB2E371032B40F221810023E37121463046FFF78DFE0028DA
S3250003448065D1BAF1040F31D0BAF1050F0DD0BAF1010F35D040F266430193104A00920D4A10
S325000344A00D490320FBF724F801E005232371B8F1000F32D1316A69B3002934D0B289384677
S325000344C0FAF788FE0023237141E000BFF86A0020E0460400A0460400C8460400CC46040007
S325000344E0806900208809FF1F4C470400032323717D4B98880028DAD00121F4F77DFAD6E7AF
S3250003450001232371784BD8880028D0D00121F4F773FACCE7736A002BCED100232370734BA7
S3250003452001221A7113E0736A1BB19847002323710DE0002323700AE040F2A14301936C4AA5
S3250003454000926C4A6C490320FAF7D2FF0025012D00F0B48028460BB0BDE8F08F77B17FB154
S32500034560F37B012B17D001234FF0FF32B1893846FAF7F2FCA06000252570E8E73769EEE788
S325000345804FF4966301935A4A00925A4A5A490320FAF7AEFFE4E74FF6FF72B1893846FAF7DA
S325000345A0CDFC208100232370E5E7337D012B10D1F37B012B18D001234FF0FF32B189206970
S325000345C0FAF7CAFC09906778B7B1012F5BD00025BDE740F2D2430193454A0092454A4649FD
S325000345E00320FAF785FFE3E74FF6FF72B1892069FAF7A4FC8346E6E7F37B012B0BD0A5682E
S32500034600099B9D4214BF00250125012D09D10023237123709BE725895D4514BF00250125AE
S32500034620F3E721463046FFF7B7FD0546002843D1324B00221A70336A93B1B38B0193304B32
S32500034640009340F20D532B4A2B490320FAF750FFB289316A2069FAF7BDFD0123637076E782
S32500034660736A1BB198470123637070E71E4B988828B90323237100232370012567E70121EB
S32500034680F4F7BAF9F5E7F37B012B04D0099BA360002565705BE7A4F808B0F9E740F2565337
S325000346A00193134A0092134A13490320FAF720FF00254CE700254AE73D4648E7217919B9B6
S325000346C0002363710123A371B36813B10D4A10789847B9F1000F7FF43DAF0B4B01221A70EA
S325000346E00A4B00221A7035E79446040068690020CC460400A0460400C8460400096B00201F
S3250003470064470400086B0020F86A0020F96A002030B583B0044603E0224B5A8801325A80A8
S32500034720204B598828291BD801EB41021E4B03EBC2021379042BEFD01C4B986801EB810C3C
S3250003474001EB410100220192012300932346164D05EBC10100EBCC00FFF74CFD0028DBD16E
S32500034760104B5B88282B17D90E4B00225A801B79012B13D00E4B00221A700E4B01221A70AC
S325000347800D4B00221A70094B1B681B6823B1084A11780A4A1078984703B030BD044B012236
S325000347A01A70EAE7686900208C6500209446040064690020F86A0020F96A0020086B002030
S325000347C010B5124B9C680C23142211491148FAF7F7FA0022104B0BE0A178D970012119713A
S325000347E0002159719971D97118332834013292B2282A05D821780229EED100219970EBE7A5
S325000348000123064A1370064A137010BD94460400086A0020EC6900208C6500206469002015
S32500034820F86A002020B9094B1B780B7000207047012808D0431E03EB4303054A02EBC30343
S325000348401B790B70F2E700230B70EFE7646900208C65002010B584B0044604238DF80430D2
S32500034860ADF80600029106238DF80C3001A90848FAF7B1FA48B904EB4404064800EBC40438
S3250003488002232371002004B010BD0120FBE700BFEC6900208C65002070B586B004460E4674
S325000348A0012818D9254B9D6804EB840305EBC30504EB4403224A02EBC303D878012808D08C
S325000348C004EB440302EBC3039A786B7D9A420DD3012006B070BD40F2B5730193194A009249
S325000348E0194A1A490320FAF703FEDBE7ADF80E4005238DF80C30049607238DF8143003A9FD
S325000349001348FAF768FAB8B904EB44030C4A02EBC30302221A71AB7B012B06D004EB440422
S32500034920E4000020064B1855D3E704EB4404044B032203F83420CCE70120CAE79446040095
S325000349408C650020CC460400A0460400C8460400EC69002000B583B0814B1B78012B0BD068
S325000349607F4B1B78023B082B68D8DFE803F03A845C776A676767A7007A497B48FAF749FAD6
S32500034980E0B978490A78764B1A70784B00221A70774B9A684B8803EB830002EBC002754804
S325000349A0026003EB4303744A02EBC303734A136002221A710A7A724B1A70D1E7714B1B7836
S325000349C0002BCDD0664A13700023684A1370694A13606A4A13606B4A507969490870137003
S325000349E0BEE7624B1B782BB1012B27D10020FFF78FFE23E0FFF786FB012810D00023624AD4
S32500034A001370574A01211170584A1370584B1B681B689BB100215A4A107898470EE0534BF4
S32500034A2001221A700AE00023019300934D4A5268524909684F480068FFF7DCFB03B05DF85B
S32500034A4004FB0123019300230093464A52684B49096848480068FFF7CDFBEFE7002301934E
S32500034A60009301233F4A52684449096841480068FFF7C0FBE2E73D4B1B782BB1012BDDD1F9
S32500034A800120FFF745FED9E7FFF704FB012811D000233D4A1370324A01211170334A1370A8
S32500034AA0334B1B681B68002BC8D00021344A10789847C3E72D4B01221A70BFE72B4B1B7822
S32500034AC0C3B1012BBAD1FFF707FA0228B6D0002830D1284B1B681B78012B20D000232B4A95
S32500034AE013701F4A01211170204A1370234A12681371A3E7214B1B689878244B1B780344F4
S32500034B001C4A1268908B800080B2184480B2FFF7E9F9002892D1154B01221A708EE71B4B06
S32500034B201B78002BDAD1194B01221A700F4B00221A7083E70E4BD88870B90120FFF778FA17
S32500034B400122074B1A70002308490B700B4909680A710E4A137071E70121F3F74DFFECE7C0
S32500034B60F86A0020FC6A0020EC690020F96A002094460400E86900208C650020E069002063
S32500034B80086B00206869002064690020E469002008B5084B01221A7000225A705B6823B1EE
S32500034BA0FFF79AF9034B987008BD024B01229A70FAE700BF8809FF1F08B5074B01221A70C3
S32500034BC05A705B6823B1FFF787F9034B987008BD014B01229A70FAE78809FF1F10B582B0DA
S32500034BE00C460C2803D00D2814D002B010BD01910E4B009340F679130D4A0E490320FAF7B9
S32500034C0077FC0120FAF74CFE002CEED1042003F055F9EAE70191084B009340F68313044A09
S32500034C2004490320FAF764FCDFE700BF84470400A0460400C8460400A44704003F2932D8F9
S32500034C40F0B4062803D0072817D0F0BC70470122A1F12003C1F1200002FA03F322FA00F085
S32500034C60034302FA01F1104AD2E9006726EA010427EA0305C2E90045E7E70122A1F12003B7
S32500034C80C1F1200002FA03F322FA00F0034302FA01F1064AD2E9006726EA010427EA030567
S32500034CA0C2E90045D1E77047706900207869002001B1704708B51821FFF7C0FF08BD01B107
S32500034CC0704708B51721FFF7B9FF08BD01B1704708B51921FFF7B2FF08BD01B1704708B5BA
S32500034CE01A21FFF7ABFF08BD01B1704708B51B21FFF7A4FF08BD01B1704708B51C21FFF7F2
S32500034D009DFF08BD01B1704708B51D21FFF796FF08BD01B1704708B51E21FFF78FFF08BDC7
S32500034D2001B1704708B51F21FFF788FF08BD01B1704708B52021FFF781FF08BD01B17047B7
S32500034D4008B52121FFF77AFF08BD01B1704708B52221FFF773FF08BD01B1704708B5232117
S32500034D60FFF76CFF08BD01B1704708B52421FFF765FF08BD01B1704708B52621FFF75EFFBA
S32500034D8008BD01B1704708B52521FFF757FF08BD01B1704708B52721FFF750FF08BD01B19E
S32500034DA0704708B52821FFF749FF08BD10B582B0044641B11B4B00221A700C281FD0062C90
S32500034DC026D002B010BD0221FFF738FF154B01221A700C2C0AD0062CF3D1134B0093AB2331
S32500034DE0124A13490320FAF783FBEAE7114B0093A7230E4A0E490320FAF77AFBEBE70E4B73
S32500034E000093B623094A0A490320FAF771FBD6E70A4B0093BA23054A05490320FAF768FB61
S32500034E20CFE700BF0C6B00200C480400C4470400F0470400F8470400244804003C48040080
S32500034E4010B582B0044641B11B4B00225A700C281FD0062C26D002B010BD0721FFF7EEFEF0
S32500034E60154B01225A700C2C0AD0062CF3D1134B0093CD23124A13490320FAF739FBEAE722
S32500034E80114B0093C9230E4A0E490320FAF730FBEBE70E4B0093D823094A0A490320FAF7CD
S32500034EA027FBD6E70A4B0093DC23054A05490320FAF71EFBCFE700BF0C6B00206C48040095
S32500034EC0C4470400F047040054480400844804009C48040010B582B0044641B11B4B00226C
S32500034EE09A700C281FD0062C26D002B010BD0821FFF7A4FE154B01229A700C2C0AD0062C43
S32500034F00F3D1134B0093F023124A13490320FAF7EFFAEAE7114B0093EC230E4A0E4903206A
S32500034F20FAF7E6FAEBE70E4B0093FB23094A0A490320FAF7DDFAD6E70A4B0093FF23054A14
S32500034F4005490320FAF7D4FACFE700BF0C6B0020D0480400C4470400F0470400B8480400A2
S32500034F60E8480400004904007047000009B10C2800D0704730B4074D074C28686968AA687D
S32500034F80EB680FC42869696903C42B8B238030BC704700BF2C6200202CED002070477047A8
S32500034FA0704770477047704770477047704770477047704770B58EB001258DF820500E2313
S32500034FC08DF82130234C08AA18212046F0F730F80DAA18212046F0F719F807A8E8F72BFA22
S32500034FE0D83407A92046E8F72AFA01A8E8F744FA00218DF804108DF815108DF814108DF82B
S3250003500016108DF81850144E0D9BA6FB03239B0C41F2883202FB03F3029301AA2046E8F797
S325000350203BFA0D9BA6FB03239B0C642202FB03F3029301AA29462046E8F72EFA3020EAF756
S32500035040A9FC3120EAF7A6FC03212046E8F7BAFA0EB070BD681B040083DE1B43014B012211
S325000350601A7070470F6B002008B5144B1B78012B19D0FDF729F903F045F905F0F3FB104806
S32500035080037801330F4981FB032101F0FC0202EBA10251005B1ADBB2037063B101210A4893
S325000350A0E8F797FA08BD00216F2003F0EBFA034B00221A70DDE702F051FDEFE70F6B0020BC
S325000350C0106B002067666666401C040008B502210148E8F77EFA08BD401C040070B504461F
S325000350E00D461646436898472268002301E001339BB21FFA80FC9C4510D903EB830C02EB96
S325000351008C0C9CF80940002CF1D1DCF80410A942EDD1BCF800303380012000E0002070BDAD
S3250003512010B586B001238DF8043001AA20210A48EFF77EFF094C03220C212046E6F7BFFF45
S3250003514003220D212046E6F7BAFF19210448E7F73EF806B010BD00BF681B0400784F0400C9
S32500035160984F040008B5002206217320EAF722FC002206217420EAF71DFC002206217520EE
S32500035180EAF718FC002206217620EAF713FC002202217020EAF70EFC7320EAF7FBFB742084
S325000351A0EAF7F8FB7520EAF7F5FB7620EAF7F2FB7020EAF7EFFB08BD70B5A4B0064600243F
S325000351C003942C4D01220E212846E6F778FF01220E212846E6F7DCFF22460E212846E6F748
S325000351E0E4FF03220C212846E6F769FF03220D212846E6F764FF8022214604A8F9F7F6FF23
S3250003520004A8E8F7A6FD736898478DF85900336817938DF810408DF811408DF812408DF873
S3250003522014408DF8404001268DF85460124D03AA05212846EFF7EAFE01964FF4FA63009374
S3250003524041F64C530D4A03990BA8E9F729FA019440F6C413009341F64C53094A039906A81E
S32500035260E9F71EFA04A905F18800E9F7F3FA24B070BD00BF784F0400681B040080841E0001
S3250003528020A1070010B50446FFF74AFF114B5C6001221A70002333B123689868FFF78CFF17
S325000352A0FFF760FF10BD0C4A03EBC30002EB800102F82030094A52688A6001224A70002010
S325000352C081F822009A40034881680A4382600133DBB2E0E7386B0020146B00209409FF1F48
S325000352E010B596B004464FF6FF73ADF80630124B5B681B680DF1060241689868FFF7EEFE8A
S3250003530010B9012016B010BDBDF806308DF8083022788DF8502063680393A16804A8F9F7CA
S3250003532059FF064C02A96068E8F700FE02A96068E8F7A6FD0020E5E7386B00209409FF1F0B
S325000353402DE9F0419CB004460D460023079325E008A9384B5868E8F72BFF099B04939DF885
S3250003536068208DF80C20082A5CD905AB0AAA92E8030083E8030008238DF80C302E4B186850
S3250003538020B1002307AA03A9E4F7B9FC9DF82010284B5868E9F71EF80134E4B2AC4246D85E
S325000353A08DF820402146234B5868E9F724F80028F2D0264604EB8403204A02EB83035B7AF0
S325000353C0012BC5D0002BE7D104EB84031B4A02EB83031B7B002BDFD017464FEA840804EB51
S325000353E0840302EB83035B6801939DF82010114B5868E8F78DFE0290464407EB8607BB7A38
S325000354008DF800300E4B5B681B685B68DB6813B16946002098479DF82010064B5868E8F702
S32500035420D9FFB9E70AA905A8F9F7D4FEA6E71CB0BDE8F0819409FF1F18840020586C04001B
S32500035440386B002008B50F210020FFF779FF08BD08B51F211020FFF773FF08BD08B52F21D9
S325000354602020FFF76DFF08BD08B53F213020FFF767FF08BD08B54F214020FFF761FF08BD86
S3250003548008B55F215020FFF75BFF08BD00B587B06946104B5868E9F7AFF89DF80030022B12
S325000354A011D04FF0FF310B4B5868E9F7F5F80A4B5B681B685B689B6813B1084A10789847D2
S325000354C007B05DF804FB0421024B5868E9F7E4F8EDE700BF9409FF1F386B0020146B00201A
S325000354E082B00023019383681A68136843F08043136083681A68136843F08053136083681D
S325000355001B681A68002A07DA1A6822F000421A6002E0019B0133019383681B681A6812F0EA
S32500035520807F02D1019A632AF3D91A6842F000721A6002B0704700002DE9F04182B00446D0
S3250003554000EBC005314B03EB8505032928D8DFE801F0024A372B2E4B009340F291232D4AA3
S325000355602D490320F9F7C4FF2846FFF7B9FF2B48FFF788FE01210420FBF7DAFD012100207A
S32500035580FBF7D6FD0120FBF78FFD204B04EBC40203EB8202022151701346012283F82220EF
S325000355A0002002B0BDE8F081184B00EBC00203EB8202012151701346022283F82220EFE785
S325000355C0124EC70000EBC00306EB83034FF0030883F801802846FFF783FF3C4406EB84064F
S325000355E086F82280DCE7094EC70000EBC00306EB830301225A702846FFF772FF3C4406EB49
S325000356008406022386F82230CAE700BF146B0020404904001C4904001C2B0400546C0400EE
S3250003562010B582B000230193294B1B780BB902B010BD002429E004EBC4018800254901444D
S325000356404978022939D153685B69DBB104EBC40082002048805C984701232EE004EBC40300
S3250003566099001C4B0B4459780129ECD0012324E004EBC4039900174B0B4459780329E2D044
S3250003568001231AE0012318E00134002CCFDC104B5B681A6811682301CB5C002BF4D004EB79
S325000356A0C40399000B4B0B4493F82230022BD5D0032BDDD0012BBED00023002BE4D004EBA7
S325000356C0C4039A00034B1344002283F82220DBE7386B0020146B0020012909D039B901239F
S325000356E003FA00F0064A136823EA000313607047012303FA00F0024A136803431360704767
S325000357006C6B002001238340044A1268134203D00120034B187070470020FAE76C6B00200C
S32500035720706B0020012909D01030012303FA00F0074A136823EA00031360704710300123A7
S3250003574003FA00F0024A136803431360704700BF6C6B0020044B5A8801238340134214BF26
S3250003576001200020704700BF6C6B0020064B196801238340DA43D2B20A409BB221EA030370
S3250003578022EA1340704700BF6C6B00200020704708B50C2002F0D4FF08BD08B50B2002F010
S325000357A0CFFF08BD01238340044A1068184340B2092801D000207047012070476C6B0020AB
S325000357C0002304E01A0103498B540133DBB2012BF8D97047446B002038B5002403E0E4F760
S325000357E08FFE0134E4B2012C13D80A4B33F814204FF6FF739A42F4D0074B1B5D002BEED072
S32500035800054B00221A55E4F77BFE044B43F82400E5E738BD244A0400686B0020746B002077
S3250003582010B582B0964B00221A70EDE02046FFF79DFF68B32046FFF7A9FF002800F0CA8095
S32500035840904A02EB0412936801339360B3F5FA6F00F0A1808A4B1C788A4B03EB04139B68D8
S32500035860782B40F0CD802046FFF79CFF002800F0C78004EB8404844B03EB84042369002B36
S3250003588000F0BE801B69002B00F0BA809847B7E07C4B03EB04135A6801325A602046FFF7AB
S325000358A031FFF8B9764B1B7803EB8303764A02EB83031B6913B11B6803B19847704C0121C7
S325000358C02078FFF709FF2278704B03EBC2035B6801936F4B009340F2A1136E4A6E49042004
S325000358E0F9F706FE664B1878FFF70CFF01282FD0634B1878FFF706FF012840F08180604B03
S325000359001A78604B03EB0213596841F27073994276D102EB82025C4B03EB8202136913B17B
S32500035920DB6803B19847564C01212078FFF7FAFE2278564B03EBC2035B680193574B0093C4
S3250003594040F2B713534A54490420F9F7D1FD57E04B4B1A784B4B03EB02135B68782BC7D130
S3250003596002EB8202484B03EB8202136913B19B6803B19847424B1A78444B03EBC2035B68AE
S325000359800193474B009340F2AD13424A42490420F9F7AEFDACE73D4B03EBC404636801934D
S325000359A0404B00934FF4E1733A4A3B490420F9F79FFD334B1B7803EB8303334A02EB8303FC
S325000359C01B69002B3FF446AF1B69002B3FF442AF98473FE72B4B03EB04139B6883B1294BE9
S325000359E003EB04140023A3600AE0264B03EB04135B88002B2DD0234A02EB0414013B638076
S32500035A001F4A1378013313701D4B1B78012B6DD803EB83031C4A02EB8303DB68002BEFD0EC
S32500035A209847174B1C7804EB8402174B03EB82035B880028D9D1134A02EB04125288DBB2C2
S32500035A409A42BFF4F3AE0F4B03EB041401326280D6E72046FFF756FE012825D0084C002198
S32500035A602078FFF739FE00212078FFF75BFE2278044B03EB021300225A609A60C0E700BF28
S32500035A80646B0020446B0020284A0400504A04008C4904006849040054700400B4490400D4
S32500035AA09C490400C4490400124B1C782046FFF751FE0028D2D104EB84040F4B03EB840435
S32500035AC0236913B15B6803B198470A4B1A780B4B03EBC2035B680193094B009340F2ED13B7
S32500035AE0084A09490420F9F703FDB7E7FFF774FE02B010BD646B0020284A0400504A04005D
S32500035B00D84904006849040054700400024BD8221A6001225A607047946B0020044BD8221D
S32500035B201A6003225A60034B012283F8712070478C6B0020A4870020044BD8221A60022286
S32500035B405A60034B012283F871207047846B0020A4870020024BD8221A6003225A6070479D
S32500035B607C6B002070470000024BD9221A6001225A607047B46B0020044BD9221A600322E0
S32500035B805A60034B012283F871207047AC6B0020A4870020044BD9221A6002225A60034B9C
S32500035BA0012283F871207047A46B0020A4870020024BD9221A6003225A6070479C6B0020FD
S32500035BC070470000014B1878704700BFA509FF1F014B1870704700BFA509FF1F014B1878F5
S32500035BE0704700BFA409FF1F014B1870704700BFA409FF1F70B5B0F5805F1CD204460E4611
S32500035C0015468318B3F5805F17DA0220FFF7E0FF2B46324621460A48E9F7B4FB044608B1E2
S32500035C2001240BE00120FFF7D3FF0020FFF7DCFFFEF7CEF902E00F2400E00F24204670BDFA
S32500035C40C01B040008B50346B0F5805F12D2084603F1A0511344B3F5805F0DDAF9F7BAFA52
S32500035C600120FFF7B5FF0020FFF7BEFFFEF7B0F9002008BD0F20FCE70F20FAE730B589B0BA
S32500035C80FF238DF81F3001A8E9F764F90E4D01A92846E9F76FF92846E9F7FFFB04460DF1D4
S32500035CA01F012846E9F703FC14B19DF81F300BB109B030BD2846E9F7F5FB0028F8D1012112
S32500035CC02846E9F723FBF3E7C01B0400F0B58FB0694B9C69072C70D9684BA3FB0423E21A09
S32500035CE003EB52039A08C3F38703C2EBC202A01A14BF012200221344DBB25F4AD1698B429F
S32500035D0040F2B880002940F09A809DF83030012262F301038DF830309DF8303061F3870374
S32500035D208DF830300023CDF831300D93524B5A69C1EBC10153185258CDF831209A889B795D
S32500035D40ADF835208DF837300CAB0A939DF8302002F00303032B00F084800823ADF82C30D5
S32500035D60BDF82C309DF831109DF832009DF833409DF834509DF835609DF836709DF837C05A
S32500035D80CDF824C0089707960695059404900391029201933A4B0093FD233A4A3A4903202F
S32500035DA0F9F7A6FB0AA97B20FBF7FAFA324AD3690133D36101200FB0F0BD0025DD619DF870
S32500035DC0302065F301028DF83020D2B265F387028DF83020CDF831500D95224659690DF1F0
S32500035DE03100F9F7F7F90CAB0A930134A4B2ADF82C409DF831309DF832209DF833109DF84F
S32500035E0034009DF835609DF836709DF837C0CDF824C0089707960690059104920393029580
S32500035E200194174B0093E223164A17490320F9F75FFB0AA97B20FBF7B3FA2846BBE7013B64
S32500035E40994207D09DF83030022262F301038DF8303061E79DF8303043F003038DF83030D5
S32500035E605AE728B183B201339BB2ADF82C3077E70823FAE700209EE7BC6B002025499224CE
S32500035E808C4A0400604A04001C2B0400F0B58BB004460D46067843788278C17800796779E4
S32500035EA094F806C094F807E0CDF824E0CDF820C00797069005910492039302960195444BF3
S32500035EC000936223434A44490320F9F711FB434B1B78012B03D0022B36D00BB0F0BD16F0A7
S32500035EE003031BD0012BF8D13C4800F10801043000F0AAF80028F0D1384A0223137026FA3C
S32500035F0003F3D36016F0FC0FE7D15068C3EBC3036A1E611C1844F9F75DF9DEE72F4800F186
S32500035F200801043000F090F80028D6D12B4B01221A700022DA606A1E611C5868F9F74AF95D
S32500035F40072000F09DF8C8E706F00303022B0CD0032B1ED0214CE068C0EBC00028440138F7
S32500035F6000F08EF801232370B7E71C4BD8680130D860B0EB960FB0D1C0EBC0009B68984234
S32500035F80ABD2164B5B686A1E611C1844F9F722F9A3E7124BD8680130D860B0EB960F0AD041
S32500035FA00E4B01221A70D868C0EBC0002844013800F066F891E7C0EBC0009B689842EFD2B3
S32500035FC0064B5B686A1E611C1844F9F703F9E7E7B44A0400604A04001C2B0400BC6B002047
S32500035FE00346094A107C012806D0022801D008B10320704701207047034A02201074536164
S3250003600091610020D0617047BC6B002008B5074B1B7C022B00D008BDFFF758FE0028FAD18F
S32500036020024B01221A7400F03FF8F4E7BC6B0020024B01221A741A70704700BFBC6B0020CB
S3250003604008B5FFF7E3FF08BDA9B103468C460B4A107808B10220704700B5012111705168E8
S325000360604FF0000EC1F800E0516819609368CCF800305DF804FB0120704700BFA809FF1F56
S32500036080074B1B78012B01D0012070470023044A1370044A9060012111731846704700BF91
S325000360A0A809FF1FDC6B0020014B00221A707047B409FF1F38B50346144A1078012813D0EF
S325000360C00C460D467E291FD81046012202700A4619464068F9F77EF8072C06D8E9B20B4BCA
S325000360E05868FFF77DFF68B938BD084D21466868F8F742FF6B68020A1A556A68631CD054D0
S32500036100A51CEBE70220EFE70320EDE7B409FF1FF0B583B00478631EDBB2012B00F2B88061
S325000361200546012C05D0022C66D0FF24204603B0F0BD0921F8F720FFD5F80120D5F8056064
S32500036140B5F80930D9B21B0A43EA012383423DD140F2E77303FB02F2B24215D064F07F044E
S325000361608DF8004001238DF8013000238DF802308DF803308DF804308DF8053002216846A1
S32500036180FFF798FFFF24D1E7474B01225A74E4F7B7F905F08FF905F095F964F07F038DF825
S325000361A0003000238DF801308DF80200C0F307238DF80330C0F307438DF80430000E8DF868
S325000361C0050006216846FFF775FFAFE764F07F048DF8004004238DF8013000238DF8023089
S325000361E08DF803308DF804308DF8053002216846FFF760FFFF2499E7D0F80160D0F805703C
S325000362000921F8F7B9FEB5F80930DAB21B0A43EA0223834226D1244B5B7C012B05D140F286
S32500036220E77303FB06F6BE420CD064F07F048DF8004008238DF8013002216846FFF73AFFA8
S32500036240FF2473E764F07F048DF8004000248DF80140164B012283F8FC2302216846FFF74D
S3250003626029FF63E764F07F048DF8004004238DF8013000238DF802308DF803308DF80430DF
S325000362808DF8053002216846FFF714FFFF244DE78DF8004001238DF8013002216846FFF7A4
S325000362A009FFFF2442E700BFDC6B0020A4870020234B1B7B012B00D0704710B5204B1B7896
S325000362C0012B05D0022B0FD01D4B00221A7310BD1B4B5A6899685068FFF71AFF0028F3D1E8
S325000362E0174B02221A70EFE7154B5B6858680478631EDBB2012B0CD90023124A32F8332035
S325000363004FF6FF718A42DFD0A1B291420BD00133F3E70B4B9968FFF7FBFE0028ECD1084BB7
S3250003632002221A70E8E7074A02EBC3035B68002BCAD0034A5068118940689847C4E700BFBB
S32500036340DC6B0020A04C040008B5FFF7B1FF08BD074B00221A7301211970064959609A6007
S325000363605A744FF6FF719982034B83F8FC237047DC6B0020A809FF1FA487002008B5044B4A
S325000363809882044A40F2B6310E20F8F7A3FC08BDDC6B0020B563030008B5054B00229A7433
S325000363A04FF6FF729A820E20F8F7AEFC08BD00BFDC6B002000B583B0184A937C0133DBB236
S325000363C093741D2B13D9FFF7E7FF144B5B685B681B7863F07F038DF8043008238DF80530B2
S325000363E0022101A8FFF766FE03B05DF804FB0B4B5B685B681B7863F07F038DF8043009233E
S325000364008DF80530022101A8FFF754FE044A40F2B6310E20F8F75EFCE6E700BFDC6B0020D4
S32500036420B563030001EB002080B2704700B583B0037863F07F038DF8003000238DF801307D
S325000364400E4B1B78012B0CD009238DF8013002216846FFF72FFE0A4B00221A7003B05DF860
S3250003646004FB084B1868CDF802009B88ADF8063008216846FFF71EFEF0E700BFFE6C002073
S32500036480F46C0020F86C002000B583B0037863F07F038DF8003000238DF801304378072B3C
S325000364A010D8FF238DF802308DF8033000238DF804308DF8053006216846FFF7FBFD03B04E
S325000364C05DF804FB02216846FFF7F4FDF7E700B583B007216846FFF7EDFD03B05DF804FB24
S325000364E000B583B0037863F07F038DF8043000238DF80530022101A8FFF7DCFD03B05DF822
S3250003650004FB10B582B0037863F07F038DF8003000238DF801304378012B4FD0022B44D057
S325000365201BB105238DF801303FE0F9F785FD002460F30004F9F740FD60F34104F9F7AAFA43
S3250003654060F38904F9F77AFA60F38A24F9F72AFD60F3CB24F9F75EFC60F30F34F9F732FC96
S3250003656060F31344F9F77EFC60F31754F9F7AAFD60F31864F9F782FB60F31C74F9F7D8FAC8
S3250003658060F35D74F9F7FCFA60F39E74F9F724FB60F3DF748DF80240230A8DF80330230CF3
S325000365A08DF80430240E8DF805409DF8013033BB06216846FFF77EFD02B010BDF9F790FA2A
S325000365C0002460F30004F9F751FB60F34104F9F753FD60F38904F9F727FB60F3CB24F9F7FF
S325000365E013FD60F316548DF80240230A8DF80330230C8DF80430240E8DF80540D5E7022156
S325000366006846FFF757FDD7E730B58BB0044622252A46002101A8F8F7E9FD237863F07F038B
S325000366208DF80430294601A8FFF744FD0BB030BD10B582B0002300930193037863F07F0310
S325000366408DF80030094C21460B20FEF703F9642001F048FC2368CDF80230A388ADF8063063
S3250003666008216846FFF726FD02B010BDAE85002010B584B0037863F07F038DF8043000232A
S325000366808DF805300B4C21460B20FEF7E3F8642001F028FC22696369CDF80620CDF80A30A4
S325000366A0238BADF80E300C2101A8FFF703FD04B010BD00BFAE85002010B586B0037863F018
S325000366C07F038DF8043000238DF805300C4C21460620FEF7BFF8642001F004FCA446BCE805
S325000366E00F00CDF80600CDF80A10CDF80E20CDF81230122101A8FFF7DDFC06B010BD00BFF1
S325000367001085002010B584B0037863F07F038DF8043000238DF805300B4C21460B20FEF7FE
S3250003672099F8642001F0DEFBA31D03CBCDF80600CDF80A101B88ADF80E300C2101A8FFF7E7
S32500036740B9FC04B010BD00BFAE85002010B586B0002300930193029303930493ADF81430F8
S32500036760037863F07F038DF800300E4C21460A20FEF770F8642001F0B5FB236A606AA16A3C
S32500036780E26ACDF80230CDF80600CDF80A10CDF80E20236BCDF8123016216846FFF78AFC1A
S325000367A006B010BD7A85002010B584B0037863F07F038DF8043000238DF805300B4C214691
S325000367C00C20FEF747F8642001F08CFB234603CBCDF80600CDF80A101B88ADF80E300C21C0
S325000367E001A8FFF767FC04B010BD00BFC885002010B586B0037863F07F038DF800300024BD
S325000368008DF801401BE02046F9F71EF9A30003F11A026A4402F8180C010A03F11B026A44F8
S3250003682002F8181C010C013406AA02EB840202F8181C000E1D336B4403F8180CE4B2042C9C
S32500036840E1D916216846FFF735FC06B010BD00B583B0037863F07F038DF8003000238DF851
S32500036860013043784BB1012B1ED005238DF8013002216846FFF71EFC13E0002002F054FBFA
S325000368808DF80200C0F307238DF80330C0F307438DF80430000E8DF8050006216846FFF7BA
S325000368A009FC03B05DF804FB012002F03DFBE7E708B50078FFF762FD08BD000070B584B002
S325000368C005460E460078FFF759FD00240DE02B5D02930194074B009340F21543064A07497A
S325000368E00320F8F705FE0134E4B2A3B2B342EED304B070BD184B0400E44A04001C2B0400DF
S3250003690070B584B005460E460078FFF737FD00240DE02B7802930194074B009340F202439A
S32500036920064A07490320F8F7E3FD0134E4B2A3B2B342EED304B070BD344B0400E44A040050
S325000369401C2B040070B584B005460E460078FFF715FD00240DE02B5D02930194074B0093C3
S3250003696040F2F533064A07490320F8F7C1FD0134E4B2A3B2B342EED304B070BD184B040026
S32500036980E44A04001C2B040030B58BB0037863F07F038DF8143000248DF81540184D294666
S325000369A00A20FDF757FF642001F09CFA29686A68AB68CDF81610CDF81A20CDF81E30AA89A9
S325000369C0AB7BADF822208DF8243011E004F128036B4413F8143C029301940A4B009340F269
S325000369E0E233094A09490320F8F782FD0134E4B2102CEBD9112105A8FFF75CFB0BB030BDA4
S32500036A007A850020344B0400E44A04001C2B040030B589B005461F4B009340F267331E4AB4
S32500036A201E490320F8F764FD00240DE013460393029201941A4B009340F26A33164A1749C3
S32500036A400320F8F755FD0134092C08DC154B1A5DA2F12003DBB25E2BE8D93F23E7E72B7844
S32500036A6063F07F038DF8143000238DF81530022308E09A1E0B49895C03F120026A4402F8C6
S32500036A800C1C01330B2BF4DD0C2105A8FFF712FB09B030BD504B0400E44A04001C2B0400EB
S32500036AA0704B04007005FF1F70B584B005460E4642780B4B83F8A52300240CE02B5D029303
S32500036AC00194084B00936A23074A08490320F8F70FFD0134E4B2A3B2B342EFD304B070BD2D
S32500036AE0A4870020184B0400E44A04001C2B040070B584B005460E464378154A82F8A633F9
S32500036B00837882F8A733C37882F8A8330379C3EB0323104981FB0301DB17C3EB611382F8D6
S32500036B20A9336B7982F8AA3300240CE02B5D02930194094B00935C23084A09490320F8F757
S32500036B40D7FC0134E4B2A3B2B342EFD304B070BDA48700201F85EB51184B0400E44A0400DD
S32500036B601C2B040010B586B0044602F0E3F9237863F07F038DF8143000238DF815308DF803
S32500036B801600C0F307238DF817300A4BB3F8D43102930190084B009340F25933074A0849BC
S32500036BA00320F8F7A5FC042105A8FFF783FA06B010BD00BF00EC0020884B0400E44A04007D
S32500036BC01C2B040000B583B00346027862F07F028DF8042000228DF805208078DA7840EAFA
S32500036BE002201A7940EA02405A7940EA02605B784BB105238DF80530022101A8FFF75AFA45
S32500036C0003B05DF804FB024B186404F0E5FBF3E7A487002010B582B0044606290DD80378D2
S32500036C2063F07F038DF8043006238DF80530022101A8FFF73FFA02B010BD0E49D0F8013010
S32500036C400B60B0F805308B800B20FDF725FE40B9237863F07F038DF8043000238DF8053097
S32500036C60E5E7237863F07F038DF8043008238DF80530DCE77AED002070B586B00546304EC3
S32500036C804FF6FF73A6F8D43102F054F90446B6F8D431029301902B4B00934FF481732A4A7B
S32500036CA02A490320F8F724FCA4F53B53203B40F6B832934230D84FF47A7304FB03F39B08DF
S32500036CC002F19B4202F5301202F6E572A2FB03239B0AA6F8D43106F5E2710D20FDF7DCFD00
S32500036CE02B7863F07F038DF8143000238DF81530134BB3F8D43102930194124B00934FF4F2
S32500036D008E73114A11490320F8F7F2FB022105A8FFF7D0F906B070BD09494FF47A73A1F828
S32500036D20D43101F5E2710D20FDF7B6FD2B7863F07F038DF8143008238DF81530D8E700BF74
S32500036D4000EC0020B44B0400E44A04001C2B040000B583B0037863F07F038DF8043000238A
S32500036D608DF805304378022B03D9032B08D1F9F7B3FA022101A8FFF79DF903B05DF804FB89
S32500036D8005238DF80530F4E770B586B00446874B93F8FC33864E874D0193874B009340F229
S32500036DA08223324629460320F8F7A2FB23786278A178039102920193804B009340F283230F
S32500036DC0324629460320F8F793FB237863F07F038DF8143000238DF81530A57863781C2BBE
S32500036DE000F2E080DFE803F00F1B252A2F34393E434F5460656A6F7B80858A8F94999EA3A0
S32500036E00AFBFCFD4D900012D04D00021022002F0F3FA08E06421022002F0EEFA03E02946A0
S32500036E20122002F0C7FA022105A8FFF743F906B070BD2946082002F0BDFAF4E729461420C1
S32500036E4002F0B8FAEFE729460B2002F0B3FAEAE729460A2002F0AEFAE5E72946182002F00D
S32500036E60A9FAE0E72946192002F0A4FADBE7012D04D00021042002F0BFFAD4E7642104204F
S32500036E8002F0BAFACFE72946072002F093FACAE7012D04D00021052002F0AEFAC3E76421B6
S32500036EA0052002F0A9FABEE729460F2002F082FAB9E72946102002F07DFAB4E7294611207B
S32500036EC002F078FAAFE7012D04D00021032002F093FAA8E76421032002F08EFAA3E7294640
S32500036EE0132002F067FA9EE72946092002F062FA99E72946152002F05DFA94E7294606201B
S32500036F0002F058FA8FE729460C2002F053FA8AE729460E2002F04EFA85E729460D2002F092
S32500036F2049FA80E72946172002F044FA7BE7012D04D00021162002F05FFA74E764211620AC
S32500036F4002F05AFA6FE70021242001F001FA012D04D00021032000F037FF64E764210320DC
S32500036F6000F032FF5FE70121242001F0F1F9012D04D00021032000F027FF54E76421032021
S32500036F8000F022FF4FE729461A2002F013FA4AE72946012002F00EFA45E72946002002F091
S32500036FA009FA40E705238DF815303CE7A4870020E44A04001C2B0400E84B0400F84B040043
S32500036FC030B583B01C4BD3F8A053ACB2037863F07F038DF8043000238DF8053043789BB120
S32500036FE0012B1AD005238DF805309DF80530EBB98DF80650240A8DF8074004210DEB01002F
S32500037000FFF758F803B030BD2046F9F7B1F80028EBD108238DF80530E7E72046F9F782F81B
S325000370200028E2D108238DF80530DEE7022101A8FFF740F8E6E700BFA4870020F0B589B013
S32500037040037863F07F038DF81C3000238DF81D3001F077FF054601F072FF0646164BD3F885
S325000370607C73164CA4FB07346409A4F14B03322B15D908238DF81D300494039702960195E4
S325000370800F4B00934FF40D730E4A0F490320F8F72FFA022107A8FFF70DF809B0F0BD0B49C5
S325000370A091F8D64101F5E2710D20FDF7F5FB0A2000F018FFE0E700BFA4870020CDCCCCCC9A
S325000370C0444C0400E44A04001C2B040000EC002030B583B0044611290DD8037863F07F03B9
S325000370E08DF8043006238DF80530022101A8FEF7E1FF03B030BD1021F7F73EFF0546617C26
S32500037100207CFFF78FF9854208D0237863F07F038DF8043004238DF80530E6E71249D4F8AF
S325000371200100D4F80520D4F8093008604A608B60B4F80D20E37B8A818B730A20FDF7ACFB4D
S3250003714040B9237863F07F038DF8043000238DF80530CAE7237863F07F038DF80430082322
S325000371608DF80530C1E700BF46ED002030B583B004460C290DD8037863F07F038DF804300D
S3250003718006238DF80530022101A8FEF793FF03B030BD0B21F7F7F0FE0546217BE07AFFF7D1
S325000371A041F9854208D0237863F07F038DF8043004238DF80530E6E71049D4F80120D4F804
S325000371C005300A604B60B4F809300B8110390B20FDF762FB40B9237863F07F038DF8043004
S325000371E000238DF80530CEE7237863F07F038DF8043008238DF80530C5E700BF8AED0020E4
S3250003720070B582B0044612290DD8037863F07F038DF8043006238DF80530022101A8FEF7F7
S3250003722049FF02B070BD1121F7F7A6FE0546A17C607CFFF7F7F8854208D0237863F07F0322
S325000372408DF8043004238DF80530E6E7104E3546D4F80100D4F80510D4F80920D4F80D3039
S325000372600FC531460620FDF717FB40B9237863F07F038DF8043000238DF80530CDE7237840
S3250003728063F07F038DF8043008238DF80530C4E7DCEC002030B583B004460C290DD80378E8
S325000372A063F07F038DF8043006238DF80530022101A8FEF7FFFE03B030BD0B21F7F75CFE82
S325000372C00546217BE07AFFF7ADF8854208D0237863F07F038DF8043004238DF80530E6E753
S325000372E0104A1346D4F80100D4F8051003C3B4F809101980911F0B20FDF7CEFA40B92378D5
S3250003730063F07F038DF8043000238DF80530CEE7237863F07F038DF8043008238DF8053036
S32500037320C5E700BF80ED002030B583B0044616290DD8037863F07F038DF8043006238DF80F
S325000373400530022101A8FEF7B5FE03B030BD1521F7F712FE0546A17D607DFFF763F8854249
S3250003736008D0237863F07F038DF8043004238DF80530E6E71349D4F80130D4F80550D4F80F
S325000373800900D4F80D200B604D608860CA60D4F811300B6120390A20FDF77EFA40B92378BC
S325000373A063F07F038DF8043000238DF80530C8E7237863F07F038DF8043008238DF805309C
S325000373C0BFE700BF66ED002030B583B004460C290DD8037863F07F038DF8043006238DF899
S325000373E00530022101A8FEF765FE03B030BD0B21F7F7C2FD0546217BE07AFFF713F88542A9
S3250003740008D0237863F07F038DF8043008238DF80530E6E7104A1346D4F80100D4F805104F
S3250003742003C3B4F80910198011460C20FDF734FA40B9237863F07F038DF8043000238DF8B0
S325000374400530CEE7237863F07F038DF8043008238DF80530C5E700BF94ED0020F0B585B045
S325000374600646D0F80130012B40F00181854C4FF0FF3525606560A560E56021460620FDF787
S325000374800BFA0A2000F02EFD2022FF2104F11000F7F7ACFE0A2000F025FD2022FF2104F107
S325000374A03000F7F7A3FE0A2000F01CFD04F1500125654D608D60CD600D614D610D83092065
S325000374C0FDF7EAF90A2000F00DFD04F16A073422FF213846F7F78AFE39460A20FDF7DCF966
S325000374E00A2000F0FFFC04F19E01C4F89E50C4F8A250C4F8A650C4F8AA50C4F8AE50C4F8A4
S32500037500B2500D830B20FDF7C7F90A2000F0EAFC04F1B8052E22FF212846F7F767FE29469F
S325000375200C20FDF7B9F90A2000F0DCFC04F1E8053022FF212846F7F759FE29460D20FDF7E7
S32500037540ABF90A2000F0CEFC04F58C753822FF212846F7F74BFE29460E20FDF79DF90A2030
S3250003756000F0C0FC04F5A8751E22FF212846F7F73DFE29460F20FDF78FF90A2000F0B2FC67
S3250003758004F5B7751E22FF212846F7F72FFE29461020FDF781F90A2000F0A4FC04F5C675D9
S325000375A02022FF212846F7F721FE29461220FDF773F90A2000F096FC04F5D6752422FF218E
S325000375C02846F7F713FE29461220FDF765F90A2000F088FC04F5E8753C22FF212846F7F774
S325000375E005FE29461320FDF757F90A2000F07AFC04F503752E22FF212846F7F7F7FD294669
S325000376001420FDF749F90A2000F06CFC04F23A242E22FF212046F7F7E9FD21461520FDF7E7
S325000376203BF90A2000F05EFCF8F7C6F84022FF21F7F7DCFDF8F772F8F8F794F80A2000F0B5
S3250003764051FC337863F07F038DF80C3000238DF80D300D4B0093F7230C4A0D490320F7F7EC
S3250003766047FF022103A8FEF725FD05B0F0BDF8F7F7F83022FF210748F7F7B8FD0A2000F018
S3250003768031FCF3E6DCEC0020884C0400E44A04001C2B0400E487002008B50021084602F0F5
S325000376A003FE0021082002F0FFFD02F01DFE034A0A210420F7F70EFB08BD00BFF5760300F7
S325000376C000B583B0037863F07F038DF8043000238DF80530022101A8FEF7ECFC044A4FF499
S325000376E0FA710D20F7F7F6FA03B05DF804FB00BF9BB3030000B583B002F012FE032806D009
S325000377000420F7F711FB68B103B05DF804FB92238DF8043000238DF80530022101A8FEF716
S32500037720C9FCF1E7024A0A210420F7F7D3FAEBE7F576030070477047F0B587B00546002454
S325000377400CB107B0F0BD134BC4EBC40203EBC20613F83230AB4202D00134E4B2F0E7012384
S325000377608DF804300C4F01AA317D3846EDF760FC01AA96F820103846EDF75AFC727D31692B
S32500037780F068E4F79CFC96F82120F169B069E4F796FCE1E7E04D0400681B0400F0B593B0FE
S325000377A00746FFF7C9FF00240AE0304BC4EBC40203EBC20513F83230BB4205D00134E4B2F8
S325000377C0002CF2D013B0F0BD294E297A3046E4F7DDF801238DF8343005238DF83530A6F548
S325000377E0B0760DAA69783046EDF722FC01A8E4F717F86B6A029395F828308DF80F3095F817
S325000378002C308DF80D3095F830308DF80C3001AA69783046EDF7FAFB01A96868E4F73CF82F
S3250003782095F82230012B06D06B6B03B19847114B0122DA55C2E700216868E4F787F8002132
S325000378406868E4F762F8012220216868E3F773FEB5F902000022022180B2E8F7ABF8B5F944
S32500037860020080B2E8F796F8DEE700BFE04D0400C81C0400647F002030B583B000238DF8FE
S32500037880073001220DF10701F7F76CFD18B10224204603B030BD0446054D9DF8071028467D
S325000378A0E3F7D5FD012202212846E3F744FEEFE73C1D040008B50020FFF770FF08BD000009
S325000378C030B583B000238DF807308DF8063020212248E3F7D2FD30B980212048E3F7CDFD03
S325000378E0E8B903B030BD20211C48E3F7DEFE0028F2D01A48E4F704F8054600240CE0174806
S32500037900E3F7B0FD8DF8070001220DF107011448F7F7EFFC0134E4B2AC42F0D3DCE702218B
S325000379200E48E3F7C2FE0028DBD001220DF106010C48F7F766FD48B901216F2000F0A2FE6C
S325000379409DF806100548E3F782FDCAE7FDF786FB002202210148E3F7EEFDC2E7381D040052
S32500037960FC09FF1F080AFF1F30B583B000238DF807308DF8063020211F48E3F77EFD30B913
S3250003798080211D48E3F779FDE8B903B030BD20211948E3F78AFE0028F2D01748E3F7B0FF71
S325000379A0054600240CE01448E3F75CFD8DF8070001220DF107011148F7F79BFC0134E4B276
S325000379C0AC42F0D3DCE702210B48E3F76EFE0028DBD001220DF106010948F7F712FD28B944
S325000379E09DF806100448E3F732FDCEE7002202210148E3F7A0FDC8E7401D0400D809FF1FB5
S32500037A00E409FF1F30B583B000238DF807308DF8063020212548E3F730FD30B980212348F6
S32500037A20E3F72BFDE8B903B030BD20211F48E3F73CFE0028F2D01D48E3F762FF0546002445
S32500037A400CE01A48E3F70EFD8DF8070001220DF107011748F7F74DFC0134E4B2AC42F0D323
S32500037A60DCE702211148E3F720FE0028DBD001211048F7F7A3FC0028D5D101220DF10601F6
S32500037A800C48F7F76FFC40B99DF806100748E3F7DEFC094B00221A80C5E70022074B1A70CF
S32500037AA002210248E3F747FDBDE700BF3C1D0400F009FF1F5C5100205A51002059510020F9
S32500037AC030B583B000238DF807308DF8063020211F48E3F7D2FC30B980211D48E3F7CDFC09
S32500037AE0E8B903B030BD20211948E3F7DEFD0028F2D01748E3F704FF054600240CE0144808
S32500037B00E3F7B0FC8DF8070001220DF107011148F7F7EFFB0134E4B2AC42F0D3DCE702218E
S32500037B200B48E3F7C2FD0028DBD001220DF106010948F7F766FC28B99DF806100448E3F702
S32500037B4086FCCEE7002202210148E3F7F4FCC8E7341D0400C009FF1FCC09FF1F00230AE0A2
S32500037B600E4A002142F823100D4951F83320013241F833200133032B0FDC094A02EBC30213
S32500037B805268012AF6D1054A52F82320122AE7D80132024941F82320ECE77047887F0020AE
S32500037BA0687F0020014B1870704700BF987F002010B5104C042210212046E4F780FA0422DB
S32500037BC00F212046E4F77BFA0B4C042201212046E4F775FA022211462046E4F770FA02221D
S32500037BE003212046E4F76BFA02220D212046E4F766FA10BD984F0400904F04002DE9F043DB
S32500037C0093B0FFF7D5FF01278DF834703A4E0DAA2E213046EDF70CFA0DAA2F213046EDF7AE
S32500037C2007FA0CA8E5F701FA00238DF831304FF005098DF8329006F1E8080CA94046E5F714
S32500037C40FCF9EC360CA93046E5F7F7F92B4C41462046E5F755F82A4D31462846E5F750F800
S32500037C6003A8E5F75DF841F2883303938DF8157003A92046E5F77AF803A92846E5F776F8CD
S32500037C806846E4F794FC07238DF800308DF80170694604F17400E4F798FC06238DF8003088
S32500037CA0694604F16400E4F790FC8DF80070694604F11400E4F789FC04278DF80070694670
S32500037CC004F14400E4F781FC8DF80070694605F14400E4F77AFC8DF80090694605F15400CD
S32500037CE0E4F773FC4046E5F7A0FB3046E5F79DFB13B0BDE8F08300BF681B0400A47F0020E6
S32500037D002880002030B583B005460C4601EB810303EB8303590003B901211F4B5B5DA342BB
S32500037D2011D0052D2AD8DFE805F003101A151F2400221A48E4F7B0FE174B5C55032D27D895
S32500037D401748E5F772FB03B030BD00221548E4F7A3FEF1E700221448E4F79EFEECE7002215
S32500037D601248E4F799FEE7E700221148E4F794FEE2E700220F48E4F78FFEDDE701950E4B1B
S32500037D800093BD230D4A0E490120F7F7B1FBD3E70C48E5F74AFBD6E79C7F0020188000201F
S32500037DA0501C040008800020E87F0020B87F00206C8000207C800020444E0400184E04009C
S32500037DC01C2B0400541C040008B5FFF79BFF08BD70B582B004460E4615460022C179807924
S32500037DE0E1F7A2FE60B103463060228901950092A288E1682068E2F701FB012801D0FEE796
S32500037E00FEE702B070BD000010B500240CE0134A02EB8402124901EB8401124800EB0410CB
S32500037E20FFF7D6FF0134E4B2042CF0D900240CE00D4B03EB440213F814105078E1F795FEAC
S32500037E400A4B43F824000134E4B2062CF0D9002303B110BD0133DBB2FAE700BFCC8000202E
S32500037E60E0800020944E0400E44E0400B080002008B5E2F7F5FA08BD08B5064B53F820004A
S32500037E8030B1E1F7A3FF08B1002008BD0220FCE70220FAE7E080002008B5074B53F82000DE
S32500037EA038B1E2F736F8012801D00E2008BD0020FCE70820FAE700BFB080002008B5084BB1
S32500037EC053F8200050B100231A461946E1F76BFE012801D0022008BD0020FCE70220FAE723
S32500037EE0B080002008B5034B1B7803B908BDE2F7EBFBFBE7AC80002008B5FFF71CFC08BD8D
S32500037F00014B01221A707047AC8000207047704770B5002514E00D4E0022214656F8250059
S32500037F20E4F798F80022214656F82500E4F7C7F80134E4B2064B5B5DA342ECD80135EDB2E5
S32500037F40042D01D80024F5E770BD00BF1C0AFF1F140AFF1F10B586B000238DF804300123A7
S32500037F60ADF80830174C01AA04212046EDF760F801AA05212046EDF75BF801AA06212046A0
S32500037F80EDF756F801AA07212046EDF751F801AA08212046EDF74CF801AA09212046EDF7BF
S32500037FA047F801AA0A212046EDF742F801AA0B212046EDF73DF801AA2A212046EDF738F859
S32500037FC006B010BD681B0400014B1868704700BFF48000201F2806D803490B68012202FAB5
S32500037FE000F0184308607047F48000200A4BB3F8BC3345F6012293420AD045F6022293424A
S3250003800008D0B3F5B44F01D00020704702207047012070470320704700EC002038B504465E
S32500038020022815D0032807D001280BD0FFF7DEFF844232D000251CE0184B45F60222A3F809
S32500038040BC23F3E7154B45F60122A3F8BC23EDE7124B4FF4B442A3F8BC23E7E70F4B45F6DF
S325000380600222A3F8BC23FFF7C1FF844215D00135EDB2092D11D8022C09D0032CEED0012CE3
S32500038080F1D1064B45F60122A3F8BC23EBE7034B4FF4B442A3F8BC23E5E738BD00EC00204C
S325000380A02DE9F041644B1860FFF7A0FF022806D00220FFF7B3FF03F0F7F8BDE8F08100F002
S325000380C0E5FA4FF0E0231A6922F003021A614FF00408C3F8108000245C619C61FFF718FFE0
S325000380E0FFF738FF554E01220E213046E3F7E7FF534F01220D213846E3F7E1FF01220921A7
S325000381003846E3F7DCFF4F4D012209212846E3F7D6FF012211462846E3F7D1FF01220E2139
S325000381203046E4F735F801220D213846E4F730F8012209213846E4F72BF801220921284662
S32500038140E4F726F8012211462846E4F721F80121022000F097FA2146182000F093FA2146F9
S32500038160152000F08FFA21462C2000F08BFA0121282000F087FA224641462846E3F76AFFA5
S32500038180224601212846E3F765FF224605212846E3F760FF2C4F224621463846E3F75AFF70
S325000381A0224641462846E3F78AFF224605212846E3F785FF224621463846E3F780FF22468E
S325000381C001212846E3F77BFF01220D213046E3F776FF01220C213046E3F771FF22460C21F7
S325000381E03046E3F7D5FF01220D213046E3F7D0FF01220D213046E3F7D8FF0B220C2130469A
S32500038200E3F788FF3046E3F7BBFF104B4FF400125A600F4C02212046E3F7E2FE2046E3F7A2
S3250003822085FEFFF7D1FE04460320FFF7F7FE094B9C6103F039F840E7F8800020784F040096
S32500038240884F0400984F0400904F040000E100E0941C040000EC0020F8B505460E4600237C
S3250003826001E00133DBB2244A03EB830102EB810052F8212052B1AA42F3D18268B242F0D128
S32500038280847914B9037B012B04D0F8BD002401E00134E4B2194B04EB440203EB820753F8AD
S325000382A022000028F1D0A842F2D17968B142EFD13A7AE3F72FFFB7F90A000022062180B278
S325000382C0E7F778FBB7F90A30002B07DB03F01F015B0901228A400A4941F82320B7F90A3030
S325000382E0002BD5DB03F01F015B0901228A406033034941F82320CBE7E84F0400A04F0400FB
S3250003830000E100E070B5002409E0104B04EB840203EB82020021518210740134E4B2022CAE
S3250003832012D804EB8405094B03EB8505A9686868E3F757FF2B7C8342EFD06A8AEB689A42A7
S32500038340E3D201326A82E8E770BD00BF300AFF1F00B583B00A46842800F27981DFE810F096
S3250003836085008C00910096009B00A000A500AA00AF00B400B900BE00C300C800CD00D2002E
S32500038380D700DC00E100E600EB00F000F500FA00FF00220109010E01130118011D01040105
S325000383A027012C01310136013B01400145014A014F01540159015E01630168016D017201DC
S325000383C0890089008900890089008900890089008900890089008900890089008900890004
S325000383E08900890089008900890089008900890089008900890089008900890089008900E4
S325000384008900890089008900890089008900890089008900890089008900890089008900C3
S325000384208900770189008900890089008900890089008900770189008900890089008900C5
S32500038440890089008900890089008900890089008900890089008900890089008900890083
S325000384608900890089008900890002217D48E3F79CFE03B05DF804FB03217A48E3F795FE90
S32500038480F7E70E217748E3F790FEF2E70F217548E3F78BFEEDE710217248E3F786FEE8E78A
S325000384A000217148E3F781FEE3E701216E48E3F77CFEDEE704216C48E3F777FED9E70521B7
S325000384C06948E3F772FED4E708216748E3F76DFECFE709216448E3F768FECAE70A2162486E
S325000384E0E3F763FEC5E70B215F48E3F75EFEC0E70C215D48E3F759FEBBE70D215A48E3F78D
S3250003850054FEB6E70E215848E3F74FFEB1E702215648E3F74AFEACE703215448E3F745FE82
S32500038520A7E706215148E3F740FEA2E707214F48E3F73BFE9DE708214C48E3F736FE98E7A3
S3250003854009214A48E3F731FE93E70A214748E3F72CFE8EE70B214548E3F727FE89E70D214A
S325000385604248E3F722FE84E710214048E3F71DFE7FE711213D48E3F718FE7AE704213C483E
S32500038580E3F713FE75E705213948E3F70EFE70E706213748E3F709FE6BE707213448E3F750
S325000385A004FE66E708213248E3F7FFFD61E709212F48E3F7FAFD5CE70A212D48E3F7F5FD81
S325000385C057E70B212A48E3F7F0FD52E70C212848E3F7EBFD4DE70E212548E3F7E6FD48E79B
S325000385E00F212348E3F7E1FD43E710212048E3F7DCFD3EE711211E48E3F7D7FD39E70121FC
S325000386001C48E3F7D2FD34E702211A48E3F7CDFD2FE706211748E3F7C8FD2AE7082115482E
S32500038620E3F7C3FD25E709211248E3F7BEFD20E70A211048E3F7B9FD1BE70B210D48E3F7FB
S32500038640B4FD16E70D210B48E3F7AFFD11E70190094B009340F22A33084A09490120F6F7AB
S3250003866047FF06E7784F0400804F0400884F0400904F0400984F04001C4F0400F44E0400C2
S325000386801C2B040008B5FFF763FE08BD2DE9F04186B001238DF800301F238DF814304FF00D
S325000386A0000814E06279A168B859E3F708FD09E00122A168B859E3F702FDA279A168B859AD
S325000386C0E3F766FD237B012B27D008F10108194F08EB88039E00BC19BB591BB3164DA44609
S325000386E0BCE80F000FC5DCF800302B6001238DF800306A4621791148ECF79AFC237B022B9B
S32500038700D0D0A379002BD3D105A9B859E3F728FDA168B859E3F718FDCAE7A168B859FFF73D
S325000387209BFDD2E701217D20FFF7ACFF06B0BDE8F08100BFE84F0400FC800020681B040096
S3250003874040282FD8DFE800F023262A212121212121212121212121212121212121212121C2
S32500038760212121212121212121212121212121212121213E2121213E212121212121212196
S32500038780212121212121212E2100002070470E4B187C70470C4B93F8240070470A4B93F882
S325000387A03800704700B583B00190084B009340F29143074A07490120F6F79AFE002003B042
S325000387C05DF804FB01207047300AFF1F404F0400F44E04001C2B040010B52048E3F7CCFC19
S325000387E010F4805F12D11D48E3F7C6FC10F4005F16D11A48E3F7C0FC10F4804F1BD1174849
S32500038800E3F7BAFC10F4805F20D110BD134C0C212046E3F78DFC11212046E3F7DDFCE2E7B5
S325000388200E4C0D212046E3F783FC032104F11800E3F7D2FCDDE7094C0E212046E3F778FC13
S32500038840012104F11800E3F7C7FCD8E70620FFF7C1FB0C210148E3F76BFCD6E76C1C0400AC
S3250003886008B50748E3F788FC10F4001F00D108BD0420FFF7AFFB15210148E3F759FCF6E77D
S32500038880741C040010B52148E3F776FC10F4807F12D11E48E3F770FC10F4006F14D11B4874
S325000388A0E3F76AFC10F4800F16D11848E3F764FC10F4000F22D110BD0520FFF78BFB0821BE
S325000388C01248E3F735FCE4E70020FFF783FB0B210E48E3F72DFCE2E70C4C16212046E3F7AE
S325000388E027FC16212046E3F77CFC18B90120FFF759F9DAE70020FFF755F9D6E70120FFF72A
S3250003890069FB17210148E3F713FCD4E7841C040008B50E48E3F730FC10F4007F06D10B485B
S32500038920E3F72AFC10F0800F08D108BD0220FFF751FB09210548E3F7FBFBF0E70320FFF766
S3250003894049FB07210148E3F7F3FBEEE78C1C04002DE9F04107460E4690461D46002400E0EB
S325000389600134B4EBD50F08D206EBC4013846E6F7C4FB0028F4D0012008E00020A84204D2B7
S32500038980335C08F800300130F8E70020BDE8F081C0F38F207047000008B500F580218902D2
S325000389A001F17043B3F5FE3F01D3012008BD01220348E6F76AFC0028F8D00420F6E700BF09
S325000389C0C01B040011F0070F30D12DE9F8438146884612F0070F2BD18B18B3F5801F05D3DB
S325000389E0B1F1805F27D319498B4226D8D7080024BC4219D2E50008EBC4060822314614483B
S32500038A00E6F7B9FAD8B94D4401232A4631461048E6F7CDFBA8B92A4631460D48E6F70CFB12
S32500038A2088B90134A4B2E3E7002002E0032070470320BDE8F8830120FBE70120F9E7042050
S32500038A40F7E70420F5E70420F3E700BFFFFF0110C01B040070B504460E46154620F007014E
S32500038A608318B3F5801F05D3B0F1805F14D30C4A934213D8621A2A440A48E6F77CFA08B966
S32500038A80042070BD2B46324621460648FFF760FF0028F6D00420F4E70120F2E70120F0E7AA
S32500038AA0FFFF0110C01B040030B58BB001248DF8004003238DF80130ADF804400B4D6A46E8
S32500038AC026212846ECF7B4FA6A4633212846ECF7AFFA05A8E6F742FD8DF8254005AA04499A
S32500038AE00448E6F75EFD0BB030BD00BF681B040010810020F853040008B500210148E6F7F7
S32500038B0094FD08BDF853040008B501210148E6F78CFD08BDF853040008B502210148E6F7FF
S32500038B2084FD08BDF853040008B503210148E6F77CFD08BDF853040008B504210148E6F7FB
S32500038B4074FD08BDF853040008B505210148E6F76CFD08BDF853040008B506210148E6F7F7
S32500038B6064FD08BDF853040008B507210148E6F75CFD08BDF853040008B508210148E6F7F3
S32500038B8054FD08BDF853040008B509210148E6F74CFD08BDF853040008B50A210148E6F7EF
S32500038BA044FD08BDF853040008B500210148E6F74DFD08BDF853040030B58BB00446012367
S32500038BC08DF81430104D05AA2A212846ECF730FA01A8E6F784FD2378C3F300028DF80420EE
S32500038BE0C3F341028DF80C20C3F3C1038DF80D30A36804936368029301A905F13C00E6F7CB
S32500038C003CFD0BB030BD00BF681B040008B50F4803786FF300030370DBB26FF34513037003
S32500038C20DBB2012262F342030370DBB262F3C403037048F2050343604FF6FF738360FFF7DD
S32500038C40BBFF0348E6F757FD08BD00BF50810020A41B040000000000024678B171B10B6897
S32500038C60DBB14B68DBB18B68DBB101600023436083609FED0D7B80ED047B09E00AB10220D1
S32500038C807047012070474A68002042F8230001330A689A42F7D800207047052070470320E6
S32500038CA070470420704700BF0000000000000000002858D038B504460368002B55D09A6816
S32500038CC0002A54D01D68D8689047A368AB4211D323685B68626853F82210236962698C4607
S32500038CE08B4272F1000132D3B3EB0C0362F100022361626123696269C14399424FF0FF3147
S32500038D00914129D31B1842F100022361626123685B68626843F82200636801336360AB42A9
S32500038D2001D300236360A368AB4201D20133A360A068D8B12369616944081C1902464FF07F
S32500038D400003204641F10001DFF7B4FD0EE000220023C4E90423CDE74FF0FF324FF0FF334B
S32500038D60C4E90423D3E700207047002038BD0020FCE7000038B500252C46002C01DD284671
S32500038D8038BD04EB4400064901EB0411054B03EBC000FFF761FF00B105460134EDE700BF3A
S32500038DA0045404006081002008B10020704708B500EB4003024800EBC300FFF779FF08BDA7
S32500038DC06081002040B108B50078022801D0002008BD00F0A9F8FBE700207047F0B5B1B033
S32500038DE001258DF804503D4C01AA34212046ECF71FF98DF8045003238DF805300423ADF8FC
S32500038E0008300DEB03024B212046ECF711F91EA8ECF75EFB002308E0314AD15C1A1D30A891
S32500038E2000EB420202F8411C0133042BF4D901248DF878408DF8864003268DF8856000250E
S32500038E408DF884508DF87D508DF890402720E6F7A1FD244F1EA93846ECF74CFA06AA342161
S32500038E6007F11800ECF7D2F807A8E3F735FA8DF81C500F238DF820308DF8235007238DF8D5
S32500038E801F308DF8226002238DF85830234606E003F1C0026A44032102F8681C0133042B89
S32500038EA0F6DD069B104AA2FB03235B0DADF824300023ADF8283002238DF876300B4C07A940
S32500038EC02046E3F747FA2046E3F795F92046E3F79EF9074B01221A7031B0F0BD681B04004F
S32500038EE06C0AFF1F501B04005917B7D15C1C0400A181002008B50248E3F789F908BD00BFC9
S32500038F005C1C0400014B1870704700BFA0810020014B1878704700BFA081002008B5FFF7FB
S32500038F205DFFFFF727FF08BD014B53F820007047A481002008B50020FFF736FF08BD00204B
S32500038F40704700207047000010B5002408E021460648ECF7EBFA064B43F824000134E4B2B1
S32500038F60042CF4D90120FFF7CDFF10BD501B0400A4810020042810D8DFE800F00311060999
S32500038F800C004FF42F60704741F21850704740F26E50704740F6746070470120704740F26F
S32500038FA0A64070471B2826D8F8B50546134B53F82040B4F5805F01D340F6FF7441F28833D6
S32500038FC003FB04F40E4BA3FB0423E41A03EB5403DC0A0C4E6F0005EB450306EB0313587873
S32500038FE0FFF7C8FF00FB04F43D4406EB0516B069B4FBF0F0F8BD0020704700BFB8810020DF
S32500039000010110001854040038B504464378012B05D0817801F00101806898B938BD8378BD
S3250003902003F00101C3F34005C06838B920690028F4D02946C0B2FFF725FBEFE7C0B2FFF774
S3250003904021FBF3E7C0B2FFF71DFBE7E71B2800F2208138B5044600EB40038E4A02EB0313AD
S32500039060DB78002B59D100EB40038B4A02EB83039B7A012B40D000EB4003864A02EB031377
S3250003908000211879FFF7FEFA04EB4403824A12F82330002B65D004EB44037E4A02EB031367
S325000390A093F82C30002B5CD004EB44037A4A02EB83039B7A002B6CD004EB440302EB8303D7
S325000390C0DB7A002B65D004EB440502EB85050023EB722046FFF766FF68606D7A002D6ED0C8
S325000390E004EB44036C4A02EB83039B78012B51D0022B5AD0002374E000EB4003654A02EB10
S32500039100031300EB4002644911F82210003918BF01211879FFF7B6FAB6E700EB40035E4A3F
S3250003912002EB83039B7A012B11D100EB4003594A02EB0313187904EB4403574A12F8231017
S3250003914011B102EB83035978FEF73EFE9CE700EB4003504A02EB031300211879FEF734FEA8
S3250003916092E704EB44034C4A02EB830301229A725B7A33B904EB4403474A02EB83030322DF
S325000391809A70454B04EB440203EB820200211172D17238BD04EB44033E4A02EB03135B6A23
S325000391A0834294BF002301231BE004EB4402394901EB0212926A824213D3002311E004EBEC
S325000391C04403344A02EB0313DB69834208D804EB440302EB03131B6A83422BD2022300E050
S325000391E0012304EB44022C4901EB8202D2789A4222D004EB4402284901EB8202D370012195
S32500039200117204EB4402244901EB8202127A042ABFD95A1ED2B2012A1DD973BB6DB31E4B8A
S3250003922004EB440203EB820201219172002191705172AEE72B46D4E704EB440201EB82020E
S32500039240127A042ADDD804EB4401134800EB810101320A72D5E7022B08D00F4A04EB44019D
S3250003926002EB81018B7001234B7292E704EB440201EB820200219172EFE7002B89D1064BAC
S3250003928004EB440203EB820200219170012393727FE77047185404002882002070B505460C
S325000392A0002401E00134E4B21B2C19D804EB44030C4A02EB03139B78AB42F3D1660004EBF5
S325000392C0440302EB0313187D00F080FB064B43F824002644054B03EB86060123F372E1E706
S325000392E070BD00BF18540400B88100202882002038B50546002401E00134E4B21B2C0AD8B5
S32500039300064B04EB440003EB00108378AB42F3D1FFF77AFEF0E700F063FB38BD185404001E
S3250003932008B5234B1B78032B3ED8DFE803F00212212F00F061FB012800D008BD0320FFF7E1
S32500039340ADFF0020FFF7D4FF194A137801331370F3E700F051FB0128EFD10020FFF79EFF18
S325000393600120FFF7C5FF124A137801331370E4E700F042FB0128E0D1FFF790FF0220FFF7FC
S32500039380B7FF0B4A137801331370D6E700F034FB0128D2D10220FFF781FF0320FFF7A8FF77
S325000393A0034B00221A70C8E7014B00221A70C4E7888300201B2819D800EB40030C4A02EB88
S325000393C00313DB7893B9002914BF0122002200EB4003084901F8232008D03AB900EB4002DB
S325000393E001EB8202002111720323D370704700BF18540400288200201B2836D8642934D84D
S3250003940000EB4003194A02EB0313DB78012B2CD100B5E1B1164B00EB400203EB820C8CF85E
S3250003942001104FF0010C03F822C071B100EB40030F4A12F8233043B9134600EB400203EB73
S325000394408202002111720323D3705DF804FB084A00EB40034FEA830E02EB83034FF0000C16
S3250003946083F801C002F80EC0DFE7704718540400288200201B2806D800EB4000034B03EBA0
S325000394808000807870470320704700BF2882002010B5044601461820FFF7F4F82146152025
S325000394A0FFF7F0F810BD000038B5254B93F87041012C25D00024234B5C60224B5A6840F28E
S325000394C0DB539A4226D8002500F0C4FA012823D01C4B01221A731A4B93F82931012B1FD010
S325000394E0184B00229A60174B9B68B3F5FA7F20D2002304B3FDB1F3B1124B01221A701DE039
S32500039500104B5B6840F2DB529342D6D80A330D4A5360D2E70125D7E70A4B00221A73DAE799
S32500039520084B9B68B3F5FA7FDDD20A33054A9360D9E70123DDE7034B00221A7038BD00BF27
S32500039540A48700207883002010B5002404E02046FFF77CFD0134E4B21B2CF8D9FFF7E0FE43
S32500039560FFF7A2FF10BD0000014B1878704700BF7883002008B5FFF7F7FF08BD08B50120C5
S32500039580FFF778FF012800D0002008BD08B50120FFF770FF022801D0002008BD0120FCE750
S325000395A008B50C20FFF766FF012800D0002008BD08B50C20FFF75EFF022801D0002008BD64
S325000395C00120FCE708B50D20FFF754FF012800D0002008BD08B50D20FFF74CFF022801D047
S325000395E0002008BD0120FCE708B50E20FFF742FF012800D0002008BD08B50E20FFF73AFF5F
S32500039600022801D0002008BD0120FCE708B50F20FFF730FF012800D0002008BD08B50F2082
S32500039620FFF728FF022801D0002008BD0120FCE708B51020FFF71EFF012800D0002008BD42
S3250003964008B51020FFF716FF022801D0002008BD0120FCE708B51720FFF70CFF012800D037
S32500039660002008BD08B51720FFF704FF022801D0002008BD0120FCE708B50A20FFF7FAFE56
S32500039680012800D0002008BD08B50A20FFF7F2FE022801D0002008BD0120FCE708B50B204A
S325000396A0FFF7E8FE012800D0002008BD08B50B20FFF7E0FE022801D0002008BD0120FCE747
S325000396C008B51120FFF7D6FE012800D0002008BD08B51120FFF7CEFE022801D0002008BD5B
S325000396E00120FCE708B501212C20FEF731FE08BD08B50023044A1370044A1370044A1370F6
S32500039700FFF7F0FF08BD00BF8A8300208B8300208983002008B500210320FEF755FB0023E7
S32500039720024A1370024A137008BD00BF8B8300208A83002008B5022000F048F9074B83FBC3
S3250003974000230344C017C0EB6320054B03FB00F0044BB3FBF0F0C0B208BD00BFA1000AA035
S3250003976040420F0080C3C90108B5FFF7D3FF08BD08B5254B1B7813B1244B01221A70234BEA
S325000397801B78012B05D00020FEF7DAFF002835D008BDFFF7CFFF1E4A13780133DBB2137051
S325000397A0012815D9142801D9052B17D8194A1278002AE8D0012A17D0022AE4D10928E2D8A7
S325000397C0052BE0D90023134A1370114A1370DAE7052BE7D90F4B01221A70D4E70D4B0222C7
S325000397E01A70FFF797FFCEE70328E5D9052BE3D90023084A1370064A1370C4E7FFF7B4FFA1
S32500039800044B02221A70C3E78B8300208A8300208C8300208983002010B5044600F00101E1
S325000398202720FEF72FFFC4F340012620FEF72AFFC4F380012520FEF725FFFFF75BFB10BDAA
S3250003984010B5FFF765FB5D4B1B78A3B15C4B1B78072B00F2AF80DFE803F0040F253B5167E3
S325000398607D930020FFF7D8FF0020FFF74BFB544A13780133137010BD0128FCD10420FFF7C9
S3250003988053FB504C20800320FFF74EFBE0810120FFF7C2FF0020FFF735FB494A1378013302
S325000398A01370E8E70128E6D10420FFF73DFB454C60800320FFF738FB20820220FFF7ACFFF9
S325000398C00020FFF71FFB3E4A137801331370D2E70128D0D10420FFF727FB3A4CA0800320FD
S325000398E0FFF722FB60820320FFF796FF0020FFF709FB334A137801331370BCE70128BAD18C
S325000399000420FFF711FB2F4CE0800320FFF70CFBA0820420FFF780FF0020FFF7F3FA284AED
S32500039920137801331370A6E70128A4D10420FFF7FBFA244C20810320FFF7F6FAE082052001
S32500039940FFF76AFF0020FFF7DDFA1D4A13780133137090E701288ED10420FFF7E5FA194CAC
S3250003996060810320FFF7E0FA20830620FFF754FF0020FFF7C7FA124A1378013313707AE722
S3250003998001287FF478AF0420FFF7CEFA0D4B98810D4C9C46BCE80F000FC49CE8070003C495
S325000399A022800020FFF7AEFA0023054A1370034A137060E7024B00221A705CE7C68300208D
S325000399C0C7830020AC830020908300200D2803D8024B33F810007047002070479083002039
S325000399E0034B01221A70034B00221A70704700BFC6830020C7830020024B1878B0FA80F029
S32500039A0040097047C68300207047CB79013303F00F03CB710120704738B50C460A4D2B7853
S32500039A2003F00F038B710721204601F0EBFC074B1870E0712B780133DBB22B700F2B01D978
S32500039A4000222A70012038BDC8830020C983002001207047014B93F828017047A48700207A
S32500039A60024B012283F82821704700BFA4870020024B002283F82821704700BFA4870020F4
S32500039A80014B93F829017047A4870020024B012283F82921704700BFA4870020024B002255
S32500039AA083F82921704700BFA4870020704770470268024B83F8702100207047A4870020C4
S32500039AC00268024B83F8712100207047A48700200268024B83F8722100207047A4870020B0
S32500039AE00268024B83F8732100207047A48700200268024B83F8742100207047A48700208C
S32500039B00014B93F875017047A48700200268024B83F8752100207047A4870020014B93F82C
S32500039B2076017047A48700200268024B83F8762100207047A4870020014B93F877017047B2
S32500039B40A48700200268024B83F8772100207047A4870020014B93F878017047A487002073
S32500039B600268024B83F8782100207047A4870020014B93F879017047A48700200268024BE5
S32500039B8083F8792100207047A4870020014B93F87A017047A48700200268024B83F87A2164
S32500039BA000207047A4870020014B93F87B017047A48700200268024B83F87B210020704780
S32500039BC0A4870020014B93F87C017047A48700200268024B83F87C2100207047A4870020EA
S32500039BE0014B93F87D017047A48700200268024B83F87D2100207047A4870020014B93F83C
S32500039C007E017047A48700200268024B83F87E2100207047A4870020014B93F87F017047B9
S32500039C20A48700200268024B83F87F2100207047A4870020014B93F880017047A487002082
S32500039C400268024B83F8802100207047A4870020014B93F881017047A48700200268024BF4
S32500039C6083F8812100207047A4870020014B93F882017047A48700200268024B83F882216B
S32500039C8000207047A4870020014B93F883017047A48700200268024B83F88321002070478F
S32500039CA0A4870020014B93F884017047A48700200268024B83F8842100207047A4870020F9
S32500039CC0014B93F885017047A48700200268024B83F8852100207047A4870020014B93F84B
S32500039CE086017047A48700200268024B83F8862100207047A4870020014B93F887017047C1
S32500039D00A48700200268024B83F8872100207047A48700200268024B83F888210020704741
S32500039D20A48700200268024B83F8892100207047A48700200268024B83F88A21002070471D
S32500039D40A48700200268024B83F88B2100207047A4870020014B93F88C017047A487002049
S32500039D600268024B83F88C2100207047A48700200268024B83F88D2100207047A4870020D7
S32500039D800268024B83F88E2100207047A48700200268024B83F88F2100207047A4870020B3
S32500039DA00268024B83F8902100207047A48700200268024B83F8912100207047A48700208F
S32500039DC0014B93F892017047A48700200268024B83F8922100207047A48700200268024B50
S32500039DE083F8932100207047A4870020014B93F894017047A48700200268024B83F89421B4
S32500039E0000207047A4870020014B93F895017047A48700200268024B83F8952100207047E9
S32500039E20A48700200268024B83F8962100207047A48700200268024B83F897210020704702
S32500039E40A48700200B20704708B501210320EEF7C3FD01210020EEF7BFFD01210846EEF7ED
S32500039E60BBFDEEF783FD19210348E2F7ABF90020F9F748FD08BD00BF984F040008B5002118
S32500039E800320EEF7A9FD00210846EEF7A5FD00210120EEF7A1FD0948EFF710FD0848EEF7D7
S32500039EA033FCEEF7F7FC0120EFF79AFA19210548E2F78DF9F9F7F6FC08BD00BF082D040072
S32500039EC0601E0400984F04007047704700B583B0064B00933123064A06490420F5F708FBCC
S32500039EE000F034F80520FDF7FDFFF9E7B86D0400786D0400B06D0400064B1B8A012B04D01F
S32500039F00044BDB8A1BB901207047012070470020704700BF1C0BFF1F08B5FFF7EDFF18B1BD
S32500039F200020054B187008BD034B1B7813B10120C0B2F8E70020FBE7CA83002008B5FFF722
S32500039F40EBFF00B908BD01F025FAFBE7B0B58CB004AFB44B1B78FB77B24B1B78042B00F295
S32500039F60188101A252F823F07D9F030093A10300999F0300EB9F030027A10300A94B03223D
S32500039F801A70E0F7BDFA034603F5FA73A54A5361A54800F07FF911E100F0ACF90346002BFF
S32500039FA012D0A04B03221A709E4BC8225A619F4B00934FF494739E4A9E490320F5F798FA57
S32500039FC09D4800F067F9F4E000F09AF90346002B40F0EF80934B03221A70924B41F2883282
S32500039FE05A61954800F056F9E3E000F083F90346002B2AD08B4B5C69E0F782FA03469C42CF
S3250003A00080F0D98000F07CF90346002B40F0D38000F032F90346012B40F0CD80874B0093A0
S3250003A0204FF4A073824A83490320F5F761FA7D4B04221A70E0F764FA034603F6B833794A22
S3250003A040D3617F4800F026F9B5E0764B5C69E0F757FA03469C4248D900F052F90346002BB3
S3250003A0602BD100F009F90346012B26D1F9F79EFD0346002B09D1F9F799FD0346002B1CD1BD
S3250003A080F9F79EFB0346062B17D16E4B009340F25913674A67490320F5F72AFA614B04227C
S3250003A0A01A70E0F72DFA034603F59C5308335D4AD361634800F0EEF87DE000F021F9034698
S3250003A0C0012B78D1604B009340F26113584A59490320F5F70DFA534B02221A705B4800F0E5
S3250003A0E0D9F8504B00225A6165E04E4B03221A70E0F706FA034603F5FA734A4A5361544B15
S3250003A1001B781A46534B1B7819460023039302910192514B009340F26D13454A45490320B3
S3250003A120F5F7E6F947E03F4BDC69E0F7E9F903469C4226D900F0DEF80346002B01D1FFF774
S3250003A140FDFE464B93F87330002B36D100F0D8F80346012B31D11420FDF7C4FE404B0093CB
S3250003A16040F27F13324A33490320F5F7C1F92D4B02221A703B4800F08DF82A4B0022DA6161
S3250003A1801BE0394B00221A60374B1868FDF788FF13E0324B93F87330012B04D000F0AAF8EE
S3250003A1A00346002B02D00220FDF738FF01F07CF804E000BF02E000BF00E000BF2B4B3C1DEC
S3250003A1C01D460FCD0FC495E8030084E80300E0F797F90246264B1B68D31AB3F57A7F1CD94F
S3250003A1E0FB7F9B0020333B4453F81C2C0D4B1B789B0020333B4453F81C3C029301921D4B51
S3250003A200009340F2A9130A4A0A490420F5F770F9E0F776F90346164A136000BF2037BD4619
S3250003A220B0BD00BFD8830020706D0400F4160400BC160400EC1604003C6D040018170400C3
S3250003A2404C6D04003817040058170400446D0400D4830020D08300206C170400A487002001
S3250003A260A01704005C6D0400148C0020CC170400CC830020B0170400002008B101207047BB
S3250003A280034B1B5C002BFAD10130C0B2F5E700BFD083002010B5044610B904E09847043476
S3250003A2A02368002BFAD110BD08B5012904D001460448F4F7CAFF08BD01460248F4F7B8FF4D
S3250003A2C0F9E700BFD483002008B5012904D001460448F4F7BAFF08BD01460248F4F7A8FF85
S3250003A2E0F9E700BFD0830020014B01221A707047F9830020014B1878704700BFF983002009
S3250003A3000023012B05D8054AD25C22B90133DBB2F7E7002070470120704700BFD48300202C
S3250003A320014B1878704700BFD883002000B583B0FFF7F6FF431E032B2DD8DFE803F0020E16
S3250003A34018221A4B009340F2DB13194A19490320F5F7CEF803B05DF804FB174B00934FF4C9
S3250003A360F073134A13490320F5F7C2F8F2E7134B00934FF4F2730E4A0E490320F5F7B8F80F
S3250003A380E8E70F4B00934FF4F473094A09490320F5F7AEF8DEE701900A4B00934FF4F6730A
S3250003A3A0034A04490220F5F7A3F8D3E7E4170400BC160400EC160400001804002018040064
S3250003A3C04818040068180400024B002283F8AE23704700BFA4870020704770477047704734
S3250003A3E0704770477047000008B5074A1388591C1180642B02D9134600221A80FBF720FEF1
S3250003A400FBF7A2FF08BD00BFFA83002008B5F4F7ADFCF5F751F8FBF703FAF4F76FFEFDF7BE
S3250003A4208AF908BD00B583B000F0BEFF012806D00C4B1B78322B0FD803B05DF804FB094AAF
S3250003A440137801331370084B00936C23074A08490320F5F74DF8EBE700F0ACFF014B00226B
S3250003A4601A70E9E7FC830020FC6D0400D06D04001C2B040008B5FFF7D5FF08BD002305E08D
S3250003A480044A002142F823100133DBB2042BF7D9704700BF0084002008B5F4F7F9FFF4F772
S3250003A4A0E5FBFBF7C5FDFBF753FF00217C20FEF7E9F800217F20FEF7E5F8F5F72DF9F4F799
S3250003A4C0D5FBFBF77DF9FAF775FD00F0BBFFFFF7D5FF08BD70B584B0FFF7DEFF114B009384
S3250003A4E040F22113104A11490420F5F701F80026012510E00134E4B2092C0AD885EA06039A
S3250003A500E34013F0010FF5D0094B53F824309847F0E701350136052203A90120FDF7ACFC91
S3250003A5200024E9E7106E0400D06D04001C2B0400286E040010B584B0134B002483F8C2417D
S3250003A54083F8C14101E00134E4B26420FDF7CAFC022CF8D90D4B0093AF230D4A0D49022000
S3250003A560F4F7C6FFF9F746FCFAF72AF9064B012283F8C121052203A90420FDF77DFCFAF7B6
S3250003A580E9F9F9F7E7FCF5E7A4870020786E0400506E04007C4E040008B501210D20EEF76B
S3250003A5A067FE0248F6F7F0FC08BD00BFCCED002030B58BB0264B0093DD23264A2649042086
S3250003A5C0F4F796FF002210211920DFF7ADFA234B1860234B5B681B689B685B689847044660
S3250003A5E021E001339C4212DD1D4A526812689268126803EB830102EB8102517A0129F0D1A9
S3250003A6005168106969400142EBD1118800E05F215F291AD8124B5B681B685B685B6813B1F7
S3250003A62003AA002098474FF0FF3206A90B4B1868DFF7CCFB48B1079D04959DF818308DF83B
S3250003A6400C3008AB05930023CCE70BB030BD00BFBC6E0400946E04001C2B040018840020F2
S3250003A660386B002000B583B00B4B00934FF48B730A4A0B490420F4F73BFF05210846FDF7A3
S3250003A6800BFC0E28F9D1F9F787F9F6F7BFF9F6F727F9F6F76BF8F0E7D46E0400946E040015
S3250003A6A01C2B040008B5084A136801331360312B04D900210846FFF707FE08BD012100206B
S3250003A6C0FFF702FEF9E700BF2084002030B583B0504B00935823504A50490420F4F708FF0E
S3250003A6E04F48FAF7CFFDF6F741FEF7F7F9F94D48EAF724FF4C48F4F713F84C48EFF7DEF87E
S3250003A7004B48EEF701F8EEF7C5F80120EEF768FEF6F726FD474A40F2DC510920F4F7DAFAC9
S3250003A720F9F7C0F802210020F7F772FA0020F9F77FF9414B01930224009400234FF416727B
S3250003A7403E493F48DFF75AFE3E4B0193009400234FF4C8723C493D48DFF750FE00243C4B8A
S3250003A76093F8C2317BB9092C05D80134E4B26420FDF7B8FBF3E7374B00938423264A2749A0
S3250003A7800220F4F7B5FE324B93F8C2310193324B00938823204A21490420F4F7A9FE0024F8
S3250003A7A025460BE0FFF77EFF0024EEF7E9FFF7F7F7FBFAF735FF092D00D900250121022059
S3250003A7C0FDF76AFB0E28F9D10135EDB20134E4B2042CE7D8022C04D0032C05D0002CEAD19B
S3250003A7E0E3E7F4F7E7F9E6E71C4B1A884FF6FF739A4203D0194B4FF6FF721A80174B1A88C7
S3250003A8004FF6FF739A42D6D1EFF76AF8EEF7BEF8D1E700BFE86E0400946E04001C2B0400F0
S3250003A820546C0400481D040038380400082D0400601E040099A5030024840020F86E040040
S3250003A840B1A5030014840020106F040065A60300A48700201C6F0400346F04001C8400200C
S3250003A86070470000304B93F85034002B4DD02F4B1B78B3B1012B30D02D4B1B88B3F57A6FFD
S3250003A88050D3294A022382F85834002382F85034274A1380254A1370264A1380264A1380D1
S3250003A8A07047244B1B8833B91F4A012182F85814224A0221117001339BB21E4A13804F2B63
S3250003A8C0DAD91A4B01221A701A4B00221A80184A138803F5C8731380CEE7174B1B881BB938
S3250003A8E0114A022182F8581401339BB2124A13804F2BC1D900230D4A13700F4A13800C4A28
S3250003A900138803F5C8731380B6E7074B022283F858240023064A1380044A1370054A13800A
S3250003A920054A1380704700BFA4870020008C0020128C0020048C0020028C002028840020D7
S3250003A94010B5194B1B78012B22D0FFF799F800B110BDFFF7C3F9012808D000211E20F5F711
S3250003A96095FD00210620FEF725FDF1E701240E4B1C70DFF7C5FD00F6B8300C4B1860214650
S3250003A9801E20F5F783FD21460620FEF713FDDFE7DFF7B6FD054B1B689842D9D90023024A55
S3250003A9A01370024A1360D3E7118C0020088C002008B5FFF765F870B10220FEF75BFD012858
S3250003A9C004D00220FEF756FD022803D107210120F5F75CFD08BDFFF7A1F801380328EBD829
S3250003A9E0DFE800F0020B141D01210846F5F74EFD00210220FEF700FDDEE702210120F5F788
S3250003AA0045FD28210220FEF7F7FCD5E703210120F5F73CFD46210220FEF7EEFCCCE7042132
S3250003AA200120F5F733FD64210220FEF7E5FCC3E708B5FFF725F800B108BDFFF761F80138DB
S3250003AA400528F9D8DFE800F0030C151E273001210020F5F71BFD00211620FEF7CDFCEBE772
S3250003AA6002210020F5F712FD14211620FEF7C4FCE2E703210020F5F709FD28211620FEF7FC
S3250003AA80BBFCD9E704210020F5F700FD3C211620FEF7B2FCD0E705210020F5F7F7FC502185
S3250003AAA01620FEF7A9FCC7E706210020F5F7EEFC64211620FEF7A0FCBEE708B5FEF7E0FF70
S3250003AAC000B108BDFFF718F9012808D000211F20F5F7DCFC00210846FEF76CFCF1E7012105
S3250003AAE01F20F5F7D3FC01210020FEF763FCE8E708B5FEF7C5FF00B108BDFFF71DF80128CE
S3250003AB0008D000210220F5F7C1FC00210120FEF751FCF1E701210220F5F7B8FC01210846B8
S3250003AB20FEF748FCE8E7000008B50B20FEF7A2FC01280AD1184B1B68012B12D80133164AF5
S3250003AB401360FEF79DFF88B108BD0B20FEF792FC0228EFD00021104B19601820F5F796FCA8
S3250003AB60EFE701211820F5F791FCEAE7FFF77EF8012808D000211720F5F788FC00210B20D1
S3250003AB80FEF718FCE0E701211720F5F77FFC01210B20FEF70FFCD7E73084002008B5FEF78B
S3250003ABA06FFF70B11220FEF765FC012804D01220FEF760FC02281AD101210C20F5F766FC44
S3250003ABC008BDFEF7FFFF012808D000210B20F5F75DFC00211220FEF7EDFBE3E701210B20DB
S3250003ABE0F5F754FC01211220FEF7E4FBDAE700210C20F5F74BFCE3E708B5FEF741FF70B1CA
S3250003AC001320FEF737FC012804D01320FEF732FC02281AD101210E20F5F738FC08BDFEF73E
S3250003AC20DFFF012808D000210D20F5F72FFC00211320FEF7BFFBE3E701210D20F5F726FC9D
S3250003AC4001211320FEF7B6FBDAE700210E20F5F71DFCE3E708B5FEF713FF00B108BDFFF7E1
S3250003AC602FF8012808D000211920F5F70FFC00210720FEF79FFBF1E701211920F5F706FC5A
S3250003AC8001210720FEF796FBE8E708B5FEF7F8FE00B108BDFEF7F8FF012808D000211C20A5
S3250003ACA0F5F7F4FB00210420FEF7A6FBF1E701211C20F5F7EBFBFFF7A7F8022804D01E21FB
S3250003ACC00420FEF799FBE4E73C210420FEF794FBDFE708B5FEF7D4FE00B108BDFEF7E2FF58
S3250003ACE0012808D000211D20F5F7D0FB00210520FEF782FBF1E701211D20F5F7C7FBFFF7A2
S3250003AD0083F8022804D01E210520FEF775FBE4E73C210520FEF770FBDFE708B5FEF7B0FE15
S3250003AD2000B108BDFFF716F8012808D000211A20F5F7ACFB00211920FEF73CFBF1E7012121
S3250003AD401A20F5F7A3FB01211920FEF733FBE8E710B5154B1B78012B1AD0FEF791FE00B1D6
S3250003AD6010BDFFF743F8012804D000211820FEF721FBF5E701240C4B1C70DFF7C1FB00F6F9
S3250003AD80AC500A4B186021461820FEF713FBE7E7DFF7B6FB054B1B689842E1D90023024A14
S3250003ADA01370024A1360DBE7108C00200C8C002008B50C20FEF75EFB01280AD1184B1B68F1
S3250003ADC0012B12D80133164A1360FEF759FE88B108BD0C20FEF74EFB0228EFD00021104B34
S3250003ADE019601020F5F752FBEFE701211020F5F74DFBEAE7FEF702FF012808D000210F20F4
S3250003AE00F5F744FB00210C20FEF7D4FAE0E701210F20F5F73BFB01210C20FEF7CBFAD7E7EE
S3250003AE204C84002008B50D20FEF724FB01280AD1184B1B68012B12D80133164A1360FEF71F
S3250003AE401FFE88B108BD0D20FEF714FB0228EFD00021104B19601220F5F718FBEFE7012196
S3250003AE601220F5F713FBEAE7FEF7D6FE012808D000211120F5F70AFB00210D20FEF79AFAE8
S3250003AE80E0E701211120F5F701FB01210D20FEF791FAD7E74884002008B50E20FEF7EAFA6A
S3250003AEA001280AD1184B1B68012B12D80133164A1360FEF7E5FD88B108BD0E20FEF7DAFAB6
S3250003AEC00228EFD00021104B19601420F5F7DEFAEFE701211420F5F7D9FAEAE7FEF7AAFE3A
S3250003AEE0012808D000211320F5F7D0FA00210E20FEF760FAE0E701211320F5F7C7FA0121B5
S3250003AF000E20FEF757FAD7E74484002008B50F20FEF7B0FA01280AD1184B1B68012B12D883
S3250003AF200133164A1360FEF7ABFD88B108BD0F20FEF7A0FA0228EFD00021104B1960162094
S3250003AF40F5F7A4FAEFE701211620F5F79FFAEAE7FEF77EFE012808D000211520F5F796FA96
S3250003AF6000210F20FEF726FAE0E701211520F5F78DFA01210F20FEF71DFAD7E740840020D3
S3250003AF8008B51120FEF776FA01280AD1184B1B68012B12D80133164A1360FEF771FD88B1B2
S3250003AFA008BD1120FEF766FA0228EFD00021104B19600820F5F76AFAEFE701210820F5F7DB
S3250003AFC065FAEAE7FEF7E2FD012808D000210720F5F75CFA00211120FEF7ECF9E0E70121C4
S3250003AFE00720F5F753FA01211120FEF7E3F9D7E73C84002008B50A20FEF73CFA01280AD110
S3250003B000184B1B68012B12D80133164A1360FEF737FD88B108BD0A20FEF72CFA0228EFD0CF
S3250003B0200021104B19600A20F5F730FAEFE701210A20F5F72BFAEAE7FEF7B6FD012808D025
S3250003B04000210920F5F722FA00210A20FEF7B2F9E0E701210920F5F719FA01210A20FEF758
S3250003B060A9F9D7E73884002008B51020FEF702FA01280AD1184B1B68012B12D80133164A19
S3250003B0801360FEF7FDFC88B108BD1020FEF7F2F90228EFD00021104B19600420F5F7F6F95B
S3250003B0A0EFE701210420F5F7F1F9EAE7FEF752FD012808D000210320F5F7E8F9002110201D
S3250003B0C0FEF778F9E0E701210320F5F7DFF901211020FEF76FF9D7E73484002008B51720F8
S3250003B0E0FEF7C8F901280AD1184B1B68012B12D80133164A1360FEF7C3FC88B108BD1720A1
S3250003B100FEF7B8F90228EFD00021104B19600620F5F7BCF9EFE701210620F5F7B7F9EAE750
S3250003B120FEF726FD012808D000210520F5F7AEF900211720FEF73EF9E0E701210520F5F796
S3250003B140A5F901211720FEF735F9D7E72C84002008B5FEF7CDFA0120FEF79AF902E0012019
S3250003B160FCF7C0FEFEF76CFBFEF702FBFEF7ECF91E4A13780133DBB21370042BEFD91C4B58
S3250003B18093F8FC33012BEAD0F2F7A8FD0128E6D1164B00221A70FFF7D3FBFFF709FCFFF7D6
S3250003B1A047FCFFF78AFCFFF7A3FCFFF7BDFCFFF7F5FCFFF721FDFFF74DFDFFF766FDFFF7F9
S3250003B1C088FDFFF7AAFDFFF7C3FDFFF7F1FDFFF729FEFFF761FEFFF799FEFFF7D1FEFFF7F0
S3250003B1E009FFFFF741FFFFF779FFB8E729840020A48700207047FEE7FEE7FEE7FEE77047E1
S3250003B20008B562B600F01CF8FAF738FDFDF7FEFC00F07AF8FCF7F8FDFCF72AFE002008BDEE
S3250003B220012806D0022808D1044B45F6A5221A817047024B4AF6AA221A81704700EC0020A9
S3250003B24010B586B001238DF80430ADF80830154C01AA04212046E9F7EBFE01AA0521204699
S3250003B260E9F7E6FE01AA06212046E9F7E1FE01AA07212046E9F7DCFE01AA08212046E9F7FD
S3250003B280D7FE01AA09212046E9F7D2FE01AA0A212046E9F7CDFE01AA0B212046E9F7C8FE1B
S3250003B2A006B010BD681B0400012383F31388BFF34F8F0549CA6802F4E062044B1343CB602E
S3250003B2C0BFF34F8F00BFFDE700ED00E00400FA05034B586820F480508004800C704700BFEA
S3250003B2E000F00740064B00221A6010F0020F03D0044B9A69024B1A60024B00229A61704703
S3250003B3001C8C002000EC002010B51E49CA6822F4E0621204120C1C4B1343CB60002383F3E5
S3250003B3201388F4F763FAFFF7D3FF044610F0020F15D02046FFF7D6FFFCF758FE022815D090
S3250003B340FFF77EFFFCF7F6F9FDF7A0F9FDF7ACFBFCF7B0FAFDF7E2FDFCF750FC10BD0320C8
S3250003B360FCF75CFE094B01221A70E2E7084B00221A601A7842F040021A701868FCF790FE2D
S3250003B380ECE700BF00ED00E00003FA05188C0020148C002008B5FFF787FF08B5EDF7E6FA05
S3250003B3A0FEF793FDFFF780FF014B987A704700BF00EC0020014B00229A72704700EC00206D
S3250003B3C0014BB3F8A603704700EC0020014BA3F8A603704700EC002010B50446FFF7F0FFBA
S3250003B3E0C0B240F4B440FFF7F1FF024BC3F8A84310BD00BF00EC002008B50220FFF710FF55
S3250003B400FFF752FFFF234FF0000C11E05B00DBB20132D2B2072A07D813F0800FF6D05B001C
S3250003B42083F01D03DBB2F3E70CF1010C5FFA8CFC8C4504D210F80C2053400022EAE7DB439F
S3250003B440D8B2704730B583B0124D134C134B0193134B00934FF42D732A4621460320F4F721
S3250003B46047F8104B0193104B009340F2B5232A4621460320F4F73CF80C4B1B6801930C4BBF
S3250003B480009340F2B6232A4621460320F4F730F803B030BD5C6F0400746F0400EC84010031
S3250003B4A0786F0400486F04008C6F04001C8C0020A4700400024B1B680022C3E92A0270477D
S3250003B4C0380BFF1F0B4A0C4910B414680B4AD4E92A0300FB02F201FB0322A0FB0101431CCD
S3250003B4E042EB0100C4E92A3020F000405DF8044B704700BF380BFF1F2D7F954C2DF45158EC
S3250003B5000EB410B59DB06FF000411FABCDE906010491094953F8042B0290084C08680193DC
S3250003B52002A9059400F050F8029B00221A701DB0BDE8104003B07047380BFF1F0802FFFFA8
S3250003B54030B540EA0104A30701D1032A0FD8844601F1FF3E07E01EF8011F03F8011B541E9F
S3250003B560C1B19C4622466346002AF4D130BD0B468446194653F8045BA5F1013424EA05047B
S3250003B58014F0803FE4D1043A032A4CF8045B1946EFD8DDE76244002CE8D003F8011B9342BC
S3250003B5A0FBD130BD71B138B503460C46002501E0431C05462146184603F000FE0028F7D1C9
S3250003B5C0284638BD03F0FABD2DE9F04F2DED0A8BCFB00C4691460AEE101A09930AEE900A59
S3250003B5E002F024FF036813931846DDF7E9FAA38912901A0603D52369002B00F0A0874D46E0
S3250003B6009FEDA57B2B78002425AACDE92344CDE91544CDE917448DED107B1AEE909A0E94C9
S3250003B6202292904614940594002B00F0EC81AB4604E01BF8013F002B00F01A81252BF8D1B7
S3250003B640BBEB050640F018819BF80030002B00F0DA8100234FF0FF329BF801708DF86B3077
S3250003B66006930BF1010B04929A462B2420210BF1010BA7F120035A2B00F23C81DFE813F059
S3250003B680D5023A013A01D0023A013A013A016A003A013A016502FE023A017002E4023A01BC
S3250003B6A0DF025B005B005B005B005B005B005B005B005B003A013A013A013A013A013A010B
S3250003B6C03A01D2013A0136028500D201D201D2013A013A013A013A01CB023A013A01C600ED
S3250003B6E03A013A013A0140023A0175023A013A014F073A013A013A013A013A013A013A0133
S3250003B7003A01D2013A0136028700D201D201D201BE02870080003A01B1023A019902C8004C
S3250003B720870280003A0140027D002A073A013A012E073A017D00A7F1300300221BF8017BED
S3250003B74002EB820203EB4202A7F13003092BF5D906928EE7484602F069FE436817931846C9
S3250003B760DDF72EFA18900646484602F05FFE836815932021002E40F0C2859BF8007076E71A
S3250003B7809BF800704AF0200A71E74AF0100A1AF0200F099B00F09A81073323F007031A46EE
S3250003B7A05B6852F8084B09921E46002BC0F26B85049B013301F03A802AF08003039354EA65
S3250003B7C0060300F0E7840A2C76F1000380F0908730340123DDF80CA08DF8374107930DF236
S3250003B7E03715049907989DF86B3081424FF00002B8BF0146089203910C920F920D92002B8F
S3250003B80000F08980039A0132039284E04AF0100A1AF0200600F04B81099B073323F0070322
S3250003B8205E6853F8084B09932AF480630393002300228DF86B20049A551C00F026820399D0
S3250003B84021F0800A54EA060140F01D82002A41F02980002B40F0A484039B13F0010307936A
S3250003B86000F0428530238DF837310DF23715B8E7BBEB050600F0C780249B33442493239B4B
S3250003B8800133072BC8E90056239309DC08F10808059B33440593D7E6000000000000000022
S3250003B8A01AEE101A22AA484603F0EEFC90B90DF19408EDE71AEE101A22AA484603F0E4FC00
S3250003B8C0002800F09180089B23B108991AEE900A02F0A6FC1AEE103A9B8913F0400F059B80
S3250003B8E018BF4FF0FF33059305984FB0BDEC0A8BBDE8F08F002F00F0868000238DF8D47050
S3250003B9008DF86B300122CDE90723039204930C930F930D9335AD1AF002020A9202D0039AF3
S3250003B920023203921AF084020B9205D1069A0399561A002E00F30D83249C8BB1239B0DF11D
S3250003B9406B0201330134C8F80020072B4FF0010224942393C8F8042000F3338308F10808B0
S3250003B9600A9B83B1239B1BAA01330234C8F80020072B4FF0020224942393C8F8042000F35E
S3250003B9802D8308F108080B9B802B00F00F82049B079A9E1A002E00F350821AF4807F40F0EB
S3250003B9A0AB81079BC8F804301C44239BC8F800500133072B2494239300F3BE8208F108087E
S3250003B9C01AF0040F05D0069B039A9D1A002D00F31283DDE9053203998A42ACBF9B185B18CC
S3250003B9E00593002C7FF466AF00232393089B1BB10899484602F014FC0DF194085D462B7899
S3250003BA00002B7FF414AE249B002B3FF463AF1AEE104A1AEE101A1AEE900A22AA03F034FC69
S3250003BA20A3895AE7099B073323F00703B3EC027B8DED107BDDE91012099322F000430BEEA2
S3250003BA40101A0BEE903A4FF0FF32B0EE4B9AF0EE6B9AA54B51EC190BDDF70CFC002840F095
S3250003BA606784A14B51EC190B4FF0FF32DDF7E4FB002840F05D84DDE9100100220023DDF739
S3250003BA80D1FB002840F0A5879DF86B30974D984A2AF0800A0321472FC8BF1546002208927B
S3250003BAA00391079104920C920F920D92A7E61AF0100340F033841AF0400200F05B87099A8B
S3250003BAC052F8044B09921E46A4B2ADE653F8044B09931AF0100F40F00E841AF0400F00F072
S3250003BAE0068444F3C036334624B25EE6099A002352F8041B8DF86B308DF8D410099201E7B8
S3250003BB00099C54F8045B00268DF86B60002D00F0D986049B5A1C00F046851A4631462846C5
S3250003BB20DDF7BEF80890002801F07A80089B0496591B079121EAE1719DF86B3009940391C0
S3250003BB4008960C960F960D9659E6099B53F8042B0692002A80F2C383069A09935242069215
S3250003BB609BF800704AF0040A81E54AF010030393039B13F0200600F07383099B073323F08A
S3250003BB8007035E6853F8084B0993012350E6099B53F8044B099330234AF0020278278DF8A9
S3250003BBA06C30544B149303928DF86D70002602233EE61AF0200F40F082841AF0100F40F06C
S3250003BBC078861AF0400F40F04C871AF4007F00F07086099B059953F8042B099311705D4613
S3250003BBE00DE79BF800706C2F03BF9BF801704AF0200A0BF1010B4AF0100A38E59BF8007004
S3250003BC00682F03BF9BF801704AF4007A0BF1010B4AF0400A2BE59BF800704AF0080A26E510
S3250003BC209BF800704AF0010A21E59DF86B30002B7FF4A3AD9BF800708DF86B1017E59BF8FD
S3250003BC4000704AF0800A12E55A4612F8017B2A2F01F0F381A7F13003092B934698BF00227B
S3250003BC6000F2F4871BF8017B02EB820203EB4202A7F13003092BF5D90492FAE49BF80070D8
S3250003BC808DF86B40F3E4CDF80CA0012B3FF49BAD022B4EAD12D1149A04F00F032409D35C61
S3250003BCA005F8013D44EA0674360954EA0603F3D14EAB5B1BDDF80CA0079392E504F007034F
S3250003BCC0E40844EA4674F608303354EA06012A4605F8013DF2D10399C80700F14C824EAB50
S3250003BCE05B1B8A4607937CE5FFFFEF7FB8700400BC700400C8700400652F40F3D780DDE912
S3250003BD00100100220023DDF783FA002800F0B481239BBC4AC8F80020013301340122072BC4
S3250003BD2024942393C8F8042000F3848508F108081C9B0E9A934280F2CD82129B139A1C44F4
S3250003BD40C8E90023239B24940133072B239300F3E98308F108080E9B5D1E002D7FF730AE67
S3250003BD60102D239B41F34781A74F0A97224610261AEE104A05E008F10808103D102D40F381
S3250003BD80678501331032072BC8E90076CDE92332F1DD22AA2146484603F076FA00287FF447
S3250003BDA092ADDDE923320DF19408E6E7069B039A9E1A002E7FF7EBAD102E239B41F34F8088
S3250003BDC091490B9522461AEE105A0A910C4604E0103E102E08F1080819DD01331032102103
S3250003BDE0072BCDE92332C8F80040C8F80410EFDD22AA294648460DF1940803F045FA0028A0
S3250003BE007FF461AD103E102EDDE92332E5DC0B9D144601330A9AC8F800203444072BCDE916
S3250003BE202334C8F8046000F32F85049B079A9E1A002E08F108087FF7B0AD102E239B40F3A6
S3250003BE40C48571480A90424621461AEE108A044604E0103E102E02F1080216DD013310318D
S3250003BE601020072BCDE9233114605060F1DD22AA4146484603F008FA00287FF424AD103ECB
S3250003BE80102EDDE9233125AAE8DC90460C4601330A9AC8F800203444072BCDE92334C8F857
S3250003BEA0046000F3CF8108F1080876E50E9B012B40F37C81239EC8F8005001360134012308
S3250003BEC0072E24942396C8F8043000F3E78108F10808129B139A01361C44072EC8E9002361
S3250003BEE0CDE9236400F3E88108F10808DDE9100100220023DDF78CF9002840F076810E9B2A
S3250003BF000136013B01351C44072EC8F800502396C8F80430249400F35A8108F10808169BDD
S3250003BF20C8F8043001361C44072E1EABCDE92364C8F800307FF742AD1AEE101A22AA484651
S3250003BF4003F0A2F900287FF4BEAC249C0DF1940836E5102EDDE9233222DD199510241AEE8E
S3250003BF60105A04E0103E102E08F1080817DD013326491032072BC8E90014CDE92332F1DD2C
S3250003BF8022AA294648460DF1940803F07DF900287FF499AC103E102EDDE92332E7DC199DCC
S3250003BFA0C8F804600133B418072B184AC8F80020CDE9233400F3E1839DF86B3008F1080843
S3250003BFC0BBE41AEE101A22AA484603F05DF900287FF479AC249C0DF19408C1E41AEE101AF3
S3250003BFE022AA484603F050F900287FF46CAC249C0DF19408C7E4102D239B26DD1AEE107A5A
S3250003C00010260AE0A03B040008710400F8700400103D102D08F1080817DD0133C24A103424
S3250003C020072BC8E90026CDE92334F1DD22AA394648460DF1940803F027F900287FF443AC03
S3250003C040103D102DDDE92334E7DC0133B64AC8F804502C44072BCDE92334C8F800207FF720
S3250003C060B8AC1AEE101A22AA484603F00DF900287FF429AC249CACE41C9A002A40F39683E2
S3250003C080DDE90D739F42A8BF1F46002F0BDD239B01333C44072BC8E900572494239300F380
S3250003C0A05C8508F108080D9E002FA8BFF61B002E00F353820D9B1AF4806F2B44079340F067
S3250003C0C083821C9B0E9A934203DB1AF0010F00F0B884129A13991444C8E90012239A249412
S3250003C0E00132072A239200F3768508F108080E9A0799AE18761AD51AAE42A8BF2E46002EA1
S3250003C1000DDD239BC8F8001001333444072BC8F804602494239300F39D8508F10808002EE2
S3250003C120A8BFAD1B002D7FF74BAC102D239B40F362877E4F0A97224610261AEE104A05E0C3
S3250003C14008F10808103D102D40F3828301331032072BC8E90076CDE92332F1DD22AA214630
S3250003C160484603F091F800287FF4ADABDDE923320DF19408E6E7302B3FF49AAD3023023AD3
S3250003C18005F8013C4EAB9B1ADDF80CA007931546FFF727BB049B002B7FF41AABDDF80CA0DD
S3250003C1A00023049307934EADFFF71BBB1AF0010F7FF480AE239EC8F800500136013401233F
S3250003C1C0072E24942396C8F804307FF7A6AE1AEE101A22AA484603F057F800287FF473AB6B
S3250003C1E0DDE923640DF1940899E60E9B5D1E002D7FF795AE102D40F315874C4ACDF810A0AF
S3250003C20023461AEE10AA0A921027144605E008F10808103D102D40F39D8301361033072E43
S3250003C220C8E90047CDE92363F1DD22AA5146484603F02AF800287FF446ABDDE923630DF117
S3250003C2409408E6E71AEE101A22AA484603F01CF800287FF438AB249C0DF19408FFF79DBBB3
S3250003C260039B13F0100340F02381039A12F0400200F09B83099A52F8044B09921E46A4B2AD
S3250003C2800123FFF7D5BA2D2364428DF86B3066EB4606CDF80CA00123FFF7CDBA1AEE101AF5
S3250003C2A022AA484602F0F0FF00287FF40CABDDE923640DF194080CE61AEE101A22AA484683
S3250003C2C002F0E2FF00287FF4FEAADDE923640DF194080BE61AF0010F3FF472AB2DE59BF858
S3250003C2E000700993FFF7C3B94EADFFF77ABA1AF4007F40F0B083E6173346FFF756BA159B76
S3250003C300002B3FF43AAA159B1B78002B3FF435AA9BF800704AF4806AFFF7A9B9099B53F8E0
S3250003C320044B0993FFF780BAF870040008710400DDE9100102460B46DCF79CFF002840F0BA
S3250003C340C385612F00F08685412F00F09484049B013327F02003039300F0B083472B00F061
S3250003C3608285DDE910014AF48072002907924FF00003C0F2248541EC180B0A930893039B21
S3250003C380462B00F0F883452B00F04E85B0EE480AF0EE680A20AB01931DAB0093049A1CAB26
S3250003C3A00221484600F038FF039B472B054640F069861AF0010F5646DDF81CA040F00B851B
S3250003C3C0209B5B1B0E93039B472B00F08B83039B462B00F00F841C9B0D930D9B039A013B0A
S3250003C3E0412A1C9300F0D785FAB20021002BB8BF0D9B8DF87820BABFC3F101032D222B22CD
S3250003C400092B8DF8792040F3B7850DF18704DFF898C3224610468CFB0321DA17C2EBA102ED
S3250003C42002EB8201A3EB4101303100F8011C19466329134600F1FF32ECDC3033D9B2831E80
S3250003C4409C4202F8011C40F2048613460DF17A0201E013F8011B02F8011B9C42F9D10DF18B
S3250003C46089030DF17A021B1A13441EAA9B1A16930E9B169A012B1A44079240F3B785079B6E
S3250003C480129A13440793079A002326F4806622EAE27246F4807A0C9303920F930D930A9B83
S3250003C4A0002B40F0458304939DF86B30FFF7A7B9099B53F8044B09930123FFF7B9B9099B29
S3250003C4C0059853F8041B0993C217C1E900025D46FFF795BACDF80CA0FFF74ABBAF4B149336
S3250003C4E01AF0200600F0EF80099B073323F007035E6853F8084B09931AF0010F09D054EA78
S3250003C500060306D030238DF86D704AF0020A8DF86C302AF4806303930223FFF789B9A04B38
S3250003C5201493DDE71AEE101A22AA484602F0ACFE00287FF4C8A9249C0DF194080BE41AEE02
S3250003C540900A402101F07EFF20602061002800F0848540236361FFF752B8102E239B40F3F1
S3250003C560698590480A90424621461AEE108A1027044604E00832103E102E40F32F8201337E
S3250003C5801031072BC2E90047CDE92331F2DD22AA4146484602F078FE00287FF494A9DDE96D
S3250003C5A0233125AAE7E7284604960994DCF708FB20EAE0719DF86B300790039108960C9610
S3250003C5C00F960D96FFF71BB90E9BCDF828B0DDF83CB0079E159FCDF81CA0EB18049342463D
S3250003C5E0DDF860A00C9B0B951AEE108AA446BBF1000F30D093BB013F0BF1FF3B179BC2E9AE
S3250003C600003A239B0133D444072BCDF890C0239362DC0832049B38789B1B8342A8BF0346DE
S3250003C620002B1C460CDD239801309C440728C2E90063CDF890C0239000F319813878083233
S3250003C640002CACBF051B0546002D0BDC06440C9BBBF1000FCED1002B00F033820C9B013BBD
S3250003C6600C93CBE7102D23981FDD1024634604E0103D102D02F1080216DD0130494910332B
S3250003C6800728C2E90014CDE92303F1DD22AA4146484602F0F9FD00287FF415A9103D102D4D
S3250003C6A0DDE9230325AAE8DC9C4601303D4B5560AC440728CDE9230C136000F340823878C6
S3250003C6C008320644C3E71AF0100300F0A480099B53F8044B09930FE722AA4146484602F04F
S3250003C6E0D3FD00287FF4EFA8DDF890C025AA91E7039B079703F48063002209EE109ACDF825
S3250003C7002080DDF854900DF59C7A174698460CE00023204631460A22DCF7CCF80A2C76F118
S3250003C72000031CD304460E46AA4620460A2200233146DCF7BFF830320AF1FF3501370AF8EF
S3250003C740012CB8F1000FE3D099F800309F42DFD1FF2FDDD00A2C76F1000380F050814EAB31
S3250003C7605B1BCDF854900E9719EE109ADDE90778DDF80CA00793FFF734B81AEE101A22AAFB
S3250003C780484602F081FD00287FF49DA89DF86B30249C0DF19408FFF7D0B800BFC8700400AF
S3250003C7A0DC7004000871040067666666239BC049C8F80010013301340121072B2494239348
S3250003C7C0C8F8041000F32F8108F10808002A40F08A800E9A0AF0010313433FF4F1A8129BF7
S3250003C7E0139A1C44C8E90023239B24940133072B239300F33F8108F108080E9AC8F8005049
S3250003C80001331444072BCDE92334C8F804207FF7D5A8FFF791BB1AF0400200F0B980099A13
S3250003C82052F8044B09921E46A4B265E6CDF80CA0FEF7C9BF1AEE101A22AA484602F024FD29
S3250003C84000287FF440A8249C0DF19408FFF770BA144601330A9AC8F800202C44072BC8F85E
S3250003C8600450CDE923347FF7A9A8FFF765BB22AA4146484602F008FD00287FF424A8387882
S3250003C880DDF890C025AADBE61AEE101A22AA484602F0FAFC00287FF416A8249C0DF19408B3
S3250003C8A0FFF775B8012BCDF80CA07FF4F1A9FEF78FBF099B059953F8042B5D4611600993F3
S3250003C8C0FFF79DB8049A0895062A294628BF062204952B460392774D099407920C910F9145
S3250003C8E00D91FEF78CBF129B13991C44C8E90013239B24940133072B239300F3BB8008F11B
S3250003C9000808002ABFF679AF5642103280F2AE8369480A902146424610271AEE108A04461D
S3250003C92004E00832103E102E40F3AF8201331031072BC2E90047CDE92331F2DD22AA41461B
S3250003C940484602F0A1FC00287EF4BDAFDDE9233125AAE7E7DDF810A01C4601360A9BC8F871
S3250003C96000302C44072ECDE92364C8F804507FF7D4AA2CE4099B1AF4007614BF53F8044BEF
S3250003C98053F8044B09931CBF1646E4B2FEF74CBF099B1AF4007614BF53F8044B53F8044B5C
S3250003C9A009931CBF1646E4B2A6E5039B13F40076099B14BF53F8044B53F8044B09931CBF3D
S3250003C9C01646E4B20123FEF733BF3B4A0A92FFF75EBA2D238DF86B30FFF758B890460C4684
S3250003C9E001330A9AC8F800203444072BCDE92334C8F804604DDC08F10808FFF75BBB189BAA
S3250003CA001799ED1A1A462846FEF79AFD99F801300BB109F10109204631460A220023002727
S3250003CA20DBF748FF7EE61AEE101A22AA484602F02BFC00287EF447AF1C9A249C0DF194082B
S3250003CA40C4E60E9A0799AE18761AD51AAE42A8BF2E46FFF764BB44F3C016334664B2FEF725
S3250003CA60A4BE099B059953F8042B099311805D46FEF7C5BF1AEE101A22AA484602F004FCC8
S3250003CA8000287EF420AFDDE923341C9A0DF1940837E71AEE101A22AA484602F0F5FB002803
S3250003CAA07EF411AF249C0DF19408FFF703BB00BFA03B0400F07004000871040006230493EE
S3250003CAC04FE40B9D0E9BDDF81CA0DDF828B01597EB189E429046324628BF1A466446079224
S3250003CAE0FFF7EFBA1C9B0D93DA1C02DB049A934204DD023F27F0200303936EE4DDE90D32A8
S3250003CB009342C0F29980F00740F1DB81129A13440793710503D50D9B002B00F3FF81079B15
S3250003CB2023EAE3730393672700230C930F93B6E42D2300228DF86B300492FEF763BE22AA5D
S3250003CB404146484602F0A0FB00287EF4BCAE3878DDF890C025AA064479E51AEE101A22AADC
S3250003CB60484602F091FB00287EF4ADAE249C0DF19408FFF798BA20AB01931DAB0093049AB1
S3250003CB80B0EE480AF0EE680A1CAB0321484600F043FB0378302B054600F003821C9B049ABA
S3250003CBA056461344DDF81CA0EC1851EC180B00220023DCF72DFB08B1234602E4209BA3429C
S3250003CBC0BFF4FFAB30215A1C20921970209B9C42F9D8FFF7F6BB1AEE101A22AA484602F05E
S3250003CBE053FB00287EF46FAE1C9B249C0DF19408FFF77DBA1C9A0D92002A40F3FF8104991A
S3250003CC0006F001030B4340F0B1810D9B07936627730500F18481079B23EAE373039383E71F
S3250003CC20049B0393079309949DF86B3004900C900F900D90FEF7E3BD0E9B129A9A180D9B9F
S3250003CC400792002B40F3BB816727E1E700230493FEF70FBD1AEE101A22AA484602F014FB3A
S3250003CC6000287EF430AE1C9D0E9B249C5D1B0DF19408FFF754BA30238DF86C3058238DF887
S3250003CC806D30049B632B4AF0020400F3A7800023089335ADDDE910124AF481730793002AE9
S3250003CCA027F02003A2460393C0F28A80002342EC181B0A93612F00F01581412F7FF45FABD3
S3250003CCC0B0EE480AF0EE680A1CA802F02FFA00224FF07F5351EC100BDCF732F802460B460B
S3250003CCE043EC192B00220023DCF792FA08B101231C93B74B0B93049B1995CDE90CB7CDE96C
S3250003CD000EA80CEE109ADDF82CB059EC198B5E1E2C4605E000220023013EDCF779FAE0B9E0
S3250003CD20AC4B002240464946DCF70AF889468046DCF7B6FA0546DBF733FD0B46024649465A
S3250003CD404046DBF7DFFB1BF80530A24604F8013B731C374680468946DCD149EC198B9E4B20
S3250003CD60DDF830B0DDF83C80CDF830A051EC190B00223E46DDF838A00D9F0D951CEE109A19
S3250003CD80199DDCF76DFA98BB51EC190B924B0022DCF73EFA10B10D9BD90729D4002E3346EF
S3250003CDA006DB01332344302204F8012BA342FBD1631B56460E93DDF81CA0FFF704BB089327
S3250003CDC0DDE9103408EE103A04F1004308EE903A2D230A936EE7049BEC18E6E6591C484654
S3250003CDE001F030FB0546002800F04381089051E70C9B20930B9B14F8012CD97B8A42234655
S3250003CE0009D1302003F8010C209B5A1E209213F8012C9142F6D0392A0BBF0B9A0132927A10
S3250003CE20D2B203F8012CC3E7049BB0EE480AF0EE680A5C1C20AB01931DAB009322461CAB53
S3250003CE400221484600F0E8F9054656462C44DDF81CA0AAE630238DF86C3078230FE75F4A21
S3250003CE600A92FEF7D6BF049B002B08BF01230493119B4AF48072002B0792C0F2D9809DED02
S3250003CE80108B08900A90FFF781BA0C46904601330A9AC8F800203444072BCDE92334C8F834
S3250003CEA004607FF7A8AC1AEE101A22AA484602F0EBF900287EF407ADDDE923340DF19408D4
S3250003CEC09BE40D9B079324E6119B454D454A002BB6BF2D239DF86B308DF86B302AF0800ACD
S3250003CEE0FEF7D8BD1CA8B0EE480AF0EE680A02F01DF900224FF07F5351EC100BDBF720FF17
S3250003CF0002460B4643EC192B00220023DCF780F908B101231C93344B0B93ECE667271599B4
S3250003CF200B78FF2B00F0B08000240D9A204603E001300131FF2B08D0934206DAD21A4B783E
S3250003CF40002BF5D10B780134F4E715910D920F900C940C9A0F9B18991344079A01FB0323A5
S3250003CF60079323EAE3730393FFF799BA129BD3181944079166274BE6002956D130228DF85A
S3250003CF807A200DF17B02303302F8013B1EABD31A1693FFF76DBA07F10F02D2B20121FFF7B9
S3250003CFA025BA51EC180B00220023DCF731F900287FF4F4AD049BC3F101031C93EFE5C3F11D
S3250003CFC001031A4422EAE273079203936727ABE5DC700400000030400000E03F08710400DC
S3250003CFE0C0700400C4700400C8700400F4077FF54AAAFFF744BA264A0A922AE4049A06F07B
S3250003D000010656EA020304D101230393662707938AE5129B01331A4422EAE27307920393C7
S3250003D020662781E51A4B0A9397E40DF17A02AAE70890C5E6164A0A92D2E4099B9BF80170CF
S3250003D040934653F8042B099342EAE2720492FEF70EBB02231693FFF70BBA1AEE902A0C238A
S3250003D06013604FF0FF330593FEF73EBC084A0A920DE71AEE101A8B8943F0400213468A813B
S3250003D080FEF72BBC049CE0E600230C930F9360E70871040070B50B4E9AB004466FF0004567
S3250003D0A0CDE90445134600940A463068064C029569460394FEF788FA009B00221A701AB0DC
S3250003D0C070BD00BF380BFF1F0802FFFF024B13B1024800F005B870470000000055E10300FA
S3250003D0E0002301461A46184602F04AB92DE9F04F03690C69A34283B0C0F28780013C01F1D4
S3250003D1001405A30000F11408009355F8243058F82420013381469A4208EB840005EB8407AC
S3250003D1200190B2FBF3F63BD30023AE4640469B465EF804AB02681FFA8AFC06FB0C334FEAAC
S3250003D140134C4FEA1A4A06FB0ACA1FFA83FCABEB0C0C1FFA8AF31CFA82FCC3EB124202EB96
S3250003D1602C421FFA8CFC4CEA0243774540F8043B4FEA224B4FEA1A43DAD2009B58F80330E3
S3250003D18073B9019B043B984504D307E0984504F1FF3403D253F80429002AF7D0C9F8104090
S3250003D1A0484601F093FE00282BDB01364046002355F8041BD0F800C08AB29A1A0B0C12FA41
S3250003D1C08CF2C3EB1C4303EB224392B242EA0342AF4240F8042B4FEA2343E9D258F824206D
S3250003D1E008EB84036AB9043B984504D307E0984504F1FF3403D253F80429002AF7D0C9F8AB
S3250003D2001040304603B0BDE8F08F002003B0BDE8F08F00BF000000002DE9F04F2DED068BB2
S3250003D22095B08DED020B0191016C249D099259EC108B0446069341B1426C4A6001239340BA
S3250003D2408B6001F0E1FB00232364B9F1000AB4BF012300232B607C4BBCBF2AF0004ACDF8FF
S3250003D2600CA033EA0A0300F0B2809DED027B002251EC170BB0EE479AF0EE679A0023DBF7D2
S3250003D280C7FF074680B1069A01231360259B002B00F0DB826D481860431E0093009815B054
S3250003D2A0BDEC068BBDE8F08F12AA13A92046B0EE490AF0EE690A01F0D1FEB0EE498AF0EED8
S3250003D2C0698A5FEA1A56054640F09980DDE912763E4406F23240202840F3AB83C0F1400031
S3250003D2E00AFA00FA06F2124028FA00F04AEA0000DBF746FA0123013E0D93A1F1F871544BE8
S3250003D3000022DBF7FFF84AA3D3E90023DBF718FD49A3D3E90023DBF7F7F8804630468946CF
S3250003D320DBF73EFA46A3D3E90023DBF709FD02460B4640464946DBF7E7F880468946DBF774
S3250003D340AFFF00228346002340464946DBF76AFF002840F06D82BBF1160F00F25C823D4B48
S3250003D36003EBCB03D3E9002351EC190BDBF75AFF002875D00023BE1B0C93731E0BF1FF3BAE
S3250003D380049300F14F8200230893BBF1000F6EDA089BCDF814B0A3EB0B030893CBF1000348
S3250003D3A00B93019B092B4FF0000B69D8052B40F33E83043B01930026019B023B032B00F255
S3250003D3C09986DFE813F04E044B0443042604069A42F20F73CAF3130A13605AEA08031DD169
S3250003D3E0259B002B00F07D861B4B00930833259A0098136015B0BDEC068BBDE8F08F18EE1F
S3250003D400903AC3F3130351EC190B43F07F510D97A6F2FF36129F41F4401170E7259B002B1F
S3250003D42040F0DB830D4B009338E700BFAFF3008061436F63A787D23FB3C8608B288AC63F98
S3250003D440FB799F501344D33F0000F07FA13B04000000F83F687204001C7104001871040075
S3250003D460BE1B731E049300F19A840C900890049B5B44CDE9043B00230B93019B092B95D92D
S3250003D480002301264FF0FF3201930A9607920993079B0F9300216164204601F08FFA0090C6
S3250003D4A0002800F02F86009B2364079B0E2B00F2F980002E00F0F6800599002940F37184AB
S3250003D4C0BD4B01F00F0203EBC2034FEA2118C905D3E9006740F10384B84B51EC190BD3E94B
S3250003D4E00823DBF757FD41EC180B08F00F084FF0030AB8F1000F13D0DFF8C09218F0010F4B
S3250003D50009D030463946D9E90023DBF719FC0AF1010A06460F465FEA680809F10809EDD13F
S3250003D52051EC180B32463B46DBF734FD41EC1A0B0C9B5BB157EC1A6BA14B1AEE100A002289
S3250003D5403946DBF76FFE002840F052855046DBF727F953EC1A2BDBF7F3FB9A4B0022DAF731
S3250003D560D3FF079B8046A1F15079002B00F0F383059B1093079B0E930A9B002B00F0C084F2
S3250003D5800E9A8D4B9049DDF800A003EBC20353E902230020DBF7FEFC42464B46DAF7B2FF19
S3250003D5A059EC1A8B41EC180B49461AEE100ADBF777FE0746DBF7F4F802460B461AEE100A6A
S3250003D5C04946DAF79FFF30370AF8017B53EC182B06460F46DBF726FE002840F055854FF0D5
S3250003D5E000080AEE105ACDF844B055465BEC18AB08EE104A44462AE00E9B01349C424BDA95
S3250003D600724B504659460022DBF79AFB6F4B002282468B4630463946DBF792FB8946804628
S3250003D620DBF73EFE0746DBF7BBF802460B4640464946DAF767FF303705F8017B52465B4603
S3250003D64006460F46DBF7EEFD002840F0188532463B465B490020DAF755FF52465B46DBF781
S3250003D660E1FD0028C8D0109B009A0593AA4618EE104A1AEE105A02E0924500F0EA84D14636
S3250003D6801AF8013D392BF7D00133DBB28AF80030059B01330593ABE1DDF844B01AEE105A60
S3250003D6A018EE104A139B002BC0F29480059A0E2A00F39080404B03EBC203D3E90089099B61
S3250003D6C0002B1BDA079B002B18DC40F05D83404B002240464946DBF733FB02460B4651ECB8
S3250003D6E0190BDBF7A9FDDDF81CA05646002800F0D082099BDDF80080DF43D2E242464B4606
S3250003D70051EC190BDBF746FCDBF7CAFD06468346DBF746F842464B46DBF712FB0B4602463C
S3250003D72051EC190BDAF7EEFEDDF800A0334630330AF8013B079B012B00F08E834FF0010B19
S3250003D74008EE105A08EE904A1D465446DA461DE042464B4630463946DBF71CFCDBF7A0FD0F
S3250003D7608346DBF71DF842464B46DBF7E9FA0AF1010A0B46024639463046DAF7C3FE0BF100
S3250003D7803003AA4504F8013B00F061830F4B0022DBF7D6FA0022002306460F46DBF738FD47
S3250003D7A00028D5D0A24618EE105A18EE904A059B01330593D1461BE1687204004072040048
S3250003D7C00000F03F00001C400000E03F00002440000014400A9A002A3FD0019A012A40F308
S3250003D7E09C82079B03F1FF380B9B4345C0F26E82A3EB0808079B002BC0F26683049A1A4463
S3250003D8000492089A17461A4408920121204601F0A9F9064625E00123BE1B0C93731E049342
S3250003D8207FF5B1ADC6F10103089300230493ACE55846DAF7B5FF42464B46DBF7E9FC002851
S3250003D8407FF489AD0BF1FF3B85E5874B0093009815B0BDEC068BBDE8F08FDDF82C80089F2E
S3250003D8600A9E002F0CDD049A002A09DD0899BA421346A8BF3B46C91AFF1AD31A089104933A
S3250003D8800B9BDBB10A9B002B00F08282B8F1000F0FDD31464246204601F040FA2A4601469E
S3250003D8A00646204601F08CF929460546204601F0ABF80B9BB3EB080240F0008301212046FA
S3250003D8C001F050F9BBF1000F824600F3B780019B012B40F386814FF000080120BBF1000F33
S3250003D8E040F0B880049A104410F01F0000F09680C0F12003042B40F3F883089BC0F11C007F
S3250003D90003440244089307440492089B002B05DD29461A46204601F061FA0546049B002BAF
S3250003D92005DD51461A46204601F058FA82460C9B002B40F03781079B002B40F31E810A9B96
S3250003D940002B40F0A180059B01330593DDF80080DDF81C90012707E0294600230A222046CD
S3250003D96001F05CF80137054651462846FFF7BEFB4F4500F1300008F8010BEDDB079A002ACE
S3250003D980C8BF9346009AD8BF4FF0010B034693440027294601222046019301F01FFA51462E
S3250003D9A0054601F093FA002840F3A5811BF8013C009A0BF1FF3B04E05A4500F0A7811BF846
S3250003D9C0013D392B0BF10109F6D001338BF800305146204601F018F856B12FB1B74203D038
S3250003D9E03946204601F010F83146204601F00CF82946204601F008F8002389F80030DDE90E
S3250003DA0005231A60259B002B3FF448AC0098C3F8009015B0BDEC068BBDE8F08F1C20089B64
S3250003DA2003440893049B0344074404936DE70126C2E4C0F1200008FA00F059E401465A462B
S3250003DA40204601F06BF9019B012B824640F3D5814FF00008DAF810300AEB8303186901F0A3
S3250003DA6031F8C0F120003DE7A03B0400314600230A22204600F0D2FF0F9B002B064640F35F
S3250003DA802383CDF814900793002F00F31881B8F1000F40F0FC81B046029B009F079903F0EF
S3250003DAA001027B1E1944019B0A9213430891099351462846FFF71AFB31468346284601F0F2
S3250003DAC005FA424651468146204601F021FAC26801460BF13003002A42D10490284607936D
S3250003DAE001F0F4F904990290204600F08DFF029A079B1AB90999002900F0D682B9F1000F51
S3250003DB00C0F28781019949EA01090A9951EA090100F07F81002A00F3E781089A3B7007F1C9
S3250003DB2001099742CB4600F0E581294600230A22204600F073FF4645054631464FF000037D
S3250003DB404FF00A02204612D000F068FF4146064600230A22204600F061FF4F468046A7E711
S3250003DB602046029300F050FF029B0122C6E700F055FF4F46064680469AE7019B022B77DC6D
S3250003DB800A9B002B80D1059B5146013328460593FFF7ACFADDF800B000F130030BF8013B66
S3250003DBA00027F6E65146284601F090F90028BFF6C2AE294600230A22204600F02FFF059BAB
S3250003DBC003F1FF390A9B0546002B7FF44FAF0F9B002B40F370820793B8E6BD4B0093033381
S3250003DBE005E4DDE9021200297FF475AEC2F31303002B7FF470AEB74B1340002B00F03D82E4
S3250003DC00089B01330893049B013304934FF0010863E601230A93099B059A13440F9301335D
S3250003DC20012B1F460793B8BF01270021172F61647FF732AC012204235B0003F11400B842EA
S3250003DC40114602F10102F7D9616425E401230A93099F002F4ADD0F970797E6E700230A9340
S3250003DC60D9E700230A93F3E70F9BCDF814900793079B002B7FF43DAD51460522204600F056
S3250003DC80CDFE01468246284601F020F900287FF730AD0098059F3123804600F8013B0137EC
S3250003DCA000905146204600F0AFFE7B1CDDF800900593CDF80080002E7FF496AE98E631467E
S3250003DCC03A46204601F08AF80646E0E60B9BCDF82C80A8EB03039B444FF000088AE54FF04C
S3250003DCE0020AB0EE498AF0EE698A02E4012309930793FFF7CDBB03D1019BDB073FF556AE85
S3250003DD00D9461BF8013D302BFAD061E6059B009A01330593312313705AE60D9A002A00F040
S3250003DD20638103F23343049ADDF82C801A440492089A17461A44089267E55046DAF730FDA1
S3250003DD4053EC1A2BDAF7FCFF634B0022DAF7DCFB8046A1F15079614B002251EC1A0BDAF7D0
S3250003DD60D1FB42464B4606460F46DBF779FA002840F07F8130463946424609F10043DBF7EB
S3250003DD8051FA00283FF48EAC4FF0000A5646B0E429460B9A204600F0C1FF05468EE50C909D
S3250003DDA040E500F04E81059A4D4B564206F00F0203EBC203D3E9002351EC190BDAF7C0FF1D
S3250003DDC0361141EC1A0B00F08881464F00234FF0020AF20706D5D7E90023DAF7B1FF0AF172
S3250003DDE0010A0123761007F10807F2D1002B3FF49FAB41EC1A0BFFF79BBB029B002B7FF41A
S3250003DE0027AEDDE90212C2F31303002B3FF4F3AE1EE6002A12DD294601222046019300F0E7
S3250003DE20DDFF5146054601F051F80028019B40F33581392B00F013810BF13103B94609F81C
S3250003DE40013B059B0133374605934646C0E5A24618EE105A18EE904A02460B46DAF754FB72
S3250003DE6042464B4606460F46DBF7FAF960B942464B4630463946DBF7CBF900283FF497ACBF
S3250003DE805FEACB717FF593AC009AFFF7F8BB7168204600F093FD0746002800F03A81336983
S3250003DEA002339A0006F10C010C30F1F793F939460122204600F092FF8046EDE529462046E0
S3250003DEC000F02CFF0546F9E4DDE907239F1A9CE4187104000000F07F00001C400000144021
S3250003DEE06872040040720400392B00F0B880B9460133A4E7059A013237460592464648E59C
S3250003DF000E988D4901EBC00142464B4651E90201DAF716FF5AEC1A9B41EC180B51461AEEA9
S3250003DF20100ADBF7BDF90746DAF73AFC02460B461AEE100A5146DAF7E5FA06460E98DDF819
S3250003DF4000803037012808F8017B0F4600F0BA800E9B009ACDF838B013449B46C246774BBB
S3250003DF60002230463946DAF7EBFE89468046DBF797F90746DAF714FC303702460B4640461C
S3250003DF804946DAF7BFFA0AF8017BDA4506460F46E5D1DA46DDF838B0694B59EC188B0022D0
S3250003DFA018EE100A4946DAF7AFFA32463B46DBF739F900286DD118EE102A4B466049002032
S3250003DFC0DAF7A0FA32463B46DBF74AF900283FF469ABD1460AF1FF3A19F8013C302BF8D094
S3250003DFE0109B0133059303E5129BC3F136039AE6079B002B3FF4A1AE0F9B002B7FF752AB08
S3250003E000059A0E93013A4D4B10921AEE100A39460022DAF795FE024616460F460AF1010026
S3250003E020DAF7BEFB32463B46DAF78AFE454B0022DAF76AFA47EC1A6B8046A1F15079FFF745
S3250003E0409BBA4FF0020AB0EE49AAF0EE69AAFFF76FBA059B013305933123FFF717BB059B4E
S3250003E060BB4601330593392337460BF8013B46469EE44FF0000A56460BE698462DE4AA46EF
S3250003E08018EE104A1AEE105A109B01330593D146AEE4109B009A0593FFF7F1BA7FF4CEAE18
S3250003E0A0DA077FF5CBAEC4E6392BD8D0B9F1000F3FF7C2AEC2E6019B022B3FF7D5ADCDF886
S3250003E0C0149060E5C24667E7019B022B3FF7CCAD0F9BCDF814900793D6E44FF0020AFFF7D8
S3250003E0E027BA194B0093FFF7D9B83FF40EACC0F13C0094E4002666643146204600F05EFC4F
S3250003E100009068B9114B124800224FF4D57101F07DF90E4B0E483A4640F2EA2101F076F9B1
S3250003E120009B236401224FF0FF3309960F930A920793FFF7B7BA00BF687204000000244041
S3250003E1400000E03F00001C401C710400287104003C71040038B5084B084D5B1B9C1007D0CE
S3250003E160043B1D44013C55F804399847002CF9D1BDE8384009F0A0B9DC740400D874040047
S3250003E180F8B5244F0C46064600F00CFCBA685568C4F57E630F3325F003052B4423F47F6380
S3250003E1A023F00F03A3F58054B4F5805F07DB0021304600F0F1FFBB682B44984204D030462E
S3250003E1C000F0F6FB0020F8BD6142304600F0E4FF01300DD0104ABB682D1B45F001055D60C9
S3250003E1E0136830461B1B136000F0E2FB0120F8BD0021304600F0D0FFBA68831A0F2BDEDDCF
S3250003E20043F001035360054B03491B68C01A0860D5E700BF6C0FFF1F308C00207413FF1F15
S3250003E220002961D0F8B50C46064600F0BBFB54F8042C7B4FA4F1080522F0010105EB010C91
S3250003E240B868DCF80430604523F0030300F08B80D207CCF8043032D454F8082CAD1A114461
S3250003E260AA6807F1080082426AD00CEB0304D4F804E0EC68D4601EF0010FA26000F0978028
S3250003E28041F001036B60CCF80010B1F5007F35D27A68CB084809012101338140114379602B
S3250003E2A007EBC30257F83310083AC5E9021247F83350CD603046BDE8F84000F079BB0CEBAB
S3250003E2C003025268D00710D4194407F10800DCF80830834273D0DCF80C20DA60936041F0EC
S3250003E2E001036B606950D0E7704741F00103B1F5007F44F8043CCCF80010C9D3B1F5206FA4
S3250003E3004FEA512348D28B0903F1390003F13802C300F818FB580838984259D05A6822F001
S3250003E32003028A4202D99B689842F7D1D868C5E902308560DD603046BDE8F84000F038BB0B
S3250003E3400CEB03025268D20763D40B44DCE90212CA60916043F001026A603046EB50BDE855
S3250003E360F84000F025BB0B44D10707D454F8082CAD1A1344D5E90212CA60916043F00102C9
S3250003E3806A60284ABD6012689A4293D8264B30461968FFF7F5FE8DE7142B0AD9542B1FD8FD
S3250003E3A00B0B03F16F0003F16E02C300B1E719448DE703F15C0003F15B02C300A9E741F026
S3250003E3C00103C7E90455C5E902006B60695071E779689210012404FA02F20A437A60A6E74D
S3250003E3E0B3F5AA7F06D8CB0B03F1780003F17702C3008EE740F25452934206D88B0C03F168
S3250003E4007D0003F17C02C30083E74FF47E737E227FE741F001036B60CCF800104AE700BFD9
S3250003E4206C0FFF1F7813FF1F608C0020004870476C14FF1F704700BF704700BF704700BF86
S3250003E440704700BF2DE9F04F01F10B06162E83B0044624D8102900F2BA8000F0A3FA102600
S3250003E46018220220B54F3A44A2F1080153688B4200F0BA805A68D96822F003021A449D68EA
S3250003E480E9608D60516841F001012046516003F1080500F08DFA284603B0BDE8F08F36F057
S3250003E4A0070600F19480B14200F2918000F07AFAB6F5FC7FC0F09A81730A00F08F80042B4B
S3250003E4C000F26F81B30903F1390003F1380CC3009A4F3B44A3F108055B689D4206D10CE0FF
S3250003E4E0002980F22781DB689D4206D05A6822F00302911B0F29F3DD60463D69DFF850C216
S3250003E50065457CD06A6822F00302931B0F2B00F37B81002BC7E904CC80F26C81B2F5007F0C
S3250003E52080F01A81D308796801334FEA521E012202FA0EF20A4357F833E0C5F808E007EBC9
S3250003E540C3010839E9607A6047F83350CEF80C50831001219940914257D8114206D120F0DC
S3250003E56003004900114200F10400FAD007EBC0094D468646D5F80C80454508D11DE1002B35
S3250003E58080F22481D8F80C80454500F01681D8F8042022F00302931B0F2BF0DD2046D8E907
S3250003E5A0025408EB060146F00106C8F80460EC60A56043F00104C7E90411C1E902CC4C602F
S3250003E5C048F8023000F0F4F908F1080502E00C2323600025284603B0BDE8F08F4FF4007329
S3250003E5E040204FF03F0C73E7D3689A4208BF02307FF440AF3D69DFF858C1654582D17A68E7
S3250003E6008310012199409142A7D9BD686B6823F003094E4503D8A9EB06030F2B7ADCDFF887
S3250003E62034B1474BDBF800201B680132334405EB090A00F0338103F580530F3323F47F6888
S3250003E64028F00F084146204600F0A6FD411C024600F0F380824500F2EE803A4B1968414448
S3250003E6601960084600F04E81DBF80010019301311BBFA2EB0A0A5044CBF80020186012F0F6
S3250003E680070B00F01781CBF108010A44CBF5805190440831A1EB0801C1F30B0A51462046CB
S3250003E6A0009200F079FD421CDDE9002300F04F81801A00EB0A081968BA6048F00100514452
S3250003E6C0BD425060196000F02981B9F10F0F40F227816868A9F10C0C2CF0070C00F001002B
S3250003E6E040EA0C0068604FF0050E05EB0C00BCF10F0FC0E901EE00F2328150681546124B4D
S3250003E7001A688A4238BF1960104B1A688A4238BF196094E0AA1943F0010346F001066E60A0
S3250003E7202046BA60536000F043F90835284603B0BDE8F08FD9681A44A1E600BF6C0FFF1F71
S3250003E740608C0020308C0020588C00205C8C0020740FFF1F7413FF1FB2F5206F4FEA522392
S3250003E76063D3142B00F2B78003F15C01C9005B3307EB010E7958AEF1080E8E4500F09180EF
S3250003E7804B6823F00303934202D989688E45F7D1D1F80CE07A68C5E9021ECEF80850CD60B8
S3250003E7A0D6E6142B59D9542B00F29D80330B03F16F0003F16E0CC3008AE60EF1010E1EF037
S3250003E7C0030F05F108057FF4D5AE51E0424445465368D8F80C1043F00103536055F8083FBE
S3250003E7E02046D9608B6000F0E3F8F3E6F00806F1080237E62A442046536843F00103536053
S3250003E800083500F0D5F8E5E6A919204646F0010643F001046E60C7E90411C1E902CC4C60D6
S3250003E820AB5000F0C5F80835D4E6930903F13901C90038339CE7BD425FD0BD68686820F07C
S3250003E84003084645A8EB060302D80F2B3FF762AF204600F0ADF80025BCE603F15C0003F11C
S3250003E8605B0CC30034E659F808394B4540F0968010F0030F00F1FF30F5D17B6823EA0103F7
S3250003E8807B60490099423FF6C0AE19B9BDE649000EF1040E1942FAD0704667E603F11008CA
S3250003E8A0D0E69A104FF001087B6808FA02F21A437A6070E702EB08014942C1F30B0A51465F
S3250003E8C02046009200F068FC431CDDE900237FF4EFAEDA46EFE6542B25D8130B03F16F0198
S3250003E8E0C9006E3344E7B3F5AA7F25D8F30B03F1780003F1770CC300EAE5294B18684044C1
S3250003E9001860B1E6CAF30B0CBCF1000F7FF4ACAEBD68C84448F001006860F0E61546EEE64B
S3250003E9200123536094E7B3F5AA7F23D8D30B03F17801C90077331BE740F25452934223D848
S3250003E940B30C03F17D0003F17C0CC300C0E5ABF1080BD844A8EB02084FF0000AABE605F162
S3250003E960080120460093FFF75BFCBD68009B68681968C4E640F254518B420BD8930C03F16A
S3250003E9807D01C9007C33F3E64FF47E737F204FF07E0C9DE54FF47E717E23E9E67B6870E7A5
S3250003E9A0308C00200148FFF749BD00BF248C00200148FFF745BD00BF248C0020C36C70B57A
S3250003E9C005460C464BB153F8240080B1026843F824200023C0E9033370BD2122042100F085
S3250003E9E035FD0346E8640028EDD1002070BD012101FA04F6721D9200284600F027FD002832
S3250003EA00F3D0C0E90146E4E731B1C36C4A6853F82200086043F82210704700BFF0B50C69DA
S3250003EA20064683B00D4601F1140E0020DEF800101FFA81FC02FB0C334FEA134C090C02FB65
S3250003EA4001CC01309BB203EB0C4384424EF8043B4FEA1C43EADC3BB1AA68A24207DD05EBC6
S3250003EA608402013453612C61284603B0F0BD6968019301313046FFF7A1FF019B0746B8B1CE
S3250003EA802A690193023205F10C0192000C30F0F7A1FBF26C6968019B52F82100286042F8C6
S3250003EAA021503D4605EB8402013453612C61DBE7024B03483A46B52100F0A8FC287104008C
S3250003EAC0BC710400030C1B04D3B90004102310F07F4F04BF0002083310F0704F04BF0001BA
S3250003EAE0043310F0404F04BF80000233002805DB10F0804F03F1010308BF202318467047E1
S3250003EB000023E4E7036813F00702014607D0DA071FD4980721D55B080B600120704798B210
S3250003EB20A0B11046DAB20AB908301B0A1A0704BF1B0904309A0704BF9B080230DA0703D44C
S3250003EB405B0800F1010006D00B6070471B0C1020E8E700207047202070479B080B6002203B
S3250003EB60704700BF38B5C36C04460D464BB15868B0B102685A6000220123C0E90435C260D2
S3250003EB8038BD2122042100F061FC0346E0640028EDD1094B094800224FF4A07100F036FC12
S3250003EBA01C220121204600F051FC0028F1D001220223C0E90123DEE728710400BC710400B8
S3250003EBC02DE9F04F0E691569AE4285B08846144605DB2A46234635460C4616469846A368CA
S3250003EBE06168AF19BB42B8BF0131FFF7E7FE0190002800F08780019B03F1140909EB870A18
S3250003EC00D14505D24B46002243F8042B9A45FBD808F1140808EB860B04F11403D8451A460D
S3250003EC2003EB85055FD22B1B153B23F0030304331534A54238BF0423CDE902A7AC461F4638
S3250003EC40924605E0000C29D1C34509F1040948D958F8040B85B2002DF4D056464C460023E0
S3250003EC6056F8040B216882B21FFA81FE05FB02EE000C0A0C734405FB002202EB13429BB25F
S3250003EC8043EA0243B44544F8043B4FEA1243E7D849F8073058F8040C000CD5D0D9F80030AE
S3250003ECA0544619464D4600222688090C00FB06110A449BB243EA024345F8043B54F8046B84
S3250003ECC02968360C8BB200FB063303EB1243A4454FEA1342E8D8C34549F8073009F10409E6
S3250003ECE0B6D8DDE902A7002F02DC05E0013F03D05AF8043D002BF9D0019B18461F6105B053
S3250003ED00BDE8F08F034B0448019A40F25D1100F07DFB00BF28710400BC71040012F00303F4
S3250003ED202DE9F0411446064632D10D46A41020D0D6F84880B8F1000F33D0E3074FF0000762
S3250003ED4007D4641015D0D8F80000A8B18046E307F7D5424629463046FFF732FFB5B1696806
S3250003ED60F36C641053F821202A6043F821500546E9D12846BDE8F081424641463046FFF7F1
S3250003ED801FFFC8F8000007608046E0E70546D8E7013B0F4A52F823200023FFF73FFE0546CB
S3250003EDA0C4E701213046FFF709FE804640B1012340F27122C0E904320023B0640360BCE74E
S3250003EDC0044B054842464FF4A07100F01FFB00BF3073040028710400BC7104002DE9F04727
S3250003EDE00C4690462669A368496806EB6216751C9D4207464FEA621904DD5B009D4201F1B0
S3250003EE000101FADC3846FFF7D9FD8446002851D0B9F1000F00F114000EDD09F105024FEAD1
S3250003EE20820E03460CEB8202002143F8041B9342FBD1AEF114031844216904F1140318F0A9
S3250003EE401F0803EB81012DD0C8F1200986464FF0000A1A6802FA08F242EA0A024EF8042BF9
S3250003EE6053F8042B994222FA09FAF2D80B1B153B23F00303043304F11502914238BF042388
S3250003EE80BAF1000F18BF2E4640F803A0FB6C6268CCF8106053F822102160604643F82240E3
S3250003EEA0BDE8F087043853F8042B40F8042F9942F9D8EBE7034B0448624640F2D91100F040
S3250003EEC0A5FA00BF28710400BC7104000B6984460069C01A16D10CF1140C14310CEB8302B7
S3250003EEE010B401EB830301E0944508D252F8044D53F8041D8C42F7D005D24FF0FF305DF809
S3250003EF00044B7047704701205DF8044B704700BF2DE9F84F0F691369FF1A002F0E4690462D
S3250003EF207AD101F11405143202EB830205EB830301E09D4273D253F8041D52F8044DA14255
S3250003EF40F7D064D37168FFF739FD8146002872D03569D8F81020C76008F1140E06F1140089
S3250003EF6009F1140A06F1100C0EEB820200EB8507564600215EF8044B5CF804BFA3B211FA90
S3250003EF808BF1CB1A210CC1EB1B4101EB23419BB243EA0143724546F8043B4FEA2141E9D834
S3250003EFA0A2EB0804153C08F11508424524F0030606F1040638BF0426304424F0030238BFFE
S3250003EFC0002287425244B24416D95646044654F8043B11FA83F10A1402EB134289B241EA0C
S3250003EFE00243A74246F8043B4FEA2241EFD87A1E101A20F00302524423B952F8043D013DE8
S3250003F000002BFAD0C9F810504846BDE8F88F334601274646984695E7F9DB002792E70021FB
S3250003F020FFF7CCFC814668B101220023C9E904234846BDE8F88F074B07484A464FF410715B
S3250003F04000F0E4F9034B04484A4640F2322100F0DDF900BF28710400BC7104002DE9F0438F
S3250003F060884683B0012157EC106B1546FFF7A6FC044600284FD0C7F30A59C7F31303B9F18B
S3250003F080000F01D043F48013002E019324D068460096FFF737FD002839D0DDE90013C0F1DE
S3250003F0A0200203FA02F20A43C34062610193002B14BF02220122A3612261B9F1000F16D022
S3250003F0C0A9F233430344C0F13500C8F800302860204603B0BDE8F08301A8FFF713FD019BF5
S3250003F0E06361012220302261B9F1000FE8D104EB8203A0F23240C8F800001869FFF7E2FC4E
S3250003F100C0EB42102860204603B0BDE8F083009B6361019BCBE7034B0348224640F20A3115
S3250003F12000F074F928710400BC71040053EC102B70B5164E23F000410025B142044605607D
S3250003F14021DC10EE106A0E431DD0114E1E40184666B91946002210EE100A0E4BD9F7F0FD0A
S3250003F1606FF035050246084621F0004120F0FF40091520F4E000A1F2FE3140F07F53294473
S3250003F18043F40013216043EC102B70BDFFFFEF7F0000F07F0000504338B5074D00220446E9
S3250003F1A008462A6002F034FA431C00D038BD2B68002BFBD0236038BD648C002011F0FF0118
S3250003F1C0034644D0820732D110B5046841EA012E4EEA0E4E8EEA0402A2F1013323EA0203C7
S3250003F1E0A4F1013222EA0402134313F0803F0FD150F8044F84EA0E0CA4F10133ACF1013278
S3250003F20023EA040322EA0C02134313F0803FEFD0037823B936E010F8013F002B32D0994223
S3250003F220F9D110BD8A4211D09A071846CCD0184613F8012B002AF5D1104670479907184656
S3250003F24007D0184601330278002AF7D170478207F7D10268A2F1013323EA020313F0803FC3
S3250003F26008D150F8042FA2F1013323EA020313F0803FF6D00378002BE8D010F8013F002BFF
S3250003F280FBD17047184610BD2DE9F04F936883B09146002B6ED017688D6880460C460868F8
S3250003F2A0083744E0A38913F4906F2ED0D4E90415A0EB010A05EB450505EBD5750AEB0600D7
S3250003F2C06D100130A8422A4684BF05462A465B0537D511464046FFF7B5F800283BD0524668
S3250003F2E021690190EFF776FFA289019B22F4906242F08002A281A5EB0A0203EB0A0065618F
S3250003F300A260236120603546B2465946524600F00FF9A068D9F808102368451B8E1B03EBC9
S3250003F3200A00A5602060C9F808601EB3083757E902B6002EFAD0B542AA46B3D93546B24626
S3250003F340E3E7404600F070F903460028D3D121694046FEF765FF0C23C8F80030A389002210
S3250003F36043F040034FF0FF30A381C9E9012203B0BDE8F08F0020C9F8040003B0BDE8F08F14
S3250003F3802DE9F047DFF880A00646DAF8000098460F469146FFF752F81A4B1B68D3F848417C
S3250003F3A024B365681F2D26DC5EB96B1C0235DAF80000636044F82570FFF742F80020BDE822
S3250003F3C0F08704EB85010123C1F88890D4F88821AB401A43022EC4F88821C1F80881E4D1FA
S3250003F3E0D4F88C211343C4F88C31DEE703F5A674C3F84841D5E7DAF80000FFF721F84FF0C5
S3250003F400FF30DCE7B4700400680FFF1F00B50B4C25681446EE681A4685B003460D464CB1BD
S3250003F42007490095CDE901143046064900F050F801F0D8FA04490C46F3E700BF380BFF1FBA
S3250003F4403C7304004C7304004873040038B5A1FB02148CBBFEF7F6FF0546E0B150F8042C4A
S3250003F46022F00302043A242A17D8132A1AD91B2AC0E900441DD9242A14BF00F1100200F184
S3250003F48018024FF00003C0E9024404BF04614461C2E900339360284638BD2146EFF7A6FE26
S3250003F4A0284638BD02460023C2E900339360284638BD00F10802F6E700F004F80C23002529
S3250003F4C00360E8E7014B1868704700BF380BFF1F0EB410B583B005AB064C53F8042B019384
S3250003F4E00146206800F0C8FA03B0BDE8104003B0704700BF380BFF1F014B93F82801704799
S3250003F5007C13FF1F82B049B15AB16BB113780B601278101E18BF012002B0704701A9002AFF
S3250003F520F3D1104602B070476FF00100F4E700BF88420DD98B1883420AD900EB020CBAB1E6
S3250003F540624613F801CD02F801CD9942F9D170470F2A0ED8034602F1FF3C4AB10CF1010C62
S3250003F560013B8C4411F8012B03F8012F6145F9D1704740EA01039B0750D1A2F1100370B533
S3250003F58001F1200C23F00F0501F1100E00F11004AC441B095EF8105C44F8105C5EF80C5CCC
S3250003F5A044F80C5C5EF8085C44F8085C5EF8045C44F8045C0EF1100EE64504F11004E9D1E7
S3250003F5C0013312F00C0F01EB031102F00F0400EB031327D0043C24F003064FEA940C1E443C
S3250003F5E01C1F8E465EF8045B44F8045FB442F9D10CF1010402F0030203EB840301EB840100
S3250003F60002F1FF3C4AB10CF1010C013B8C4411F8012B03F8012F6145F9D170BD02F1FF3C77
S3250003F62003469BE72246EBE72DE9F84F1746002900F0988007F10B0580460C46FFF7B2F910
S3250003F640162D5DD810252A46AF425ED854F8041C21F003069642A4F1080962DABC4BD3F84B
S3250003F66008C009EB0600844500F09780D0F804C02CF0010303445B68DB0768D42CF0030CF0
S3250003F68006EB0C03934247DACB0710D454F8083CA9EB030ADAF8043023F003018C44B4449F
S3250003F6A0944580F211817318934280F2E88039464046FEF7C7FE0746E0B154F8043C23F0EE
S3250003F6C001034B44A0F10802934200F0D280321F242A00F2F580132A00F2AC8003462246CA
S3250003F6E0116819605168596092689A6021464046FEF796FD4046FFF75BF93846BDE8F88FBA
S3250003F70025F00705002D2A469EDA0C23C8F8003000273846BDE8F88F1E46D0E90223D36045
S3250003F7209A60731B0F2B22D8D9F8043003F0010333434E44C9F80430736843F00103736026
S3250003F74040462746FFF734F93846BDE8F88FC907ADD454F8083CA9EB030ADAF8041021F067
S3250003F7600301A0E7BDE8F84F1146FEF76BBED9F8041001F001012943C9F8041009EB050181
S3250003F7804E4443F001034B60736843F00103083173604046FEF744FDD2E7DCF8040020F071
S3250003F7A0030B06EB0B0C05F1100084454DDAC9073FF57DAF54F8081CA9EB010ADAF804100F
S3250003F7C021F003018B44B34458453FF76CAF5746DAF80C1057F8080F321F242AC1608860BE
S3250003F7E000F2DB80132A40F2D6802168CAF808106168CAF80C101B2A00F2DF8008340AF117
S3250003F80010022168116061685160A16891600AEB0501ABEB050242F0010299604A60DAF81D
S3250003F820043003F001031D434046CAF80450FFF7BFF86EE723680360636843601B2A68D8B5
S3250003F84004F1080200F108034AE709EB05029A60ACEB050343F00103536054F8043C03F076
S3250003F86001031D43404644F8045CFFF7A1F827464FE750F8043C23F003031E4451E75746EF
S3250003F880DAF80C1057F8080F321F242AC16088604CD8132A48D92168CAF808106168CAF8F3
S3250003F8A00C101B2A56D808340AF110021E462368136063685360A3689360D1463C4630E7D9
S3250003F8C02146FFF735FE11E7D0E902135746CB60996057F8081FDAF80C30CB60321F242ABA
S3250003F8E099602DD8132A29D92368CAF808306368CAF80C301B2A42D808340AF11003226841
S3250003F9001A6062685A60A2689A606646D1463C4607E7A3688360E368C360242A26D004F114
S3250003F920100200F11003DBE63A46BFE7214638461E46D146FFF7FCFD3C46F2E63B46DEE7D2
S3250003F940214638466646D146FFF7F2FD3C46E8E66C0FFF1FA168CAF81010E168CAF814100E
S3250003F960242A20D010340AF118029FE7236903616169416104F1180200F11803B0E6A36849
S3250003F980CAF81030E368CAF81430242A21D010340AF11803B3E73A4633E721463846FFF763
S3250003F9A0C7FD164B33E72269CAF818206269CAF81C2018340AF1200278E7A168CAF81010FE
S3250003F9C0E168CAF81410242A0DD010340AF1180217E72369CAF818306369CAF81C301834B1
S3250003F9E00AF120038BE72269CAF818206269CAF81C2018340AF1200203E700BF6C0FFF1F75
S3250003FA002DE9F84F4B6E9C0490462DD59368126843B38B46064602F1080959E9025A5FEADC
S3250003FA209A0715D0043D002401E0A7420ED055F8041F5A46304601F08FF9431C04F10104D2
S3250003FA40F3D10023C8E90133BDE8F88FD8F808302AF0030AA3EB0A03C8F8083009F10809D8
S3250003FA60002BDAD10020ECE701F0AAF90023C8E90133BDE8F88F00BF2DE9F04F2DED028B31
S3250003FA80BBB008EE101A08EE900A1C461746039318B1836B002B00F09C8218EE102A536EFC
S3250003FAA0DE0740F19E81B2F90C108AB2900409D441F4005218EE101A4B6E8A8123F40053AF
S3250003FAC092B24B66110740F1F88018EE103A1B69002B00F0F28002F01A030A2B00F0FE8054
S3250003FAE011AB0E930023CDE90F33CDE9083306930DF14409079302933B78002B00F05B81D7
S3250003FB003C4604E014F8013F002B00F03481252BF8D1E51B40F031812378002B00F04B81DD
S3250003FB204FF0000300258DF83330671C637801954FF0FF3B2B240137A3F120025A2A00F24D
S3250003FB406181DFE812F0AB025F015F01A7025F015F015F016A005F015F0149027E025F0166
S3250003FB605402B9025F01B5025B005B005B005B005B005B005B005B005B005F015F015F0101
S3250003FB805F015F015F015F015F015F01360284005F015F015F015F015F015F015F015F0160
S3250003FBA05F015F01E5005F015F015F011A025F016C025F015F014C055F015F015F015F01FC
S3250003FBC05F015F015F015F015F015F01360286005F015F015F016202860080005F015802DA
S3250003FBE05F019402E700820280005F011A027E006C055F015F016E055F017E00A3F13002D9
S3250003FC00002117F8013B01EB810102EB4101A3F13002092AF5D901918EE718EE900AFEF76F
S3250003FC2005FC436808931846D8F7CAFF0990064618EE900AFEF7FAFB83680793002E40F02C
S3250003FC40A9843B7877E73B7845F0200573E745F01005AC06039E40F18281073626F00706C5
S3250003FC603246736852F8086B03929846002BC0F25984BBF1FF3F00F03E8556EA080325F041
S3250003FC80800A00F034840A2E78F1000380F0EB84303601238DF8E760554600930DF1E70439
S3250003FCA0009A9DF833305A45B8BF5A469046002B00F0B78002F10108B3E018EE101A18EE06
S3250003FCC0900A18EE105A00F023FE002840F0AC85AA8902F01A030A2B7FF402AF18EE101AAC
S3250003FCE0B1F90E30002BFFF6FBAE4B6EDE0702D4950540F1778518EE101A18EE900A2346D6
S3250003FD003A463BB0BDEC028BBDE8F04F00F0B2BD45F0100515F0200800F01281039E07361E
S3250003FD2026F007063346D6F8048053F8086B039325F4806A00234FF000028DF83320BBF18D
S3250003FD40FF3F00F0D38156EA08022AF0800540F0CC81BBF1000F40F0D184002B40F0CC83C8
S3250003FD601AF00103009300F0FC8330238DF8E7300DF1E70494E7E51B1DD00F9B109A0133A2
S3250003FD802A44072BC9E9007510920F9305DC09F10809029B2B440293BEE6002A00F0A383DE
S3250003FDA018EE101A18EE900A0EAAFFF729FE40B90DF14409EDE7109B002B40F024850023AB
S3250003FDC00F9318EE102A536ED90740F1AE8093895B0600F1328502983BB0BDEC028BBDE8B3
S3250003FDE0F08FB2F90C108D0518EE103A8AB23FF55DAE18EE105A986DFEF720FBB5F90C1008
S3250003FE008AB253E6002BD6D08DF884304FF001084FF000038DF83330CDF8008021AC4FF097
S3250003FE20000B15F00203049318BF08F1020815F08403059305D1019BA3EB0806002E00F3E0
S3250003FE407F82DDE90F21501C9DF833608EB10DF133020131C9F8002007284FF00102CDE962
S3250003FE600F01C9F8042000F34C82024609F108090130049BEBB10DAB0231C9F800300728F9
S3250003FE804FF00203CDE90F01C9F8043040F35382002900F0238318EE101A18EE900A0EAA0B
S3250003FEA0FFF7AEFD00288CD1DDE90F210DF14409501C059B802B00F05A81009BABEB030616
S3250003FEC0002E00F3BD81009BC9F8004019440728CDE90F01C9F8043040F34681002900F0C4
S3250003FEE0898218EE101A18EE900A0EAAFFF788FD00287FF466AF10990DF14409680705D5FE
S3250003FF00019BA3EB0804002C00F37E82DDE901234245ACBF9B1843440293002940F0E0811E
S3250003FF2000230F930DF14409E6E593899A053FF54FAF18EE104AA06DFEF782FAA38947E7B8
S3250003FF4015F0100340F03E8315F0400200F0FD83039A52F8046B03929846B6B2E8E656F88B
S3250003FF60043B0396E80600F10883690640F1028343F3C0381EB2434678E6039E56F8044BEE
S3250003FF804FF000038DF83330002C00F0C583BBF1FF3F00F049835A4600212046D8F780FEB0
S3250003FFA0002800F02484031B009303964FF0000B76E6039E4FF000038DF833304FF0010875
S3250003FFC056F8043B8DF884300396CDF8008021AC25E700F0DBFD60E5039B53F8042B0192E3
S3250003FFE0002A80F2BA82019A0393524201923B7845F004059FE53B786C2B03BF7B7845F01F
S325000400002005013745F0100595E53B78682B03BF7B7845F40075013745F040058BE545F0B5
S32500040020100A1AF0200800F06E82039E073626F007063346D6F8048053F8086B0393012346
S3250004004079E63B788DF8334075E5039B53F8046B039330238DF8343078238DF83530C24B76
S32500040060069345F0020A4FF00008022363E6AE0600F19E82EC0600F14783680600F1A483EF
S32500040080A90540F14183039E029A56F8043B03961A7031E53B7845F001054CE59DF8333099
S325000400A0002B7FF4CEAD20238DF833303B7842E53B7845F080053EE5394611F8013B2A2B6F
S325000400C000F0C483A3F13002092A0F464FF0000B3FF632AD17F8013B0BEB8B0B02EB4B0B19
S325000400E0A3F13002092AF5D926E5AA46012B3FF4CAAD022B3AAC12D1069A06F00F03360981
S32500040100D35C04F8013D46EA08764FEA181856EA0803F2D13AAB1B1B55460093C0E506F063
S325000401200703F60846EA48764FEAD808303356EA0801224604F8013DF1D11AF0010FE9D0C3
S32500040140302BE7D03023023A04F8013C3AAB9B1A554600931446A3E500991194012312910C
S3250004016010910F930DF1440909F10809C6E6019BA3EB0806002E7FF7A0AE102E40F36283B0
S32500040180DFF8E8A15346CDE90445BA4618EE904A18EE105A084696461F4607E00EF1020C8A
S325000401A009F108099646103E102E1FDD0EF1010210301023072ACDE90F20C9F80070C9F849
S325000401C00430EBDD0EAA002800F09580294620460DF14409FFF714FC00287FF4F2ADDDE90E
S325000401E00FE0103E102E0EF1010CDFDCDDE904453B46014657469A463144BCF1070FCDE971
S325000402000FC1C9F800A0C9F8046040F3AD81002900F0CA8218EE101A18EE900A0EAAFFF73A
S32500040220EFFB00287FF4CDAD009BDDE90F21ABEB0306002E02F101000DF144097FF743AEB1
S32500040240102EDFF828A137DD5346CDE90445BA4618EE904A18EE105A4FF0100B0846944638
S325000402601F4607E00CF1020E09F108099446103E102E1ADD0CF101021030072AC9E9007B15
S32500040280CDE90F20EEDD0EAA20B3294620460DF14409FFF7B5FB00287FF493ADDDE90FC0E3
S325000402A0103E102E0CF1010EE4DCDDE904453B460146574670469A4631440728CDE90F0168
S325000402C0C9F800A0C9F8046000F3F28009F108090130F8E54FF0010E84460DF14409C6E700
S325000402E018EE101A18EE900A0EAAFFF789FB00283FF416AE65E54FF0010C86460DF1440926
S3250004030051E7002900F0E78018EE101A18EE900A0EAAFFF775FB00287FF453ADDDE90F219C
S325000403200DF14409501CA4E502210DAB1291119301200DF14409024609F10809501CB8E589
S32500040340102E40F35A82DDE90FC1DFF824A0CDF828B00B95A34618EE105A5446102318EEAC
S3250004036090AA08460EE000BFC870040098730400887304000CF1020E09F108099446103EB4
S32500040380102E1CDD0CF101021030072AC9E90043CDE90F20EEDD0EAA30B3294650460DF168
S325000403A04409FFF72DFB00287FF40BADDDE90FC0103E102E0CF1010E4FF01003E2DCA24650
S325000403C00B9D5C46DDF828B0014672463144072ACDE90F21C9F800A0C9F8046000F3AB80ED
S325000403E009F10809501C2FE584464FF0010E0DF14409C4E76C070F9152D5019BA3EB0804EA
S32500040400002C4DDD0DF14409102C40F30882DFF85CA40F9A0B46BB464946574618EE109A8A
S3250004042018EE90AA102505E0901C08313246103C102C18DD561C1033072EC1E90075CDE9BF
S325000404400F63F1DD0EAA3BB349465046FFF7D8FA00287FF4B6ACDDE90F23103C102C02F14F
S32500040460010011A9E6DC8946BA4619465F4621440728C9E900A4CDE90F017FF747AD79B1DE
S3250004048018EE101A18EE900A0EAAFFF7B9FA00287FF497AC109939E501201A4611A9C6E794
S325000404A0DDE901234245ACBF9B184344029337E500293FF451AE18EE101A18EE900A0EAA88
S325000404C0FFF79EFA00287FF47CAC0F98109901300DF14409F7E4049B002B79D101200A4695
S325000404E00DF14409E5E40F920DF1440951E4BBF1000F7FF4CDAB55464FF0000BCDF800B0BD
S325000405003AACFFF7CDBB1AF010033CD11AF0400200F00C81039A52F8046B03929846B6B249
S32500040520012308E42D2376428DF8333068EB4808AA46012303E400297FD018EE101A18EE65
S32500040540900A0EAAFFF75CFA00287FF43AACDDE90F210DF14409501C76E403933B78FFF72C
S32500040560EABA3AACFFF79CBB09F108090CF101006246A2E4AA0500F12F814FEAE3781E461B
S325000405804346FFF773BB039B53F8046B03930123FFF7D1BB079B002B3FF453AB079B1B78DD
S325000405A0002B3FF44EAB3B7845F48065FFF7C3BADDE9021656F8042B0396CB17C2E9001302
S325000405C0FFF79ABA039B53F8046B0393FFF7B0BB02210DAB129111930DF14409ACE6A04A8F
S325000405E0069215F0200836D0039E073626F007063246D6F8048052F8086B0392EA0709D53A
S3250004060056EA080206D08DF83530302345F002058DF8343025F4806A0223FFF78CBBAA46F9
S32500040620FFE4904A0692DCE720460396D8F7C8FA4FF0000B0090FFF733BB9DF83320002A38
S3250004064000F0B88001200DF13302129011920DF14409014609E415F0100242D0039A52F840
S32500040660046B0392CAE70AF48063CDF800B0CDF81090BB46DDF81C9000253AAC1F4609E025
S3250004068030464146D8F716F90A2E78F100031BD306468846304641460A220023D8F70AF9AB
S325000406A01146303104F8011C0A220023013C0135002FE5D099F80010A942E1D1FF2DDFD0A0
S325000406C00A2E78F100035BD23AAB1B1BCDF81C905F46DDF81090DDF800B000935546FFF7F0
S325000406E0DFBA15F040013ED0039951F8046B03919046B6B282E7AA46FFF7C5BA012BAA46F3
S325000407007FF4F7ACFFF7C4BA039E029A56F8043B1A600396FFF7F0B95B46062B28BF0623E7
S32500040720514C009303969846FFF779BB039B1AF4007814BF53F8046B53F8046B03931CBF02
S325000407409046F6B20123FFF7F6BA039B15F4007814BF53F8046B53F8046B03931CBF90469A
S32500040760F6B2FFF7E5BA039A15F4007814BF52F8046B52F8046B03921CBF8846F6B23DE7C5
S32500040780099B0899E41A1A462046FAF7D9FE99F801300BB109F10109304641460A220023B0
S325000407A00025D8F787F873E701200A460DF14409FFF783BB049B002B7FF4B6AD0A46012061
S325000407C00DF14409FFF779BB039E029A56F8043B03961A80FFF790B943F3C0185EB24346B7
S325000407E0FFF744BA886DFDF72BFEFFF784BACDF800B003968346FFF753BA0F9A1099DFF8B2
S325000408006CA00132E2E518EE101A18EE900A0EAAFFF7F6F800283FF4D2AAFFF7D2BA0F985C
S32500040820DFF848A0013022E66B6EDB0705D4AB899F0502D4A86DFDF703FE4FF0FF33029364
S32500040840FFF7C9BADFF828A08446D5E4039A7B780F4652F8041B039241EAE17BFFF76BB96F
S32500040860DC700400C8700400F0700400887304009873040070B50C468989ADF58E6D21F039
S325000408800201ADF81410616E1B91E189ADF81610E1690991616A0B911CA9029106914FF455
S325000408A0806106460491079118A80021CDE900320891FDF7BFFDDDE9003202A93046FFF7B3
S325000408C0DBF8051E07DB02A9304600F02BF9002818BF4FF0FF35BDF814305B0603D5A38931
S325000408E043F04003A3811898FDF7A6FD28460DF58E6D70BD49B1FF2A02D80A700120704726
S325000409008A2303604FF0FF3070470846704700BF38B5334B1B6805460C460BB19A6B12B3C3
S32500040920B4F90C3018079AB225D5216900292DD012F0010007D00020A06060694042A06169
S3250004094039B1002038BD950758BF6069A0600029F7D1120658BF0846F4D543F04003A38141
S325000409604FF0FF3038BD184600F010F9B4F90C3018079AB2D9D4D1062AD5520714D4216911
S3250004098043F00803A3819AB20029D1D102F42070B0F5007FCCD02146284600F0ADFBB4F974
S325000409A00C3021699AB2C3E7216B51B104F14002914204D02846FDF733FCB4F90C30002269
S325000409C0226321690022C4E9001223F02403D7E7092243F040032A604FF0FF30A38138BD73
S325000409E0380BFF1F08B5062000F0F6FB012000F025FE00BFB1F90C202DE9F0410C4611074E
S32500040A00804647D4636842F40062002BA2815EDDA56A002D58D00023D8F80060C8F8003058
S32500040A2093B212F4805256D10123E1694046A847431C67D0A389A56A5F0705D56368C01ACF
S32500040A40236B0BB1E36BC01AE169024600234046A847411C41D1D8F80030002B3DD01D2B01
S32500040A6001D0162B56D1A3892269226023F4006300216160A381216BC8F8006021B304F105
S32500040A804003994202D04046FDF7CAFB00202063BDE8F0812669BEB193B2256826609A076D
S32500040AA00CBF63690023AD1BA3600BE02B463246E169676A4046B847B0F1000CA5EB0C05E5
S32500040AC0664417DD002DF1DC0020BDE8F081E36B002B9DDCF8E7206DAEE7B4F90C302269D7
S32500040AE0226023F40063A3810022DB046260C2D52065C0E7A38943F040034FF0FF30A38112
S32500040B00BDE8F081D8F80030002B93D01D2B06D0162B04D0A38943F04003A381D5E7C8F8B2
S32500040B200060D1E738B50C46054608B1836BA3B1B4F90C00B8B1636EDB0701D4810515D5F4
S32500040B4028462146FFF756FF636EDA07054602D4A3899B050ED5284638BD00F017F8B4F9DA
S32500040B600C000028E7D10546284638BDA06DFDF765FCE5E7A06DFDF763FC284638BD00BF21
S32500040B80014900F095BA00BF2D1404002DE9F04782463948FDF752FCDAF83840002C66D139
S32500040BA0DAF80450354ACAF83C200323CAE9B843DFF8DC90DFF8DC80314F324E04230AF5F8
S32500040BC03B72CAF8E8222146C5E90243C5E90044C5E904446C660822AC6105F15C00EEF710
S32500040BE005FBC5E90759C5E90987EE6205F15800FDF720FCDAF80850234BEB602146C5E9F9
S32500040C000044C5E904446C66AC60AC61082205F15C00EEF7EBFAC5E90759C5E90987EE62C3
S32500040C2005F15800FDF706FCDAF80C50174BEB602146C5E90044C5E904446C66AC60AC6151
S32500040C40082205F15C00EEF7D1FA05F15800C5E90759C5E90A76C5F82480FDF7EBFB012375
S32500040C60CAF838300448BDE8F047FDF7E9BBBDE8F0470148FDF7E4BB2C8C0020810B040060
S32500040C80C9120400E9120400090001001200020065120400891204000148FDF7CFBB00BFAE
S32500040CA0288C00200148FDF7CBBB00BF288C00202DE9F04782B0824688461446FEF71CFC84
S32500040CC0012803D108F1FF33FE2B36D9424604F15C0301A9504600F063FB421C064632D094
S32500040CE030B39DF804C00DF10509002509E023685A1C226083F800C00135B54218D219F8AE
S32500040D0001CBA368013B002BA360F0DAA769BB4261462246504602DBBCF10A0FE7D100F0C1
S32500040D20E7FA431CE8D10646304602B0BDE8F0874646304602B0BDE8F0875FFA88FC8DF8EE
S32500040D4004C00646CFE7A389304643F04003A38102B0BDE8F08700BF30B5536E13F0010F41
S32500040D60B2F90C30144683B005469AB201D198051CD5900406D4626E43F4005342F40052AE
S32500040D80A381626622462846FFF792FF636EDA07054602D4A3899B0502D5284603B030BD7C
S32500040DA0A06DFDF74DFB284603B030BDA06D0191FDF744FBB4F90C3001999AB2D9E700BFB2
S32500040DC09368002B00F085802DE9F04FB1F90C300C461907804683B0174698B225D523691B
S32500040DE01BB310F002033D682DD04FF0000ADFF8BCB25646B9465E453346524628BF5B460F
S32500040E004046002E52D0E169676AB847002856DDD9F808301B1A8244361AC9F80830002B05
S32500040E20E9D1002003B0BDE8F08F21464046FFF76FFD002840F03681B4F90C303D6898B2C1
S32500040E4010F00203D1D110F0010944D14E46009746B38205D4F808B040F18380B3455A46C7
S32500040E6000F2B28010F4906F40F0BF80206801924946FEF75DFBA368019AA3EB0B01236810
S32500040E80A1601344B24623600026009B9868A0EB0A00D14498600028C3D0B4F90C0080B26C
S32500040EA0002ED6D1D5E900960835D1E7D5E900A60835A0E721464046FFF734FE80B3B4F9ED
S32500040EC00C3043F040034FF0FF30A38103B0BDE8F08F002070471E46AA46994618461D4622
S32500040EE0009756B388B34A46D4E904132068B24228BF3246884205D9A16803EB010B5A4584
S32500040F0000F3A680934263DCE169676A2A464046B847B0F1000BD2DDB9EB0B09CAD00120BC
S32500040F20009A9368A3EB0B035D44A6EB0B069360002B3FF476AF002ED4D10AF1080353E9A8
S32500040F4002569A460833002EF9D032460A212846D7F7A6FE002800F09C800130A0EB05099C
S32500040F60C1E720682369984216D86369B34213D86FF00042B24228BF3246E16992FBF3F287
S32500040F80676A02FB03F340464A46B847B0F1000A95DDA6EB0A0678E7B345DA4628BFB2465A
S32500040FA052464946FEF7C4FAA3682268A3EB0A035244A3602260002BEBD121464046FFF738
S32500040FC0B1FD0028E5D07AE72068B34632464EE729460192FEF7ACFA019AA3689B1AA360F2
S32500040FE0236813442360934696E723682169A3EB010B636903EB430A0AEBDA7A0BF101032D
S325000410004FEA6A0A33445345524684BF9A46524643052CD511464046FDF714FA00283BD05C
S325000410205A4621690190EEF7D5F8A289019B22F4906242F08002A28103EB0B002361AAEB81
S325000410400B03C4F814A0A3602060B34632460EE729465A46FEF76CFA23685B4423602146A1
S325000410604046FFF75FFD00283FF456AF27E74046FEF7DAFA03460028DED121694046FDF7AD
S32500041080CFF8B4F90C300C2223F08003C8F8002017E7721C914627E70C22B4F90C30C8F8AA
S325000410A000200EE74FF0FF30BCE600BF00FCFF7F2DE9F8430746884600F538764FF0000971
S325000410C0D6E90154013D11D4A389012B05F1FF3508D9B4F90E300133214603D03846C0478E
S325000410E049EA00096B1C04F16804EDD13668002EE6D14846BDE8F8832DE9F0418B890C4626
S32500041100990796B008D504F143030122C4E90432236016B0BDE8F081B4F90E100029064622
S3250004112027DB6A4600F0E8F9002821DB019D05F47045A5F50055B5FA85F54FF480686D09F9
S325000411404FF4006741463046FDF77CF9B4F90C30F0B1204AF26343F08003C4F81480A38102
S325000411602060206135BB3B43A38116B0BDE8F081A38913F0800519D04FF0400841463046D5
S32500041180FDF760F90025B4F90C302F460028E0D19A05BED423F0030304F1430243F00203E0
S325000411A00121C4E90421A3812260B2E74FF480682F46C7E7B4F90E10304600F0B3F910B9FE
S325000411C0B4F90C30CFE7A38923F0030343F001031BB2C8E7810B040038B5154B1F281D68C5
S325000411E020D8D5F8DC22044662B152F820304BB1012B15D0591C0FD0002542F8205098471C
S32500041200284638BD284600F02BF8224601462846BDE8384000F00EB816232B60012038BD16
S32500041220002038BD16232B604FF0FF3038BD00BF380BFF1F70B50C46084D034600262046A7
S3250004124011461C462E6000F0CBF9431C00D070BD2B68002BFBD0236070BD00BF648C002025
S3250004126000F0AEB910B50C46B1F90E1000F082F9002803DB236D0344236510BDA38923F44E
S325000412808053A38110BD00BF2DE9F0410C46B1F90C101F46CB05054616460BD421F48051C1
S325000412A0A1813B46B4F90E1032462846BDE8F04100F094B8B4F90E100223002200F044F97F
S325000412C0B4F90C10EAE700BF10B50C46B1F90E1000F03AF9A389421C0EBF23F4805343F431
S325000412E080532065A38110BDB1F90E1000F08CB8F8B50D461446064610B1836B002B43D00C
S32500041300B4F90C20A369A360170790B21BD52369CBB1EDB281042F4622D522686169D31AB2
S32500041320994229DD0133A1680139A160511C2160157062699A422AD0A389DB0701D50A2D1B
S3250004134025D03846F8BD21463046FFF7E1FA20BBB4F90C20236990B2EDB281042F46DCD4E2
S3250004136042F40052A281626E616922F4005262662268D31A9942D5DC21463046FFF7D2FB4B
S3250004138058B922680123CEE7FFF700FCB8E721463046FFF7C7FB0028D3D04FF0FF37D0E7B2
S325000413A070B5054684B01C4639B10B4ED6F8E060B047431C09D004B070BD0A460649D1F854
S325000413C0E06001A9B047431CF5D100228A2322602B6004B070BD00BF7C13FF1F38B50C4695
S325000413E0084D8446114620461A4600232B60644600F01CF9431C00D038BD2B68002BFBD09D
S32500041400236038BD648C002038B5074D0022044608462A6000F0C4F8431C00D038BD2B6852
S32500041420002BFBD0236038BD648C002070B500294BD006460C4610B1836B002B48D0636E5A
S32500041440D80734D5B4F90C30002B3ED021463046FFF7D0FAE36A054633B1E16930469847C0
S325000414600028B8BF4FF0FF35A3891A063BD4216B41B104F14003994202D03046FCF7D0FE5B
S3250004148000232363616C21B13046FCF7C9FE00236364FFF701FC636E0022DB07A28127D5F9
S325000414A0A06DFCF7C9FFFFF7FDFB284670BDA3899905CBD4A06DFCF7C1FFB4F90C30002B94
S325000414C0C4D1656E15F0010508D00025284670BDFFF75CFB636ED807B4D4E8E7A06DFCF7A3
S325000414E0AFFF284670BD21693046FCF799FEBEE7A06DFCF7A5FFD3E770B50C46084D0346F7
S325000415000026204611461C462E6000F051F8431C00D070BD2B68002BFBD0236070BD00BF61
S32500041520648C002038B5074D0022044608462A6000F04EF8431C00D038BD2B68002BFBD029
S32500041540236038BD648C002038B50C46084D8446114620461A4600232B60644600F048F8F6
S32500041560431C00D038BD2B68002BFBD0236038BD648C002038B50C46084D84461146204611
S325000415801A4600232B60644600F03AF8431C00D038BD2B68002BFBD0236038BD648C002032
S325000415A0024B58221A604FF0FF307047648C0020024B58221A604FF0FF307047648C002035
S325000415C0024B58221A604FF0FF307047648C0020024B58221A600020704700BF648C0020A4
S325000415E0024B58221A604FF0FF307047648C0020024B58221A604FF0FF307047648C0020F5
S32500041600024B58221A604FF0FF307047648C0020044A05491368002B08BF0B461844106024
S3250004162018467047688C0020708C0020024B58221A604FF0FF307047648C0020FEE700BF41
S32500041640000303020603060404050202020202030603030302020000000101010100010037
S3250004166000000100000000000000000000000000504D5F535441525400000000504D5F4198
S3250004168057414B4500000000504D5F46554C4C4F4E000000504D5F505245504152455F538F
S325000416A04C45455000000000504D5F534C45455000000000504D5F4C4F474F002E2E2F418C
S325000416C070706C69636174696F6E2F7372632F4170702F504F5745525F4D414E41474552F0
S325000416E02F706F776572534D2E6300005057524D0000000053595354454D204953205245B5
S325000417005155455354454420544F204641535420534C45455000000046617374536C6565E3
S32500041720703A20505245534C4545502D544F2D534C454550000000004E6F726D616C536CD7
S325000417406565703A20505245534C4545502D544F2D534C4545500000505245534C454550B5
S325000417602D544F2D46554C4C4F4E000054696D656F75743A20536C65657020436F6E64694B
S3250004178074696F6E2046414C53452C20307825782C20307825782C20307825780000000047
S325000417A0534C4545502D544F2D46554C4C4F4E00504D5F496E7465726E616C2E506D5F5303
S325000417C0746174653A25732D3E257300701604007C1604008816040094160400A81604004A
S325000417E0B41604004D435520506F7765724D6F6465205265706F72743A204157414B45001B
S325000418004D435520506F7765724D6F6465205265706F72743A2046554C4C4F4E0000000061
S325000418204D435520506F7765724D6F6465205265706F72743A20504D5F5052455041524506
S325000418405F534C45455000004D435520506F7765724D6F6465205265706F72743A20535472
S32500041860414E4442590000004D435520506F7765724D6F6465204572726F723A202564004C
S3250004188049444C4500000000546D725100000000546D7220537663006DFA010091FA010029
S325000418A00DFB01002FFB010025FA010047FA01009315020055FB0100CD1302006BFC010043
S325000418C021140200DDFC010051FD01009DFD01000FFE01005BFE0100EB140200CFFE0100CC
S325000418E03F15020041FF010081160200B3FF0100C51602002500020009170200990002003A
S32500041900BF190200D7000200611A0200FD000200D11B020025010200131B02005D010200E8
S32500041920854B0200A301020063030200000000006B030200830302009B030200B30302006D
S32500041940CB03020000000000D50302001504020001360200650402000B4602008F0402002C
S32500041960654702002D05020075140200250602007D38020069060200D53602008F060200F7
S325000419802D350200B5060200A9370200DB0602005934020001070200593102002707020002
S325000419A0193202003F0702009930020057070200D93202006F07020099330200870702007A
S325000419C00D4902009F070200911C0200EF0702001122020007080200A11E02001F08020026
S325000419E00120020037080200C12202004F080200B120020067080200F11D02007F0802005E
S32500041A006121020097080200511F0200AF080200411D0200C7080200DF080200E308020065
S32500041A20E7080200EB080200312A0200EF0802003127020007090200712902001F0902002E
S32500041A407126020035090200F12402004D090200B128020065090200F12702007D09020047
S32500041A60712302009509020031240200AD090200B1250200C50902003D130200DD09020035
S32500041A809D130200F50902006D1302000D0A020051390200250A02004D3A02003D0A020060
S32500041AA06F430200970A0200BD440200F30A0200E93C02004F0B0200D3400200AB0B020073
S32500041AC09B3B0200070C0200853F0200630C020021420200BF0C0200373E02001B0D020005
S32500041AE08D170200770D0200F10D0200F50D0200471802000D0E020003190200850E02007B
S32500041B00FF0E020000000000070F0200000000000F0F020000000000F12A0200170F02002F
S32500041B202F2F0200EB0F02005B2C0200BF100200C52D020093110200671202006B12020051
S32500041B406F1202007312020077120200D31202000040024000F005400000000000500240B6
S32500041B6000F005400100000000F8074000FC074000E0064000F00640006CDC0200127A0071
S32500041B800024F40000000000000000000000000000000000004007400020004000300040CC
S32500041BA00040004000C0004000C00140009001400080014000B002400050004000F0054051
S32500041BC00000024000000000000008000000011000000100010000000000000000800340DB
S32500041BE000F0064000E0064000F005400003000000C0034000F0064000E0064000F00540B3
S32500041C00010200000000044000F0064000E0064000F00540020100000040044000F0064025
S32500041C2000E0064000F0054003010000006006400020074000F005400030074000F005404D
S32500041C4000700740005007400000034000100340002003400030034000D00040006002400E
S32500041C6000F005400070024000F005400000064000F00F400010064040F00F40002006407E
S32500041C8080F00F4000300640C0F00F400040064000F10F4000D0074000F807400030024078
S32500041CA00080054000F005400090054000F0054000A0054000F0054000B0054000F00540D2
S32500041CC000C0054000F0054000F0074000F0064000FC074000800740000000000000000049
S32500041CE00000000000000000000000000000000000000000000000000000000000000000DA
S32500041D000000000000000000000000000000000000000000000000000000000000C00240B7
S32500041D2000D0024000E0024000F0024000E0054000F0054000A0064000B0064000C00640F7
S32500041D4000D0064000A007402404FF1F040000000000000000000000000000000000000032
S32500041D60020001000000120000000000000000000200000000001200000000000000000030
S32500041D800200000000000200000000000000000000000000CC29002000000000000004001C
S32500041DA000000000000000000000000000000000010012000404FF1F0100000000000000DF
S32500041DC00000000000000000000012000C04FF1F01000000000000000000000000000000B8
S32500041DE0010002001404FF1F01000000000000000000000000000000000002001C04FF1F5F
S32500041E00010000000101010003000000020000000500000004000000070000000600000099
S32500041E2009000000080000000B0000000A0000000D0000000C0000000F0000000E0000003C
S32500041E401100000010000000130000001200000015000000140000000100000016000000F2
S32500041E60641E0400B4240400881F040028240400E8200400000000001C24040000000000AB
S32500041E808780D10000000000010100001315900000000000010100001115900000000000EE
S32500041EA0010100001301910000000000010100001101910000000000010100001302910024
S32500041EC00000000001010000110291000000000001010000130391000000000001010000A7
S32500041EE01103910000000000010100001304910000000000010100001104910000000000E1
S32500041F000101000013059100000000000101000011059100000000000101000013069100B7
S32500041F2000000000010100001106910000000000010100001307910000000000010100003E
S32500041F40110791000000000001010000130A91000000000001010000110A91000000000070
S32500041F6001010000130B91000000000001010000110B91000000000001010000FFFFFF00F8
S32500041F800000000000000000801E0400581E040000000100000000008C1E04000C1E04003E
S32500041FA00000010000000000981E0400081E04000000010000000000A41E0400141E040035
S32500041FC00000010000000000B01E0400101E04000000010000000000BC1E04001C1E0400D5
S32500041FE00000010000000000C81E0400181E04000000010000000000D41E0400241E040075
S325000420000000010000000000E01E0400201E04000000010000000000EC1E04002C1E040014
S325000420200000010000000000F81E0400281E04000000010000000000041F0400341E0400B3
S325000420400000010000000000101F0400301E040000000100000000001C1F04003C1E040052
S325000420600000010000000000281F0400381E04000000010000000000341F0400441E0400F2
S325000420800000010000000000401F0400401E040000000100000000004C1F04004C1E040092
S325000420A00000010000000000581F0400481E04000000010000000000641F0400541E040032
S325000420C00000010000000000701F0400501E040000000100000000007C1F04005C1E0400D2
S325000420E00000010000010000010001010102010301040105010601070108010A010B010C83
S32500042100010D01FFF82804003C04FF1F0029040000000000B0240400041E0400FC280400D2
S3250004212000017F0001010101F82804003C04FF1F0829040000000000B0240400041E04005C
S32500042140FC28040000017F0001010101F82804003C04FF1F1029040000000000B024040032
S32500042160041E0400FC28040000017F0001010101F82804003C04FF1F1829040000000000BC
S32500042180B0240400041E0400FC28040000017F0001010101F82804003C04FF1F20290400BC
S325000421A000000000B0240400041E0400FC28040000017F0001010101F82804003C04FF1FE9
S325000421C02829040000000000B0240400041E0400FC28040000017F0001010101F8280400D2
S325000421E03C04FF1F3029040000000000B0240400041E0400FC28040000017F000101010170
S32500042200F82804003C04FF1F3829040000000000B0240400041E0400FC28040000017F0027
S3250004222001010101F82804003C04FF1F4029040000000000B0240400041E0400FC2804007B
S3250004224000017F0001010101F82804003C04FF1F4829040000000000B0240400041E0400FB
S32500042260FC28040000017F0001010101F82804003C04FF1F5029040000000000B0240400D1
S32500042280041E0400FC28040000017F0001010101F82804003C04FF1F58290400000000005B
S325000422A0B0240400041E0400FC28040000017F0001010101F82804003C04FF1F602904005B
S325000422C000000000B0240400041E0400FC28040000017F0001010101F82804003C04FF1FC8
S325000422E06829040000000000B0240400041E0400FC28040000017F0001010101F828040071
S325000423003C04FF1F7029040000000000B0240400041E0400FC28040000017F00010101010E
S32500042320F82804003C04FF1F7829040000000000B0240400041E0400FC28040000017F00C6
S3250004234001010101F82804003C04FF1F8029040000000000B0240400041E0400FC2804001A
S3250004236000017F0001010101F82804003C04FF1F8829040000000000B0240400041E04009A
S32500042380FC28040000017F0001010101F82804003C04FF1F9029040000000000B024040070
S325000423A0041E0400FC28040000017F0001010101F82804003C04FF1F9829040000000000FA
S325000423C0B0240400041E0400FC28040000017F0001010101F82804003C04FF1FA0290400FA
S325000423E000000000B0240400041E0400FC28040000017F0001010101F82804003C04FF1FA7
S32500042400A829040000000000B0240400041E0400FC28040000017F00010101015405FF1FBC
S3250004242005000100010200005555550000000000AAAAAA000100000000DD000009A40200FF
S3250004244000040000000000000000000001DD00000BA40200000300000000000000000000DC
S3250004246002DD00000DA402000001000000000000000000000ADD00000FA402000001000022
S3250004248000000000000000000CDD000011A402000001000000000000000000000000000091
S325000424A00000000000000000000000000100000001000000010002024805FF1F0421040077
S325000424C06804FF1F1C240400FD28040000000000000000000000000000000000881F040050
S325000424E02424040000000000020002024805FF1F282104006804FF1F1C240400FD280400D1
S3250004250000000000000000000000000000000000981F0400242404000000000003000202A3
S325000425204805FF1F4C2104006804FF1F1C240400FD280400000000000000000000000000BE
S3250004254000000000A81F04002424040000000000040002024805FF1F702104006804FF1FC8
S325000425601C240400FD28040000000000000000000000000000000000B81F040024240400BD
S3250004258000000000050002024805FF1F942104006804FF1F1C240400FD280400000000000D
S325000425A0000000000000000000000000C81F04002424040000000000060002024805FF1F65
S325000425C0B82104006804FF1F1C240400FD280400000000000000000000000000000000001D
S325000425E0D81F04002424040000000000070002024805FF1FDC2104006804FF1F1C24040045
S32500042600FD28040000000000000000000000000000000000E81F0400242404000000000030
S32500042620080002024805FF1F002204006804FF1F1C240400FD2804000000000000000000FC
S325000426400000000000000000F81F04002424040000000000090002024805FF1F2422040047
S325000426606804FF1F1C240400FD28040000000000000000000000000000000000082004002D
S3250004268024240400000000000A0002024805FF1F482204006804FF1F1C240400FD28040006
S325000426A0000000000000000000000000000000001820040024240400000000000B00020279
S325000426C04805FF1F6C2204006804FF1F1C240400FD280400000000000000000000000000FC
S325000426E0000000002820040024240400000000000C0002024805FF1F902204006804FF1F7D
S325000427001C240400FD2804000000000000000000000000000000000038200400242404009A
S32500042720000000000D0002024805FF1FB42204006804FF1F1C240400FD2804000000000042
S325000427400000000000000000000000004820040024240400000000000E0002024805FF1F3A
S32500042760D82204006804FF1F1C240400FD280400000000000000000000000000000000005A
S325000427805820040024240400000000000F0002024805FF1FFC2204006804FF1F1C240400F9
S325000427A0FD280400000000000000000000000000000000006820040024240400000000000E
S325000427C0100002024805FF1F202304006804FF1F1C240400FD280400000000000000000032
S325000427E00000000000000000782004002424040000000000110002024805FF1F44230400FC
S325000428006804FF1F1C240400FD28040000000000000000000000000000000000882004000B
S325000428202424040000000000120002024805FF1F682304006804FF1F1C240400FD2804003B
S3250004284000000000000000000000000000000000982004002424040000000000130002024F
S325000428604805FF1F8C2304006804FF1F1C240400FD28040000000000000000000000000039
S3250004288000000000A82004002424040000000000140002024805FF1FB02304006804FF1F32
S325000428A01C240400FD28040000000000000000000000000000000000B82004002424040079
S325000428C000000000150002024805FF1FD42304006804FF1F1C240400FD2804000000000078
S325000428E0000000000000000000000000C82004002424040000000000010000000100000094
S3250004290001000000B029040001000000BE29040001000000CC29040001000000DA290400E1
S3250004292001000000E829040001000000F629040001000000042A040001000000122A0400DF
S3250004294001000000202A0400010000002E2A0400010000003C2A0400010000004A2A0400DD
S3250004296001000000582A040001000000662A040001000000742A040001000000822A0400DD
S3250004298001000000902A0400010000009E2A040001000000AC2A040001000000BA2A0400DD
S325000429A001000000C82A040001000000D62A040001017F008000000000007F0080FF010110
S325000429C07F008000000000007F0080FF01017F008000000000007F0080FF01017F008000F0
S325000429E0000000007F0080FF01017F008000000000007F0080FF01017F00800000000000CF
S32500042A007F0080FF01017F008000000000007F0080FF01017F008000000000007F0080FFB0
S32500042A2001017F008000000000007F0080FF01017F008000000000007F0080FF01017F000D
S32500042A408000000000007F0080FF01017F008000000000007F0080FF01017F0080000000EE
S32500042A6000007F0080FF01017F008000000000007F0080FF01017F008000000000007F00CF
S32500042A8080FF01017F008000000000007F0080FF01017F008000000000007F0080FF0101AD
S32500042AA07F008000000000007F0080FF01017F008000000000007F0080FF01017F0080000F
S32500042AC0000000007F0080FF01017F008000000000007F0080FF01010000000000000000ED
S32500042AE07F0080FF02000300040000002E2E2F4170706C69636174696F6E2F7372632F75AB
S32500042B0064732F44636D2F44636D5F43616C6C6F75745F53747562732E6300004E4F5F54CA
S32500042B2041470000456E61626C6520436F6D2052582054582E000000456E61626C65204E04
S32500042B404D2052582054582E00000000456E61626C6520414C4C2052582054582E00000056
S32500042B604469617361626C6520436F6D2052582054582E004469617361626C65204E4D2043
S32500042B8052582054582E00004469617361626C6520414C4C2052582054582E002E2E2F41E9
S32500042BA070706C69636174696F6E2F7372632F7564732F44636D2F44636D5F43616C6C6F16
S32500042BC075745F53747562735F4449442E630000446961675F526561645F4469645F46313B
S32500042BE03844204572726F722000000042542E302E30302E31300000446961675F52656108
S32500042C00645F4469645F46313837204572726F7220000000446961675F57726974655F44C5
S32500042C2069645F4631383720537563636573732000000000464237312D3436303330302DE8
S32500042C403333303000000000446961675F526561645F4469645F46313841204572726F726B
S32500042C6020000000446961675F526561645F4469645F46313937204572726F7220000000DA
S32500042C80446961675F526561645F4469645F44313933204572726F7220000000446961676B
S32500042CA05F526561645F4469645F46313930204572726F7220000000446961675F5265614A
S32500042CC0645F4469645F46303130204572726F7220000000446961675F526561645F44693A
S32500042CE0645F46313031204572726F7220000000E599020000000000000000000000000065
S32500042D00000000000100000014310400D82E040068300400000000017038002000010000EF
S32500042D206038002001000001703900200001000068380020682D04000200000000000000AA
S32500042D40682D04000100000000000000682D04000200000000000100682D0400000000009A
S32500042D6000000000DB000100803004000000000000000000342D0400582D040000000000CB
S32500042D800B9C0200000000000000000000000000000000000000000000000000010000007F
S32500042DA09807FF1F2006FF1FA407FF1F2406FF1FB007FF1F2806FF1FBC07FF1F2C06FF1FA5
S32500042DC0F807FF1F4006FF1FE007FF1F3806FF1FEC07FF1F3C06FF1FC807FF1F3006FF1F55
S32500042DE0D407FF1F3406FF1F8007FF1F1806FF1F8C07FF1F1C06FF1F6807FF1F1006FF1FE5
S32500042E007407FF1F1406FF1F2007FF1FF805FF1F2C07FF1FFC05FF1F3807FF1F0006FF1F86
S32500042E204407FF1F0406FF1F5007FF1F0806FF1F5C07FF1F0C06FF1F7C08FF1F6C06FF1F73
S32500042E408808FF1F7006FF1F9408FF1F7406FF1FA008FF1F7806FF1FDC08FF1F8C06FF1FC0
S32500042E60C408FF1F8406FF1FD008FF1F8806FF1FAC08FF1F7C06FF1FB808FF1F8006FF1F20
S32500042E806408FF1F6406FF1F7008FF1F6806FF1F4C08FF1F5C06FF1F5808FF1F6006FF1F00
S32500042EA00408FF1F4406FF1F1008FF1F4806FF1F1C08FF1F4C06FF1F2808FF1F5006FF1F60
S32500042EC03408FF1F5406FF1F4008FF1F5806FF1F94370400F4370400000000000000000036
S32500042EE0E82E04000000000010010000A805FF1F9006FF1F0000000000000000000000001E
S32500042F0011010000AC05FF1F9C06FF1F00000000000000000000000014010000B005FF1F1E
S32500042F20A806FF1F00000000000000000000000019010000B405FF1FB406FF1F00000000F2
S32500042F40000000000000000022010000B805FF1FC006FF1F00000000000000000000000085
S32500042F6027010000BC05FF1FCC06FF1F0000000000000000000000002E010000CC05FF1F32
S32500042F80E006FF1F00000000000000000000000031010000D405FF1FEC06FF1F00000000EA
S32500042FA000000000000000003E010000F005FF1F0C07FF1F00000000000000000000000084
S32500042FC085010000F405FF1F1807FF1F00000000000000000000000028010000C005FF1F01
S32500042FE0D406FF1F00000000000000000000000034010000D805FF1FF406FF1F0000000087
S32500043000000000000000000036010000E005FF1FFC06FF1F0000000000000000000000004C
S3250004302037010000E805FF1F0407FF1F0000000000000000000000002F010000C405FF1F03
S32500043040DC06FF1F000000000000000000000000B0000000000000000000000000000000B6
S325000430600000000001000000142D0400F02C0400A8300400B030040000000000802D04006F
S32500043080C0300400682D0400000000000000000000000000C0300400802D040000000000F4
S325000430A00000000001000000010000007C05FF1F342D0400582D040000000000C030040083
S325000430C00601640001010000142D0400242D0400DC2E04000831040080300400E808FF1FD2
S325000430E0000000000001640001010000142D0400242D040000000000000000008030040011
S32500043100E808FF1F0100000032003200D007D00720A1000000000000A032040000000000ED
S32500043120000000000000000000000000000000006437040000000000D02E0400D42E0400DE
S3250004314000000000000000000000000000010000DC06FF1FC405FF1F0000000098320400AF
S325000431609C3204004C31040000010000A02D0400382E04000000000000010000A82D0400DC
S32500043180402E04000000000000010000B02D0400482E04000000000000010000B82D04006D
S325000431A0502E04000000000000010000C02D0400582E04000000000000010000C82D04000D
S325000431C0602E04000000000000010000D02D0400682E04000000000000010000D82D0400AD
S325000431E0702E04000000000000010000E02D0400782E04000000000000010000E82D04004D
S32500043200802E04000000000000010000F02D0400882E04000000000000010000F82D0400EC
S32500043220902E04000000000000010000002E0400982E04000000000000010000082E04008A
S32500043240A02E04005031040000010000102E0400A82E04005031040000010000182E040020
S32500043260B02E04005031040000010000202E0400B82E04005031040000010000282E0400C0
S32500043280C02E04005031040000010000302E0400C82E040000000000000000000000000050
S325000432A0030080F168310400000000000A000000000000002D9D02003D9E02000000000040
S325000432C000000000000000000000000000000000000000000000000001000000030086F169
S325000432E0783104000000000001000000000000002D9D0200759E0200000000000000000035
S32500043300000000000000000000000000000000000000000001000000030087F1883104006A
S325000433200000000014000000000000002D9D0200B59E02000000000000000000000000004E
S32500043340000000000000000000000000000000000100000003008AF1983104000000000017
S325000433600A000000000000002D9D0200ED9F020000000000000000000000000000000000DF
S3250004338000000000000000000000000001000000030097F1A83104000000000006000000B4
S325000433A0000000002D9D020049A0020000000000000000000000000000000000000000004C
S325000433C0000000000000000001000000030093F1B8310400000000000A0000000000000064
S325000433E02D9D02009DA00200000000000000000000000000000000000000000000000000B8
S325000434000000000001000000030095F1C8310400000000000A000000000000002D9D020045
S32500043420F1A0020000000000000000000000000000000000000000000000000000000000EF
S325000434400100000003008CF1D8310400000000000A000000000000002D9D02000DA102004E
S32500043460000000000000000000000000000000000000000000000000000000000100000041
S32500043480030090F1E83104000000000011000000000000002D9D020049A1020035A30200DE
S325000434A000000000000000000000000000000000000000000000000001000000030059F1B4
S325000434C0F83104000000000001000000000000002D9D0200B1A10200000000000000000094
S325000434E000000000000000000000000000000000000000000100000003005BF10832040034
S32500043500000000000A000000000000002D9D0200C5A1020000000000000000000000000063
S325000435200000000000000000000000000000000001000000030010F018320400000000002F
S3250004354010000000000000002D9D0200F9A1020089A30200000000000000000000000000BB
S3250004356000000000000000000000000001000000030001F1283204000000000008000000E5
S32500043580000000002D9D020051A20200C1A3020000000000000000000000000000000000FA
S325000435A0000000000000000001000000030000353832040000000000010000000000000059
S325000435C02D9D0200A5A2020000000000000000000000000000000000599D0200359D020000
S325000435E0000000000100000003000135483204000000000001000000000000002D9D02003C
S32500043600C1A2020000000000000000000000000000000000919D02006D9D020000000000FF
S325000436200100000003000235583204000000000001000000000000002D9D0200DDA2020069
S3250004364000000000000000000000000000000000C99D0200A59D02000000000001000000B3
S3250004366003000335683204000000000001000000000000002D9D0200F9A2020000000000FD
S32500043680000000000000000000000000F99D0200DD9D0200000000000100000003000435CF
S325000436A0783204000000000001000000000000002D9D020015A302000000000000000000CB
S325000436C00000000000000000299E02000D9E0200000000000100000003000635883204006D
S325000436E00000000004000000000000002D9D020031A302000000000000000000000000001A
S3250004370000000000000000000000000000000000010000000300FFFF683104000000000000
S3250004372000000000000000000000000000000000000000000000000000000000000000007F
S3250004374000000000000000000000000001010000A005FF1F9C05FF1F14380400000000008B
S32500043760000000000000030250370400F5A302000000000000000000000000000000000015
S325000437800000000000000000000000000000000001000000000000000000000010270000E7
S325000437A00003000404000000BDA4020005A5020000000000000000000000000010270000AE
S325000437C00103000404000000BDA4020005A5020000000000000000000000000000000000C4
S325000437E0FF03000404000000000000000000000001000000010032008813000002003200B2
S32500043800881300000300320088130000FF00FF00FF00010000010001000000000000000033
S32500043820000000000000000000000000000000000005000102020001443804006038040057
S32500043840F838040005000000030000000300000002000000CC02010000000000000000004E
S3250004386001000000ADDE7A000000010846004600960000000800010100001400583804005B
S32500043880F038040001000000ADDE7A000100010846004600960000000800010000001400A3
S325000438A058380400F0380400000000007A000200ADDE010846009600460000000800010102
S325000438C0000014005C380400F4380400000000007A000200ADDE01084600960046000000D0
S325000438E008000100000014005C380400F438040000000000000000000100000000000100D7
S3250004390001000000010002000000000000002110422063308440A550C660E77008812991FA
S325000439204AA16BB18CC1ADD1CEE1EFF13112100273325222B5529442F772D66239931883C9
S325000439407BB35AA3BDD39CC3FFF3DEE36224433420040114E664C774A44485546AA54BB505
S3250004396028850995EEE5CFF5ACC58DD55336722611163006D776F6669556B4465BB77AA749
S3250004398019973887DFF7FEE79DD7BCC7C448E5588668A7784008611802282338CCC9EDD905
S325000439A08EE9AFF9488969990AA92BB9F55AD44AB77A966A711A500A333A122AFDDBDCCBC9
S325000439C0BFFB9EEB799B588B3BBB1AABA66C877CE44CC55C222C033C600C411CAEED8FFD05
S325000439E0ECCDCDDD2AAD0BBD688D499D977EB66ED55EF44E133E322E511E700E9FFFBEEF49
S32500043A00DDDFFCCF1BBF3AAF599F788F8891A981CAB1EBA10CD12DC14EF16FE18010A1007E
S32500043A20C230E3200450254046706760B9839893FBA3DAB33DC31CD37FE35EF3B1029012C8
S32500043A40F322D2323542145277625672EAB5CBA5A89589856EF54FE52CD50DC5E234C32404
S32500043A60A01481046674476424540544DBA7FAB79987B8975FE77EF71DC73CD7D326F23648
S32500043A809106B01657667676154634564CD96DC90EF92FE9C899E9898AB9ABA94458654804
S32500043AA006782768C018E1088238A3287DCB5CDB3FEB1EFBF98BD89BBBAB9ABB754A545AC8
S32500043AC0376A167AF10AD01AB32A923A2EFD0FED6CDD4DCDAABD8BADE89DC98D267C076C04
S32500043AE0645C454CA23C832CE01CC10C1FEF3EFF5DCF7CDF9BAFBABFD98FF89F176E367E48
S32500043B00554E745E932EB23ED10EF01E2E2E2F4170706C69636174696F6E2F7372632F6D76
S32500043B206964646C65776172652F6D6973632F6770696F4D6F6E69746F722E630000000098
S32500043B404750494F00000000414343204F464600414343204F4E000000001400EDF00200F3
S32500043B6071F00200B9EF02001B5B25736D5B253032643A253032643A253032643A25303361
S32500043B80645D2573282564293A0000001B5B306D0D0A000033353B343000000033313B34AA
S32500043BA03000000033333B343000000033373B343000000033323B343000000033363B34E1
S32500043BC0300000002E2E2F4170706C69636174696F6E2F7372632F6D6964646C657761724D
S32500043BE0652F656570732F656570732E63000000454550535F53657452656164793A25649D
S32500043C000000000030303030303000000000000005000000D00700001C3C04000C3C0400F6
S32500043C2001000000E80300002D000000C80000000508000000000000000100030003010084
S32500043C400001000200020100BD22030019000000B122030028000000A5220300320000005F
S32500043C608D220300420000009922030050000000812203006400000075220300C8000000CC
S32500043C8001000000B43C0400B53703000000000001000000020000001400000034000000EB
S32500043CA0C8000000E8030000840300008403000090010000903C040000000000000079005F
S32500043CC0000000002E2E2F4170706C69636174696F6E2F7372632F6D6964646C657761727C
S32500043CE0652F4E764D2F68616C2F45612F45612E6300000045415F4745545F424C4F434BE7
S32500043D002829206E6F742066696E6420426C6F636B496E6465782C757365206C61737420A6
S32500043D206F6E652100000000040032000000000008003200000000000C0032000000000068
S32500043D40100032000000000014001200000000001500120000000000180022000000000090
S32500043D601C0022000000000020001C0000000000240036000000000028001C000000000021
S32500043D802C00300000000000300032000000000034003A0000000000380020000000000095
S32500043DA03C002000000000004000220000000000440026000000000048003E00000000004B
S32500043DC04C00300000000000500030000000000054002B00000000007C00C601000001001A
S32500043DE080001800000000008100200000000000820010000000000083001000000000005B
S32500043E0084001800000000008500200000000000860010000000000087001000000000002A
S32500043E20880018000000000089002000000000008A001000000000008B00100000000000FA
S32500043E408C001800000000008D002000000000008E001000000000008F00100000000000CA
S32500043E6090001800000000009100200000000000920010000000000093001000000000009A
S32500043E8094001800000000009500200000000000960010000000000097001000000000006A
S32500043EA0980018000000000099002000000000009A001000000000009B001000000000003A
S32500043EC09C001800000000009D002000000000009E001000000000009F001000000000000A
S32500043EE0A000180000000000A100200000000000A200100000000000A300100000000000DA
S32500043F00A400180000000000A500200000000000A600100000000000A700100000000000A9
S32500043F20A800180000000000A900200000000000AA00100000000000AB0010000000000079
S32500043F40AC00180000000000AD00200000000000AE00100000000000AF0010000000000049
S32500043F60B000180000000000B100200000000000B200100000000000B30010000000000019
S32500043F80B400180000000000B500200000000000B600100000000000B700100000000000E9
S32500043FA0B800180000000000B900200000000000BA00100000000000BB00100000000000B9
S32500043FC0BC00180000000000BD00200000000000BE00100000000000BF0010000000000089
S32500043FE0C000180000000000C100200000000000C200100000000000C30010000000000059
S32500044000C400180000000000C500200000000000C600100000000000C70010000000000028
S3250004402000000000914B0300B94B030000000000000000000000000000000101000000008E
S32500044040000000000000000000000000000000000000000000000000000000000000000056
S32500044060000001010000000000000000000000000000000000000000000000000000000034
S325000440800100000000000000300001015084002001010000000000000100000000000000EC
S325000440A0000000000000000001000000AD4D030030000101808400200101000000000000A0
S325000440C00200000000000000000000000000000001000000AD4D030030000101B084002050
S325000440E001010000000000000300000000000000000000000000000001000000AD4D0300B3
S3250004410030000101E0840020010100000000000004000000000000000000000000000000D9
S3250004412001000000694F0300100001011085002001010000000000000500000000000000EB
S32500044140000000000000000001000000414E030020000101208500200101000000000000D9
S325000441600600000000000000000000000000000001000000D54E0300200001014085002001
S32500044180010100000000000007000000000000000000000000000000010000006D4F03004C
S325000441A01A00010160850020010100000000000008000000000000000000000000000000CA
S325000441C0010000009D4F0300340001017A8500200001000000000000090000000000000086
S325000441E00000000000000000010000009F4F03001A000101AE850020000100000000000053
S325000442000A00000000000000000000000000000001000000A14F03002E000101C8850020F9
S3250004422001010000000000000B00000000000000000000000000000001000000A34F030071
S3250004424030000101F885002000010000000000000C00000000000000000000000000000078
S3250004426001000000A54F0300380001012886002001010000000000000D0000000000000025
S32500044280000000000000000001000000A74F03001E000101608600200101000000000000F2
S325000442A00E00000000000000000000000000000001000000A94F03001E0001017E860020A6
S325000442C000010000000000000F00000000000000000000000000000001000000AB4F0300C6
S325000442E0200001019C8600200001000000000000100000000000000000000000000000003F
S3250004430001000000AF4F030024000101BC86002000010000000000001100000000000000F7
S32500044320000000000000000001000000B14F03003C000101E08600200104000000000000A6
S325000443401200000000000000000000000000000001000000AD4F03002E0001011C8700204E
S3250004436000010000000000001300000000000000000000000000000001000000AD4F03001F
S325000443802E0001014A870020000100000000000014000000000000000000000000000000DD
S325000443A001000000B34F03002900010178870020000100000000000015000000000000008D
S325000443C0000000000200000000000000BF4C0300200000010000000000040000000000009E
S325000443E02000000000000000000000000200000000000000B14C0300200000010000000070
S3250004440000040000000000002100000000000000000000000200000000000000CD4C03004F
S32500044420200000010000000000040000000000002200000000000000000000000200000029
S3250004444000000000DB4C0300200000010000000000040000000000002300000000000000E0
S32500044460000000000200000000000000E94C030020000001000000000004000000000000D3
S325000444802400000000000000000000000200000000000000F74C0300200000010000000085
S325000444A000040000000000002500000000000000000000000200000000000000054D030072
S325000444C0200000010000000000040000000000002600000000000000000000000200000085
S325000444E000000000134D030020000001000000000004000000000000270000000000000003
S32500044500000000000200000000000000214D030020000001000000000004000000000000F9
S3250004452028000000000000000000000002000000000000002F4D03002000000100000000A7
S32500044540000400000000000029000000000000000000000002000000000000003D4D030095
S32500044560200000010000000000040000000000002A000000000000000000000002000000E0
S32500044580000000004B4D0300200000010000000000040000000000002B0000000000000026
S325000445A0000000000200000000000000594D03002000000100000000000400000000000021
S325000445C02C00000000000000000000000200000000000000674D03002000000100000000CB
S325000445E000040000000000002D00000000000000000000000200000000000000834D0300AB
S32500044600200000010000000000040000000000002E0000000000000000000000020000003B
S3250004462000000000754D0300200000010000000000040000000000002F0000000000000057
S32500044640000000000200000000000000914D03002000000100000000000400000000000048
S3250004466030000000000000000000000002000000000000009F4D03002000000100000000EE
S3250004468000040000000000003100000000000000000000008409FF1F000000002C400400C0
S325000446A02E2E2F4170706C69636174696F6E2F7372632F6D6964646C65776172652F4E763A
S325000446C04D2F4E764D2E63004E764D004572726F72204F636375726520696E202564000076
S325000446E04472697665426C6F636B204572726F725374617475733A25642C426C6F636B53F0
S32500044700746174653A25642C6E766D53746174653A25642C697357726974653A25642C6D6E
S32500044720756C7469426C6F636B3A25642C726573746F726546726F6D526F6D3A25642C44DE
S32500044740617461496E6465783A2564004D454D49465F4A4F425F50454E44494E472C25649D
S325000447602C256400436F7079696E6720524F4D206461746120746F20626C6F636B3A2564E8
S32500044780000000005265616420416C6C204F7065726174696F6E20526573756C743A20256B
S325000447A06400000057726967687420416C6C204F7065726174696F6E20526573756C743A33
S325000447C0202564002E2E2F4170706C69636174696F6E2F7372632F6D6964646C65776172C8
S325000447E0652F4E764D2F4E764D5F43626B2E63004E564D5F43424B006F646F204E766D5FB8
S3250004480052656164416C6C206F6B00006F646F204E766D5F52656164426C6F636B206F6BAC
S32500044820000000006F646F204E766D5F52656164416C6C206661696C000000006F646F20C9
S325000448404E766D5F52656164426C6F636B206661696C00005472697031204E766D5F526564
S325000448606164416C6C206F6B000000005472697031204E766D5F52656164426C6F636B204F
S325000448806F6B00005472697031204E766D5F52656164416C6C206661696C000054726970C4
S325000448A031204E766D5F52656164426C6F636B206661696C000000005472697032204E7635
S325000448C06D5F52656164416C6C206F6B000000005472697032204E766D5F52656164426CC8
S325000448E06F636B206F6B00005472697032204E766D5F52656164416C6C206661696C0000A5
S325000449005472697032204E766D5F52656164426C6F636B206661696C000000002E2E2F411D
S3250004492070706C69636174696F6E2F7372632F6472697665722F63616E2F63616E2E6300B5
S325000449406D63752072657365742063616E20666F72207265636F766572792066726F6D2089
S325000449606275736F666600002E2E2F4170706C69636174696F6E2F7372632F636869702F30
S325000449806B65792F6B65792E630000006B657920707265737365643A202573006B65792001
S325000449A06C6F6E6720707265737365643A202573000000006B657920737475636B65643A9F
S325000449C0202573006B657920636F6D62696E65643A202573000000006B65792072656C6568
S325000449E0617365643A20257300000000637573746F6D3100637573746F6D3200695B0300BE
S32500044A00795B0300955B0300B15B0300C15B03000D5B03001D5B0300395B0300555B030064
S32500044A20655B0300FFFFFFFF000003007800D007701700009B570300104A0400010003007D
S32500044A407800D0077017000091570300FC49040000000000EC49040001000000F4490400C7
S32500044A602E2E2F4170706C69636174696F6E2F7372632F6174652F7669676F5F6174652FA1
S32500044A806174655F54502E63000000004154455F53454E44204C454E3D25642C25782D25FB
S32500044AA0782D25782D25782D25782D25782D25782D257800726563764461746120373732CE
S32500044AC02C726563764C656E3D25643A25782D25782D25782D25782D25782D25782D257878
S32500044AE02D2578002E2E2F4170706C69636174696F6E2F7372632F6174652F7669676F5FC0
S32500044B006174652F6174655F66756E635F7461626C652E63000000005B4154454375724D39
S32500044B2073675D3A2069203D2025642C20307825780000005B4375725374617475735D3A3A
S32500044B402069203D2025642C20307825780000005B53575F5645525D20675F53775F5665B3
S32500044B607273696F6E20636F6E74656E743A000020205B25645D203D203078253032582006
S32500044B8028272563272900005B43757256616C75655D3A20766F6C74203D2025642C206232
S32500044BA061745F63616C6962726174696F6E203D202564005B43757256616C75655D3A20F0
S32500044BC063757272656E745F766F6C74203D2025642C206261745F63616C69627261746911
S32500044BE06F6E203D20256400456F6C4D6F6465203D202564000000005B4154455F444247BC
S32500044C005D203D3D3D204154455F77726974655F706F72745F6F7574202830782530325828
S32500044C20292053544152542C20506F72743D3078253032582C204C6576656C3D2564203D77
S32500044C403D3D00005B43757256616C75655D3A206164335F76726566203D2025642C2061DA
S32500044C6064305F766675656C203D2025642C207265735F76616C203D2025642C207265733B
S32500044C805F6B203D2025640020454550524F4D20657261736520616C6C2021212121200005
S32500044CA003000000C176030010000000F16A030011000000A96A03001200000099760300F4
S32500044CC0300000005D74030031000000796C030032000000C973030033000000297303006A
S32500044CE034000000957203003500000001720300360000006D71030037000000D17003002F
S32500044D00380000003D7003003D000000C16F03003E000000896D03003F000000516D0300FA
S32500044D2040000000E164030041000000156C03004F000000C56B030050000000656B030077
S32500044D4051000000116A030052000000A9670300530000004D670300540000000567030048
S32500044D6055000000B96603005600000071660300570000008969030058000000456903002D
S32500044D8059000000016903005A000000BD6803005B000000B16803005C0000004F68030034
S32500044DA05D000000CF6403005E000000F16703005F00000089640300600000002D6403005A
S32500044DC0610000000966030066000000316603006F00000003650300FFFF0000000000001E
S32500044DE0004721003C1D04001F000000784F04000800000020020000784F040009000000FC
S32500044E002002010000C20100020000000000000000000000000000002E2E2F4170706C691F
S32500044E20636174696F6E2F7372632F48414C2F50574D5F48414C2F70776D5F68616C2E6370
S32500044E4000000000756E6B6E6F776E2063683A2564000000706F7765725F7461736B00004B
S32500044E60706572696F6469635F7461736B00000063616E5F7461736B000000004E564D5F33
S32500044E805441534B0000000042434D5F7461736B00000000CD9E0300F40102040200000086
S32500044EA0544E0400D5A403005802020402000000604E0400CDA603002C0102040200000007
S32500044EC0704E040035A503002C010204020000007C4E040051B103002C01020402000000EC
S32500044EE0884E0400010100010001000100010001000100002E2E2F4170706C6963617469A4
S32500044F006F6E2F7372632F48414C2F494F5F48414C2F696F5F68616C2E6300005468697370
S32500044F2020777269746520494F3A2564206973206E6F7420696D706C656D656E7465640080
S32500044F4054686973207265616420494F3A2564206973206E6F7420696D706C656D656E7420
S32500044F60656400004655454C5F454E5F4D4355004E4F4E45000000000000064000F00F4047
S32500044F800010064040F00F400020064080F00F4000300640C0F00F400040064000F10F40D2
S32500044FA0784F04001C00000009003500984F04000900000009003900984F0400070000009A
S32500044FC009003900784F04001000000009003500904F040017000000090038000000000031
S32500044FE00C00000016000900784F0400200101000200000000000000644F0400784F04000B
S32500045000200101000300000000000000644F0400784F0400200101000E00000000000000AF
S32500045020644F0400784F0400200101000F00000000000000644F0400784F0400200101000F
S325000450401000000000000000644F0400804F0400210101000000000000000000644F0400D2
S32500045060804F0400210101000100000000000000644F0400804F040021010100040000007E
S3250004508000000000644F0400804F0400210101000500000000000000644F0400804F0400CA
S325000450A0210101000800000000000000644F0400804F040021010100090000000000000005
S325000450C0644F0400804F0400210101000A00000000000000644F0400804F04002101010062
S325000450E00B00000000000000644F0400804F0400210101000C00000000000000644F04002B
S32500045100804F0400210101000D00000000000000644F0400804F0400210101000E000000C7
S3250004512000000000644F0400884F0400220101000200000000000000644F0400884F04001B
S32500045140220101000300000000000000644F0400884F040022010100060000000000000062
S32500045160644F0400884F0400220101000700000000000000644F0400884F040022010100B2
S325000451800800000000000000644F0400884F0400220101000900000000000000644F040087
S325000451A0884F0400220101000A00000000000000644F0400884F0400220101000B0000001B
S325000451C000000000644F0400884F0400220101000D00000000000000644F0400884F040070
S325000451E0220101001000000000000000644F0400884F0400220101001100000000000000AA
S32500045200644F0400904F0400230100000000000000000000644F0400904F04002301010007
S325000452200400000000000000644F0400904F0400230101000500000000000000644F0400E5
S32500045240904F0400230101000600000000000000644F0400904F0400230101000700000070
S3250004526000000000644F0400904F0400230101000800000000000000644F0400904F0400C3
S32500045280230101000900000000000000644F0400904F0400230101000A000000000000000D
S325000452A0644F0400904F0400230101000B00000000000000644F0400904F0400230101005B
S325000452C00C00000000000000644F0400904F0400230101000E00000000000000644F040034
S325000452E0904F0400230101000F00000000000000644F0400904F04002301010010000000BE
S3250004530000000000644F0400904F0400230101001100000000000000644F0400984F040011
S32500045320240101000100000000000000644F0400984F040024010100020000000000000072
S32500045340644F0400984F0400240100000400000000000000644F0400984F040024010000B1
S325000453600500000000000000644F0400984F0400240101000600000000000000644F040099
S32500045380984F0400240101000800000000000000644F0400984F0400240101000900000019
S325000453A000000000644F0400984F0400240101000A00000000000000644F0400984F04006F
S325000453C0240101000B00000000000000644F0400984F0400240101000D00000000000000BD
S325000453E0644F040000000000240100001900000000000000704F040010810020008000407A
S32500045400001002400A00000078810020C58D03001454040002000000010400001300000032
S325000454201200000000000000000000000A000000B00400000A000000C800000014000000AC
S32500045440B40000000000000001040100040000001200000000000000000000000A00000068
S32500045460B0040000960000004C1D0000B004000008070000010000000200000100000000A8
S325000454802E000000000000000000000000000000B00400000A000000C8000000140000003A
S325000454A0B40000000000000002000101010000002E000000000000000000000000000000FB
S325000454C0B00400000A000000C800000014000000B40000000000000003010001050000006A
S325000454E00000000006000000160000000C000000B00400000A000000C800000014000000E0
S32500045500B40000000000000003010101040000000000000006000000160000000C0000009B
S32500045520B00400000A000000C800000014000000B400000000000000030102000500000008
S325000455400000000006000000160000000C000000B00400000A000000C8000000140000007F
S32500045560B40000000000000003010300170000000000000006000000160000000C00000027
S32500045580B00400000A000000C800000014000000B400000000000000040300001E0000008E
S325000455A010000000000000000000000004000000B00400000A000000C80000001400000033
S325000455C0B400000000000000040301001100000010000000000000000000000004000000E0
S325000455E0B00400000A000000C800000014000000B40000000000000005030000200000002B
S3250004560021000000000000000000000005000000B00400003C000000082000001405000029
S32500045620D00700000100000005030100220000002100000000000000000000000500000037
S32500045640B00400003C000000D002000078000000B400000001000000060100000E0000003C
S32500045660000000000C0000000100000009000000B00400003C000000B0040000C80000009E
S325000456802C01000001000000060101000D000000000000000C0000000100000009000000A7
S325000456A0B00400003C000000B0040000C80000002C01000001000000060102000B00000032
S325000456C0000000000C0000000100000009000000B00400003C000000E80300009B00000034
S325000456E0E6000000010000000601030000000000000000000C000000010000000900000099
S32500045700B00400003C000000E80300009B000000E600000001000000070400001B000000FC
S325000457200A000000000000000000000008000000B00400009600000070170000E803000091
S32500045740AA0500000100000007040100090000000A00000000000000000000000800000068
S32500045760B004000096000000D4300000D0070000B80B000001000000080300000700000024
S3250004578008000000000000000000000003000000B00400000A000000C8000000140000005A
S325000457A0B400000000000000080301002B00000008000000000000000000000003000000E9
S325000457C0B00400000A000000C800000014000000B400000000000000090300002300000042
S325000457E01C000000000000000000000006000000B00400000A000000C800000014000000E3
S32500045800B400000000000000090301001D0000001C0000000000000000000000060000007E
S32500045820B00400000A000000C800000014000000B4000000000000000A0200010200000001
S325000458402F000000000000000000000001000000B00400000A000000C80000001400000074
S32500045860B4000000000000000A0201002D0000002F00000000000000000000000100000000
S32500045880B0040000C80000009C310000D0070000EA0B0000010000000B0400001F000000BA
S325000458A01A00000000000000000000000B000000B00400000A000000C8000000140000001F
S325000458C0B4000000000000000B040100190000001A00000000000000000000000B000000BC
S325000458E0B00400000A000000C800000014000000B4000000000000000C0400002900000017
S325000459002A000000000000000000000007000000B00400000A000000C800000014000000B2
S32500045920B4000000000000000C040100030000002A00000000000000000000000700000064
S32500045940B00400000A000000C800000014000000B4000000000000000000010014000000DA
S3250004596000010000FF00000000000000FF000000E8030000000000006C5B0400745B040095
S32500045980E8030000FFFFFFFF040000000B9A03000000000000000000000000000100010068
S325000459A01400000003030000320000000000000032000000E8030000000000006C5B0400A9
S325000459C0745B0400E8030000FFFFFFFF04000000199A030000000000000000000000000049
S325000459E0020001001400000003030000F401000000000000F4010000E803000000000000AB
S32500045A006C5B0400745B0400E8030000FFFFFFFF04000000519A0300000000000000000005
S32500045A2000000000000200041400000002010000FF000000FF0000000A000000D007000060
S32500045A40000000000000000000000000E8030000FFFFFFFF04000000000000000000000051
S32500045A600000000000000000010200041400000002010000FF000000FF0000000A000000F6
S32500045A80E8030000000000000000000000000000F40100000100000001000000000000001A
S32500045AA0000000000000000000000000020200041400000002010000FF000000FF000000BF
S32500045AC00A000000E8030000000000000000000000000000F40100000200000001000000CF
S32500045AE000000000000000000000000000000000030000041400000003010000FF0000007E
S32500045B00FF00000064000000F4010000000000006C5B0400745B0400F4010000FFFFFFFF94
S32500045B20040000000000000000000000000000000100000000000000719A03009D9A03000E
S32500045B4000000000619A03008D9A030058590400000000000000000000000000000000005E
S32500045B600000000000000000FFFFFF000000000000000000FFFFFFFFFFFFFFFF951B030073
S32500045B8021210300AD9A030071E702006D060300AF9A03004DE802003D070300A05B0400D3
S32500045BA0A85B0400885C04007B00000000040000000F000008010000000000000000000055
S32500045BC005000000010000007C00000015070000FF0F000008010000010000000000000005
S32500045BE000000000000000007D000000DF070000FF0F000008010000010000000000000020
S32500045C0002000000000000007800000072070000FF0F00000801000002000000000000006E
S32500045C2003000000000000000100000003010000FF0F000008010000020000000000000039
S32500045C4007000000000000000200000060010000FF0F0000080100000200000000000000B7
S32500045C60080000000000000003000000FF070000FF0F0000080100000200000000000000F0
S32500045C807F00000000010000790000000104000008010000000000000000000001000600EC
S32500045CA0000000007A000000950700000801000001000000000000000000010000000000B9
S32500045CC07B00000073070000080100000200000000000000000004000000000001000000B5
S32500045CE06201000008010000020000000000000000000900000000000200000050030000CE
S32500045D0008010000020000000000000000000A0000000000030000007F07000008010000D2
S32500045D200200000000000000000046000100000044454D5F50726F4C6953747300000000BB
S32500045D4044454D5F4C6F676F4C6953747300000044454D5F42757A7A657253747300000093
S32500045D6044454D5F52655365617448656174674C766C46620000000044454D5F416E746920
S32500045D80746866744C6953747300000044454D5F4C6963506C6174654C6953747300000022
S32500045DA044454D5F5265506F736E4C694661696C725374730000000044454D5F5265506FC5
S32500045DC0736E4C695374730044454D5F536D7446616E53747300000044454D5F57696E646A
S32500045DE053686444776E53747300000044454D5F57696E6453686455705374730000000032
S32500045E0044454D5F456E6153747274526C79000044454D5F54616E6B4C6F636B4472765380
S32500045E207473000044454D5F42736452694C69537473000044454D5F4273644C654C695372
S32500045E407473000044454D5F5077724F6E5374730000000044454D5F5077724F666653749C
S32500045E607300000053656174426B744C695374730000000044454D5F42726B4C69466169EF
S32500045E806C72537473000000454D5F42726B4C695374730044454D5F526552695475726E91
S32500045EA04C694661696C72537473000044454D5F526552695475726E4C69537473000000BC
S32500045EC0444153485F5643444D5F456E6153747274526C790000000044454D5F52654C651B
S32500045EE05475726E4C6953747300000044454D5F46726E7452695475726E4C694661696C9C
S32500045F00725374730000000044454D5F46726E7452695475726E4C695374730044454D5F74
S32500045F2046726E744C655475726E4C694661696C725374730000000044454D5F46726E74B7
S32500045F404C655475726E4C695374730044454D5F46726E745269466F674C694661696C72A5
S32500045F605374730044454D5F46726E744C65466F674C694661696C7253747300454D5F462D
S32500045F80726E744C65466F674C694661696C72537473000044454D5F46726E744C65466FC4
S32500045FA0674C69537473000044454D5F506F736E4C694661696C72537473000044454D5F9A
S32500045FC0506F736E4C6953747300000044454D5F446179746952756E6E674C694661696CBD
S32500045FE0725374730000000044454D5F446179746952756E6E674C695374730044454D5F8D
S3250004600048694265616D4661696C72537473000044454D5F48694265616D53747300000093
S3250004602044454D5F4C6F4265616D4661696C72537473000044454D5F4C6F4265616D53749D
S325000460407300000044454D5F486F726E5374730044454D5F46726E745365617448656174DF
S32500046060674C766C4662000044454D5F4772697048656174674C766C466200005643444D29
S325000460805F44454D43746C5F43686B73000000005643444D5F44454D43746C5F416C76436F
S325000460A06E7472005643444D5F42736442726953747300005643444D5F536561744C6F6355
S325000460C06B4472764374726C000000005643444D5F44454D57726B67446D64005643444D51
S325000460E05F4C6963506C6174654C694374726C005643444D5F50726F4C694374726C0000DB
S325000461005643444D5F52655365617448656174674C766C53657400005643444D5F507772A3
S325000461204F6E4374726C00005643444D5F5077724F66664374726C005643444D5F4C6F67E6
S325000461406F4C694374726C005643444D5F536D7446616E4374726C005643444D5F57696E5E
S325000461606453686444776E4374726C005643444D5F57696E6453686455704374726C000040
S325000461805643444D5F456E6153747274526C79005643444D5F54616E6B4C6F636B447276A8
S325000461A04374726C000000005643444D5F53656174426B744C694374726C00005643444D95
S325000461C05F42736452694C694374726C000000005643444D5F4273644C654C694374726C9B
S325000461E0000000005643444D5F42726B4C694374726C00005643444D5F526552695475726D
S325000462006E4C694374726C005643444D5F52654C655475726E4C694374726C005643444DAE
S325000462205F46726E7452695475726E4C694374726C0000005643444D5F46726E744C655485
S3250004624075726E4C694374726C0000005643444D5F46726E745269466F674C694374726C51
S32500046260000000005643444D5F46726E744C65466F674C694374726C000000005643444DB0
S325000462805F506F736E4C694374726C005643444D5F446179746952756E6E674C694374723F
S325000462A06C0000005643444D5F48694265616D4374726C005643444D5F4C6F4265616D4328
S325000462C074726C005643444D5F486F726E4374726C0000005643444D5F46726E7453656171
S325000462E07448656174674C766C536574000000005643444D5F4772697048656174674C7617
S325000463006C536574000000005643444D5F42434D496E666F5F43686B730000005643444DE2
S325000463205F42434D496E666F5F416C76436E7472000000005643444D5F4F544153747300D6
S325000463405643444D5F56656852656D5077724D6F640000005643444D5F5665685077724DD8
S325000463606F64000002002701DD9D0300020000002B000000005E040001003004E19A030057
S32500046380020000002B0000001C63040001003808F19A0300020000002B00000008630400D8
S325000463A002001201799C0300020000002B000000E461040002002E02159E03000200000046
S325000463C02B000000A460040002001301959C0300020000002B000000D061040002001501BC
S325000463E0B19C0300020000002B000000BC61040002003004259E0300020000002B000000CC
S325000464009060040002003808359E0300020000002B0000007C60040002002601CD9D0300C3
S32500046420020000002B000000CC60040002000A01999B0300020000002B0000008C62040092
S3250004644002001901059D0300020000002B0000008061040002000C01D19B030002000000DF
S325000464602B0000006462040002000E01099C0300020000002B0000003462040002000D018D
S32500046480ED9B0300020000002B0000004C62040002000F01259C0300020000002B00000085
S325000464A01C62040002000303299B0300020000002B000000D4620400020000030D9B03006A
S325000464C0020000002B000000F0620400020009017D9B0300020000002B000000A4620400D1
S325000464E002000601459B0300020000002B000000C462040002002401A19D030002000000E5
S325000465002B000000DC60040002000701619B0300020000002B000000B462040002001D0196
S32500046520459D0300020000002B0000003861040001000A01D19A0300020000002B000000FB
S325000465403463040002000B01B59B0300020000002B0000007C62040002002301919D0300CF
S32500046560020000002B000000F060040002001E01619D0300020000002B00000028610400B4
S3250004658002001F01719D0300020000002B0000001861040002001001419C0300020000001F
S325000465A02B0000000862040002002501B19D0300020000002B000000105E0400020011010C
S325000465C05D9C0300020000002B000000F461040002002003819D0300020000002B000000BC
S325000465E00061040002001701CD9C0300020000002B000000A861040002002D01F99D0300A3
S32500046600020000002B000000B460040002001C01359D0300020000002B000000486104005D
S3250004662002001801E99C0300020000002B0000009061040001000002B19A03000200000038
S325000466402B0000005463040001000202C19A0300020000002B0000004063040002001B01F5
S32500046660259D0300020000002B0000005861040002001A01159D0300020000002B00000062
S325000466806C61040001002C01000000000200000026000000785D040001001C0100000000D2
S325000466A00200000018000000745E040001001B01000000000200000017000000885E0400C0
S325000466C00100200100000000020000001C000000345E0400010022010000000002000000B4
S325000466E01D000000245E040001003501000000000200000028000000505D040001000C01CD
S32500046700000000000200000008000000CC5F040001000B0100000000020000000700000020
S32500046720E85F04000100250100000000020000001F000000005E0400010010010000000048
S32500046740020000000C0000007C5F040001000F0100000000020000000B000000945F04002D
S32500046760010014010000000002000000100000001C5F040001001301000000000200000051
S325000467800F000000385F04000100120100000000020000000E0000004C5F0400010011015F
S325000467A000000000020000000D000000645F040001001601000000000200000012000000CD
S325000467C0EC5E040001001501000000000200000011000000085F04000100030300000000C5
S325000467E0020000000100000050600400010000030000000002000000000000006860040006
S3250004680001000A01000000000200000006000000FC5F0400010009010000000002000000EE
S325000468200500000010600400010006010000000002000000020000004460040001002B01F4
S325000468400000000002000000250000008C5D0400010008010000000002000000040000000A
S325000468602060040001000701000000000200000003000000346004000100360100000000AC
S325000468800200000029000000405D040001000E0100000000020000000A000000A85F0400FB
S325000468A001000D01000000000200000009000000BC5F04000100370100000000020000005A
S325000468C02A000000305D040001001E0100000000020000001A000000545E040001001F01E0
S325000468E000000000020000001B000000445E0400010018010000000002000000140000009B
S32500046900C05E040001001701000000000200000013000000D85E040001002A0100000000B7
S325000469200200000024000000A05D040001002901000000000200000023000000B85D0400BD
S3250004694001001A01000000000200000016000000945E0400010019010000000002000000E6
S3250004696015000000AC5E040001002D03000000000200000027000000605D040001001D01B0
S32500046980000000000200000019000000645E040001002801000000000200000022000000BE
S325000469A0C85D04000100240100000000020000001E000000105E04000100270100000000C3
S325000469C00200000021000000D85D040001002601000000000200000020000000EC5D0400BA
S325000469E000000000EC6704000000000001000000D86704000000000002000000286804005C
S32500046A000000000003000000646804000000000004000000506804000000000005000000D4
S32500046A201468040000000000060000000068040000000000070000001067040000000000D8
S32500046A4008000000FC6604000000000009000000A0680400000000000A0000008C680400A7
S32500046A60000000000B0000004C670400000000000C00000038670400000000000D0000008E
S32500046A809C670400000000000E00000088670400000000000F0000007467040000000000F6
S32500046AA010000000606704000000000011000000C46704000000000012000000B067040084
S32500046AC00000000013000000046904000000000014000000F06804000000000015000000A3
S32500046AE0546904000000000016000000406904000000000017000000AC66040000000000DB
S32500046B00180000009866040000000000190000007C690400000000001A000000C868040001
S32500046B20000000001B000000DC680400000000001C000000C0660400000000001D00000085
S32500046B40D4660400000000001E000000A4690400000000001F000000246704000000000010
S32500046B6020000000CC6904000000000021000000B86904000000000022000000906904004D
S32500046B8000000000230000002C690400000000002400000018690400000000002500000061
S32500046BA03C6804000000000026000000846604000000000027000000686904000000000013
S32500046BC028000000E8660400000000002900000078680400000000002A000000B4680400DA
S32500046BE0000000002B000000000000000000000000000000099A03000000000001000000B9
S32500046C0000000000740AFF1F02000000000000008C0AFF1FFFFF000000000000000000001A
S32500046C2000000000A1160300DD1703002D16030000000000E9140300446C0400206C04000F
S32500046C40346D040001000000F40100000200000000000000386C04000000010015070000C8
S32500046C600001080001000000FFFFFFFF01000100950700000000080001000000000000005D
S32500046C8002000100DF0700000001080001000000FFFFFFFF03000100720700000001080075
S32500046CA001000000FFFFFFFF0400010073070000000008000100000000000000050001003F
S32500046CC0000400000001080001000000000700000600010001040000000008000100000080
S32500046CE00000000007000100030100000001080001000000FFFFFFFF08000100600100000E
S32500046D000001080001000000FFFFFFFF0900010062010000000008000100000000000000ED
S32500046D200A00010050030000000008000100000000000000586C0400459E03002DA3030061
S32500046D40000000002DA30300000000002DA30300499E0300CB9E0300000000002DA303005A
S32500046D60C99E03007D9E03002DA30300000000002DA30300000000002E2E2F4170706C695A
S32500046D80636174696F6E2F7372632F4170702F504F5745525F4D414E414745522F706F7709
S32500046DA065724D616E6167655461736B2E6300005057524D00000000706F7765724D616EF6
S32500046DC06167655461736B2052756E6E696E67002E2E2F4170706C69636174696F6E2F7347
S32500046DE072632F4170702F504552494F442F706572696F6469632E63000000004B656570DE
S32500046E002050656E64696E672D2D2D2D2D2D0000506572696F6469635461736B2052756E5E
S32500046E206E696E67000000000DA40300E9A30300D9A3030075A40300DBA30300DDA30300BA
S32500046E40DFA30300E1A30300E3A30300E5A303002E2E2F4170706C69636174696F6E2F7367
S32500046E6072632F4170702F4E564D2F6E766D5461736B2E6300000000493243315F67657491
S32500046E80496E6974466C61672074696D656F7574000000002E2E2F4170706C696361746991
S32500046EA06F6E2F7372632F4170702F43414E2F63616E5461736B2E63000000007461736BEB
S32500046EC043616E44726976657252782052756E6E696E670063616E436F6D5461736B205209
S32500046EE0756E6E696E67000063616E5461736B2052756E6E696E6700526563656976652050
S32500046F0063616E206672616D652064617461000043414E434F4D5F5441534B004E766D4498
S32500046F2061746152656164792074696D656F75740000000043616E204E766D4461746152C6
S32500046F40656164793A25640043465F4D4F325F4D4130303031000000000000002E2E2F4191
S32500046F6070706C69636174696F6E2F73797374656D2E6300535953004D61696E4D6F647556
S32500046F806C655665723A2573000000004170702056657273696F6E3A2025730042415454D3
S32500046FA04552592072657365742121212100000065787465726E20526573742050696E2055
S32500046FC0726573657421212121000000574447542072657365742121212100006C6F772091
S32500046FE0706F7765722072657365742121212100536F667420726573657421212121776158
S325000470006B65536F757263652E616C6C203D20256400000077616B65206279204E4643001E
S3250004702077616B65206279204D454D530000000077616B65206279204348415247455F4441
S32500047040455445435400000077616B65206279205353425F4B45590077616B6520627920FB
S32500047060424C450077616B652062792043414E310000000077616B652062792043414E32A6
S325000470800000000077616B652062792043414E330000000077616B652062792043414E3455
S325000470A00000000077616B65536F757263653A2558000000400BFF1F494E4600696E660073
S325000470C04E414E006E616E0030313233343536373839616263646566000000003031323364
S325000470E034353637383941424344454600000000286E756C6C29000020202020202020209E
S325000471002020202020202020303030303030303030303030303030304E614E00496E6669E2
S325000471206E6974790000000042616C6C6F6320737563636565646564000000002F6D6E74F1
S325000471402F776F726B73706163652F776F726B73706163652F4743432D31302D70697065C4
S325000471606C696E652F6A656E6B696E732D4743432D31302D706970656C696E652D33333866
S325000471805F32303231313031385F313633343531363230332F7372632F6E65776C69622F43
S325000471A06E65776C69622F6C6962632F7374646C69622F64746F612E630000002F6D6E74E4
S325000471C02F776F726B73706163652F776F726B73706163652F4743432D31302D7069706544
S325000471E06C696E652F6A656E6B696E732D4743432D31302D706970656C696E652D333338E6
S325000472005F32303231313031385F313633343531363230332F7372632F6E65776C69622FC2
S325000472206E65776C69622F6C6962632F7374646C69622F6D707265632E6300000000000072
S325000472400080E03779C34143176E05B5B5B89346F5F93FE9034F384D321D30F94877825A48
S325000472603CBF737FDD4F1575000000000000F03F0000000000002440000000000000594035
S325000472800000000000408F40000000000088C34000000000006AF8400000000080842E4135
S325000472A000000000D01263410000000084D797410000000065CDCD41000000205FA0024268
S325000472C0000000E876483742000000A2941A6D42000040E59C30A2420000901EC4BCD6426B
S325000472E000003426F56B0C430080E03779C3414300A0D8855734764300C84E676DC1AB434A
S32500047300003D9160E458E143408CB5781DAF154450EFE2D6E41A4B4492D54D06CFF08044F6
S32500047320F64AE1C7022DB544B49DD9794378EA4405000000190000007D0000002C206675E5
S325000473406E6374696F6E3A2000000000617373657274696F6E2022257322206661696C6549
S32500047360643A2066696C6520222573222C206C696E65202564257325730A0000430000008F
S32500047380504F534958000000202020202020202020202020202020203030303030303030D0
S325000473A030303030303030300020202020202020202028282828282020202020202020203B
S325000473C02020202020202020208810101010101010101010101010101004040404040404EF
S325000473E0040404101010101010104141414141410101010101010101010101010101010171
S32500047400010101011010101010104242424242420202020202020202020202020202020252
S325000474200202020210101010200000000000000000000000000000000000000000000000DA
S32500047440000000000000000000000000000000000000000000000000000000000000000022
S32500047460000000000000000000000000000000000000000000000000000000000000000002
S325000474800000000000000000000000000000000000000000000000000000000000000000E2
S325000474A0000000000000000000000000F8B500BFF8BC08BC9E467047F8B500BFF8BC08BC5F
S325000474C09E4670472014FD7F01000000CDD00300F1920100658401004184010043464D4F5D
S325000474E0544F5F4150505F434F444500AAAAAAAA801D040000000000801D0400000000003B
S32500047500601D040000000000701D040000000000BC1D0400A41D0400EC1D0400D41D0400AB
S32500047520040000004404FF1F050000005404FF1FE8200400EC200400EA200400FA20040014
S32500047540E8200400EC200400EA200400FA200400002104009804FF1FA804FF1FB804FF1F56
S32500047560C804FF1FD804FF1FE804FF1FF804FF1F0805FF1F1805FF1F2805FF1F3805FF1FED
S325000475800000000000000100020000000000000000000000010001000200000000000000DA
S325000475A00100000002000100020000000000000002000000030001000200000000000000B3
S325000475C003000000040001000200000000000000040000000600010002000000000000008A
S325000475E005000000100001000200000000000000060000001200010002000000000000004E
S3250004760007000000200001000200000000000000080000002100010002000000000000000A
S32500047620090000003000010002000000000000000A000000000000000100000002000000F7
S32500047640382404004C2404006024040074240400882404000000000001FF000053572E316F
S325000476602E30302E303801001001110514011901220327012E0331FF3E01850128013401B4
S32500047680360237012F010000B4370400043804000C380400D4370400D4370400D43704009C
S325000476A0D4370400D4370400D4370400D4370400B4370400D4370400B4370400D437040088
S325000476C0D4370400B4370400D4370400B4370400D4370400B4370400D4370400D437040088
S325000476E0D4370400D4370400D4370400D4370400D4370400D4370400D4370400D437040008
S32500047700D4370400D4370400D4370400D4370400D4370400D4370400D4370400D4370400E7
S32500047720D4370400D4370400D4370400D4370400D4370400D4370400D4370400D4370400C7
S32500047740D4370400D4370400D4370400D4370400D4370400D4370400D4370400D4370400A7
S32500047760D4370400D4370400D4370400D4370400D4370400D4370400D4370400F437040067
S32500047780043804000C380400F4370400043804000C380400F4370400043804000C380400E9
S325000477A0F4370400043804000C380400F4370400043804000C380400043804000C380400C9
S325000477C0043804000C38040004380400FC370400043804000C380400043804000C38040090
S325000477E0FC3704000C380400FC3704000C380400FC3704000C380400F43704000438040093
S325000478000C380400043804000C380400F4370400043804000C380400F43704000438040068
S325000478200C380400F4370400043804000C380400F4370400043804000C380400F437040059
S32500047840043804000C380400F4370400043804000C380400F4370400043804000C38040028
S32500047860F4370400043804000C380400F4370400043804000C380400F43704000438040021
S325000478800C380400F4370400043804000C380400F4370400043804000C380400F4370400F9
S325000478A0043804000C380400F4370400043804000C380400F4370400043804000C380400C8
S325000478C0F4370400043804000C380400F4370400043804000C380400F437040004380400C1
S325000478E00C380400F4370400043804000C380400F4370400043804000C380400F437040099
S32500047900043804000C380400F4370400043804000C380400F4370400043804000C38040067
S32500047920F4370400043804000C380400F4370400043804000C380400F43704000438040060
S325000479400C380400F4370400043804000C380400F4370400043804000C380400F437040038
S32500047960043804000C380400F4370400043804000C380400F4370400043804000C38040007
S32500047980F4370400043804000C380400F4370400043804000C380400F43704000438040000
S325000479A00C380400F4370400043804000C380400F4370400043804000C380400F4370400D8
S325000479C0043804000C380400F4370400043804000C3804000000000000000000000000005E
S325000479E000000000000000000000000000000000000000000000000000000100000000007C
S32500047A0000000000000000000000000000000000000000000000000000000000000000005C
S32500047A20000000000000000000000000000000000000000000000000943B04009C3B04008E
S32500047A40A43B0400AC3B0400B43B0400BC3B0400806200204063002000000000000100009A
S32500047A600300000000000000A4630020A0630020DD4B030001000000000000000000000083
S32500047A80DC1B0400F01B0400041C0400181C04000101000000000000F46B00208000000075
S32500047AA000000000746C002080000000006D00200000000000020000006F0020000000001E
S32500047AC00002000000710020000000000002000000730020000000000002000000750020DD
S32500047AE00000000064000100647500200000000000080100647D0020000000000002010011
S32500047B001111111110000000784F0400804F0400884F0400904F0400984F040000000000C0
S32500047B20904F040000000000040000000100000001000000984F040004000000040000005F
S32500047B400100000002000000984F0400050000000400000001000000000102060700000013
S32500047B60346604004866040030650400786304008C63040000000000B8640400A464040014
S32500047B80E064040008650400CC6404002C64040044650400546404007C640400686404003D
S32500047BA09064040094650400BC650400A0630400C8630400DC630400E46504002066040051
S32500047BC040640400706604005C6604000C6604001C6504006C65040080650400D065040061
S32500047BE058650400F4640400A86504001864040064630400F8650400B4630400F06304002F
S32500047C0004640400000000000000580200000100580201000200580200000300580201007E
S32500047C2000688909400BFF1F00000000000000002C0EFF1F940EFF1FFC0EFF1F0000000097
S32500047C4000000000000000000000000000000000000000000000000000000000000000001A
S32500047C600000000000000000000000000000000000000000000000000000000000000000FA
S32500047C800000000000000000000000000000000000000000000000000000000000000000DA
S32500047CA00000000000000000000000000000000000000000000000000000000000000000BA
S32500047CC0000000000000000000000000000000000000000001000000000000000E33CDABE0
S32500047CE034126DE6ECDE05000B000000000000000000000000000000000000000000000007
S32500047D00000000000000000000000000000000000000000000000000000000000000000059
S32500047D20000000000000000000000000000000000000000000000000000000000000000039
S32500047D40000000000000000000000000000000000000000000000000000000000000000019
S32500047D600000000000000000000000000000000000000000000000000000000000000000F9
S32500047D800000000000000000000000000000000000000000000000000000000000000000D9
S32500047DA00000000000000000000000000000000000000000000000000000000000000000B9
S32500047DC0000000000000000000000000000000000000000000000000000000000000000099
S32500047DE0000000000000000000000000000000000000000000000000000000000000000079
S32500047E00000000000000000000000000000000000000000000000000000000000000000058
S32500047E20000000000000000000000000000000000000000000000000000000000000000038
S32500047E40000000000000000000000000000000000000000000000000000000000000000018
S32500047E600000000000000000000000000000000000000000000000000000000000000000F8
S32500047E800000000000000000000000000000000000000000000000000000000000000000D8
S32500047EA00000000000000000000000000000000000000000000000000000000000000000B8
S32500047EC0000000000000000000000000000000000000000000000000000000000000000098
S32500047EE0000000000000000000000000000000000000000000000000000000000000000078
S32500047F00000000000000000000000000000000000000000000000000000000000000000057
S32500047F20000000000000000000000000000000000000000000000000000000000000000037
S32500047F40000000000000000000000000000000000000000000000000000000000000000017
S32500047F600000000000000000000000000000000000000000000000000000000000000000F7
S32500047F800000000000000000000000000000000000000000000000000000000000000000D7
S32500047FA00000000000000000000000000000000000000000000000000000000000000000B7
S32500047FC0000000000000000000000000000000000000000000000000000000000000000097
S32500047FE0000000000000000000000000000000000000000000000000000000000000000077
S32500048000000000000000000000000000000000000000000000000000000000000000000056
S32500048020000000000000000000000000000000000000000000000000000000000000000036
S325000480400000000000000000000000000000000000000000208C002000000000000000004A
S325000480606C0FFF1F6C0FFF1F740FFF1F740FFF1F7C0FFF1F7C0FFF1F840FFF1F840FFF1FCE
S325000480808C0FFF1F8C0FFF1F940FFF1F940FFF1F9C0FFF1F9C0FFF1FA40FFF1FA40FFF1FAE
S325000480A0AC0FFF1FAC0FFF1FB40FFF1FB40FFF1FBC0FFF1FBC0FFF1FC40FFF1FC40FFF1F8E
S325000480C0CC0FFF1FCC0FFF1FD40FFF1FD40FFF1FDC0FFF1FDC0FFF1FE40FFF1FE40FFF1F6E
S325000480E0EC0FFF1FEC0FFF1FF40FFF1FF40FFF1FFC0FFF1FFC0FFF1F0410FF1F0410FF1F4C
S325000481000C10FF1F0C10FF1F1410FF1F1410FF1F1C10FF1F1C10FF1F2410FF1F2410FF1F25
S325000481202C10FF1F2C10FF1F3410FF1F3410FF1F3C10FF1F3C10FF1F4410FF1F4410FF1F05
S325000481404C10FF1F4C10FF1F5410FF1F5410FF1F5C10FF1F5C10FF1F6410FF1F6410FF1FE5
S325000481606C10FF1F6C10FF1F7410FF1F7410FF1F7C10FF1F7C10FF1F8410FF1F8410FF1FC5
S325000481808C10FF1F8C10FF1F9410FF1F9410FF1F9C10FF1F9C10FF1FA410FF1FA410FF1FA5
S325000481A0AC10FF1FAC10FF1FB410FF1FB410FF1FBC10FF1FBC10FF1FC410FF1FC410FF1F85
S325000481C0CC10FF1FCC10FF1FD410FF1FD410FF1FDC10FF1FDC10FF1FE410FF1FE410FF1F65
S325000481E0EC10FF1FEC10FF1FF410FF1FF410FF1FFC10FF1FFC10FF1F0411FF1F0411FF1F43
S325000482000C11FF1F0C11FF1F1411FF1F1411FF1F1C11FF1F1C11FF1F2411FF1F2411FF1F1C
S325000482202C11FF1F2C11FF1F3411FF1F3411FF1F3C11FF1F3C11FF1F4411FF1F4411FF1FFC
S325000482404C11FF1F4C11FF1F5411FF1F5411FF1F5C11FF1F5C11FF1F6411FF1F6411FF1FDC
S325000482606C11FF1F6C11FF1F7411FF1F7411FF1F7C11FF1F7C11FF1F8411FF1F8411FF1FBC
S325000482808C11FF1F8C11FF1F9411FF1F9411FF1F9C11FF1F9C11FF1FA411FF1FA411FF1F9C
S325000482A0AC11FF1FAC11FF1FB411FF1FB411FF1FBC11FF1FBC11FF1FC411FF1FC411FF1F7C
S325000482C0CC11FF1FCC11FF1FD411FF1FD411FF1FDC11FF1FDC11FF1FE411FF1FE411FF1F5C
S325000482E0EC11FF1FEC11FF1FF411FF1FF411FF1FFC11FF1FFC11FF1F0412FF1F0412FF1F3A
S325000483000C12FF1F0C12FF1F1412FF1F1412FF1F1C12FF1F1C12FF1F2412FF1F2412FF1F13
S325000483202C12FF1F2C12FF1F3412FF1F3412FF1F3C12FF1F3C12FF1F4412FF1F4412FF1FF3
S325000483404C12FF1F4C12FF1F5412FF1F5412FF1F5C12FF1F5C12FF1F6412FF1F6412FF1FD3
S325000483606C12FF1F6C12FF1F7412FF1F7412FF1F7C12FF1F7C12FF1F8412FF1F8412FF1FB3
S325000483808C12FF1F8C12FF1F9412FF1F9412FF1F9C12FF1F9C12FF1FA412FF1FA412FF1F93
S325000483A0AC12FF1FAC12FF1FB412FF1FB412FF1FBC12FF1FBC12FF1FC412FF1FC412FF1F73
S325000483C0CC12FF1FCC12FF1FD412FF1FD412FF1FDC12FF1FDC12FF1FE412FF1FE412FF1F53
S325000483E0EC12FF1FEC12FF1FF412FF1FF412FF1FFC12FF1FFC12FF1F0413FF1F0413FF1F31
S325000484000C13FF1F0C13FF1F1413FF1F1413FF1F1C13FF1F1C13FF1F2413FF1F2413FF1F0A
S325000484202C13FF1F2C13FF1F3413FF1F3413FF1F3C13FF1F3C13FF1F4413FF1F4413FF1FEA
S325000484404C13FF1F4C13FF1F5413FF1F5413FF1F5C13FF1F5C13FF1F6413FF1F6413FF1FCA
S32500048460FFFFFFFF00000200430000000000000000000000000000000000000000000000B1
S3250004848000000000000000004300000000000000000000000000000000000000000000008F
S325000484A000000000000000004300000000000000000000000000000000000000000000006F
S325000484C000000000000000004300000000000000000000000000000000000000000000004F
S325000484E000000000000000004300000000000000000000000000000000000000000000002F
S3250004850000000000000000004300000000000000000000000000000000000000000000000E
S325000485200000000000000000430000000000000000000000000000000000000000000000EE
S325000485400000000000000000F508040005F5030000000000A87304005C2B040048730400AA
S325000485604873040048730400487304004873040048730400487304004873040048730400F9
S32500048580FFFFFFFFFFFFFFFFFFFFFFFFFFFF00000100415343494900000000000000000075
S325000485A0000000000000000000000000000000000000415343494900000000000000000048
S325000485C0000000000000000000000000000000000000000000000000000000000000000091
S325000485E0000000000000000000000000000000000000000000000000000000000000000071
S32500048600000000000000000000000000000000000000000000000000000000000000000050
S32500048620000000000000000000000000000000000000000000000000000000000000000030
S32500048640000000000000000000000000000000000000000000000000000000000000000010
S325000486600000000000000000000000000000000000000000000000000000000000000000F0
S325000486800000000000000000000000000000000000000000000000000000000000000000D0
S325000486A00000000000000000000000000000000000000000000000000000000000000000B0
S325000486C0000000000000000000000000000000000000000000000000000000000000000090
S325000486E0000000000000000000000000000000000000000000000000000000000000000070
S3250004870000000000000000000000000000000000000000000000000000000000000000004F
S3250004872000000000000000000000000000000000000000000000000000000000000000002F
S3250004874000000000000000000000000000000000000000000000000000000000000000000F
S325000487600000000000000000000000000000000000000000000000000000000000000000EF
S325000487800000000000000000000000000000000000000000000000000000000000000000CF
S325000487A00000000000000000000000000000000000000000000000000000000000000000AF
S325000487C000000000000000000000000000000000000000000000000000000000000000008F
S325000487E000000000000000000000000000000000000000000000000000000000000000006F
S3250004880000000000000000000000000000000000000000000000000000000000000000004E
S3250004882000000000000000000000000000000000000000000000000000000000000000002E
S3250004884000000000000000000000000000000000000000000000000000000000000000000E
S325000488600000000000000000000000000000000000000000000000000000000000000000EE
S325000488800000000000000000000000000000000000000000000000000000000000000000CE
S325000488A00000000000000000000000000000000000000000000000000000000000000000AE
S325000488C000000000000000000000000000000000000000000000000000000000000000008E
S325000488E000000000000000000000000000000000000000000000000000000000000000006E
S3250004890000000000000000000000000000000000000000000000000000000000000000004D
S3250004892000000000000000000000000000000000000000000000000000000000000000002D
S3250004894000000000000000000000000000000000000000000000000000000000000000000D
S325000489600000000000000000000000000000000000000000000000000000000000000000ED
S325000489800000000000000000000000000000000000000000000000000000000000000000CD
S325000489A00000000000000000000000000000000000000000000000000000000000000000AD
S325000489C000000000000000000000000000000000000000000000000000000000000000008D
S325000489E000000000000000000000000000000000000000000000000000000000000000006D
S32500048A0000000000000000000000000000000000000000000000000000000000000000004C
S32500048A2000000000000000000000000000000000000000000000000000000000000000002C
S32500048A4000000000000000000000000000000000000000000000000000000000000000000C
S32500048A600000000000000000000000000000000000000000000000000000000000000000EC
S32500048A800000000000000000000000000000000000000000000000000000000000000000CC
S32500048AA00000000000000000000000000000000000000000000000000000000000000000AC
S32500048AC000000000000000000000000000000000000000000000000000000000000000008C
S32500048AE000000000000000000000000000000000000000000000000000000000000000006C
S32500048B0000000000000000000000000000000000000000000000000000000000000000004B
S32500048B2000000000000000000000000000000000000000000000000000000000000000002B
S32500048B4000000000000000000000000000000000000000000000000000000000000000000B
S32500048B600000000000000000000000000000000000000000000000000000000000000000EB
S32500048B800000000000000000000000000000000000000000000000000000000000000000CB
S32500048BA00000000000000000000000000000000000000000000000000000000000000000AB
S32500048BC000000000000000000000000000000000000000000000000000000000000000008B
S32500048BE000000000000000000000000000000000000000000000000000000000000000006B
S32500048C0000000000000000000000000000000000000000000000000000000000000000004A
S32500048C2000000000000000000000000000000000000000000000000000000000000000002A
S32500048C4000000000000000000000000000000000000000000000000000000000000000000A
S32500048C600000000000000000000000000000000000000000000000000000000000000000EA
S32500048C800000000000000000000000000000000000000000000000000000000000000000CA
S32500048CA00000000000000000000000000000000000000000000000000000000000000000AA
S32500048CC000000000000000000000000000000000000000000000000000000000000000008A
S32500048CE000000000000000000000000000000000000000000000000000000000000000006A
S32500048D00000000000000000000000000000000000000000000000000000000000000000049
S32500048D20000000000000000000000000000000000000000000000000000000000000000029
S32500048D40000000000000000000000000000000000000000000000000000000000000000009
S32500048D600000000000000000000000000000000000000000000000000000000000000000E9
S32500048D800000000000000000000000000000000000000000000000000000000000000000C9
S32500048DA00000000000000000000000000000000000000000000000000000000000000000A9
S32500048DC0000000000000000000000000000000000000000000000000000000000000000089
S32500048DE0000000000000000000000000000000000000000000000000000000000000000069
S32500048E00000000000000000000000000000000000000000000000000000000000000000048
S32500048E20000000000000000000000000000000000000000000000000000000000000000028
S32500048E40000000000000000000000000000000000000000000000000000000000000000008
S32500048E600000000000000000000000000000000000000000000000000000000000000000E8
S32500048E800000000000000000000000000000000000000000000000000000000000000000C8
S32500048EA00000000000000000000000000000000000000000000000000000000000000000A8
S32500048EC0000000000000000000000000000000000000000000000000000000000000000088
S32500048EE0000000000000000000000000000000000000000000000000000000000000000068
S32500048F00000000000000000000000000000000000000000000000000000000000000000047
S32500048F20000000000000000000000000000000000000000000000000000000000000000027
S32500048F40000000000000000000000000000000000000000000000000000000000000000007
S32500048F600000000000000000000000000000000000000000000000000000000000000000E7
S32500048F800000000000000000000000000000000000000000000000000000000000000000C7
S32500048FA00000000000000000000000000000000000000000000000000000000000000000A7
S32500048FC0000000000000000000000000000000000000000000000000000000000000000087
S32500048FE0000000000000000000000000000000000000000000000000000000000000000067
S32500049000000000000000000000000000000000000000000000000000000000000000000046
S32500049020000000000000000000000000000000000000000000000000000000000000000026
S32500049040000000000000000000000000000000000000000000000000000000000000000006
S325000490600000000000000000000000000000000000000000000000000000000000000000E6
S325000490800000000000000000000000000000000000000000000000000000000000000000C6
S325000490A00000000000000000000000000000000000000000000000000000000000000000A6
S325000490C0000000000000000000000000000000000000000000000000000000000000000086
S325000490E0000000000000000000000000000000000000000000000000000000000000000066
S32500049100000000000000000000000000000000000000000000000000000000000000000045
S32500049120000000000000000000000000000000000000000000000000000000000000000025
S32500049140000000000000000000000000000000000000000000000000000000000000000005
S325000491600000000000000000000000000000000000000000000000000000000000000000E5
S325000491800000000000000000000000000000000000000000000000000000000000000000C5
S325000491A00000000000000000000000000000000000000000000000000000000000000000A5
S325000491C0000000000000000000000000000000000000000000000000000000000000000085
S325000491E0000000000000000000000000000000000000000000000000000000000000000065
S32500049200000000000000000000000000000000000000000000000000000000000000000044
S32500049220000000000000000000000000000000000000000000000000000000000000000024
S32500049240000000000000000000000000000000000000000000000000000000000000000004
S325000492600000000000000000000000000000000000000000000000000000000000000000E4
S325000492800000000000000000000000000000000000000000000000000000000000000000C4
S325000492A00000000000000000000000000000000000000000000000000000000000000000A4
S325000492C0000000000000000000000000000000000000000000000000000000000000000084
S325000492E0000000000000000000000000000000000000000000000000000000000000000064
S32500049300000000000000000000000000000000000000000000000000000000000000000043
S32500049320000000000000000000000000000000000000000000000000000000000000000023
S32500049340000000000000000000000000000000000000000000000000000000000000000003
S325000493600000000000000000000000000000000000000000000000000000000000000000E3
S325000493800000000000000000000000000000000000000000000000000000000000000000C3
S325000493A00000000000000000000000000000000000000000000000000000000000000000A3
S325000493C0000000000000000000000000000000000000000000000000000000000000000083
S325000493E0000000000000000000000000000000000000000000000000000000000000000063
S32500049400000000000000000000000000000000000000000000000000000000000000000042
S32500049420000000000000000000000000000000000000000000000000000000000000000022
S32500049440000000000000000000000000000000000000000000000000000000000000000002
S325000494600000000000000000000000000000000000000000000000000000000000000000E2
S325000494800000000000000000000000000000000000000000000000000000000000000000C2
S325000494A00000000000000000000000000000000000000000000000000000000000000000A2
S325000494C0000000000000000000000000000000000000000000000000000000000000000082
S325000494E0000000000000000000000000000000000000000000000000000000000000000062
S32500049500000000000000000000000000000000000000000000000000000000000000000041
S32500049520000000000000000000000000000000000000000000000000000000000000000021
S32500049540000000000000000000000000000000000000000000000000000000000000000001
S325000495600000000000000000000000000000000000000000000000000000000000000000E1
S325000495800000000000000000000000000000000000000000000000000000000000000000C1
S325000495A00000000000000000000000000000000000000000000000000000000000000000A1
S325000495C0000000000000000000000000000000000000000000000000000000000000000081
S325000495E0000000000000000000000000000000000000000000000000000000000000000061
S32500049600000000000000000000000000000000000000000000000000000000000000000040
S32500049620000000000000000000000000000000000000000000000000000000000000000020
S32500049640000000000000000000000000000000000000000000000000000000000000000000
S325000496600000000000000000000000000000000000000000000000000000000000000000E0
S325000496800000000000000000000000000000000000000000000000000000000000000000C0
S325000496A00000000000000000000000000000000000000000000000000000000000000000A0
S325000496C0000000000000000000000000000000000000000000000000000000000000000080
S325000496E0000000000000000000000000000000000000000000000000000000000000000060
S3250004970000000000000000000000000000000000000000000000000000000000000000003F
S3250004972000000000000000000000000000000000000000000000000000000000000000001F
S325000497400000000000000000000000000000000000000000000000000000000000000000FF
S325000497600000000000000000000000000000000000000000000000000000000000000000DF
S325000497800000000000000000000000000000000000000000000000000000000000000000BF
S325000497A000000000000000000000000000000000000000000000000000000000000000009F
S325000497C000000000000000000000000000000000000000000000000000000000000000007F
S325000497E000000000000000000000000000000000000000000000000000000000000000005F
S3250004980000000000000000000000000000000000000000000000000000000000000000003E
S3250004982000000000000000000000000000000000000000000000000000000000000000001E
S325000498400000000000000000000000000000000000000000000000000000000000000000FE
S325000498600000000000000000000000000000000000000000000000000000000000000000DE
S325000498800000000000000000000000000000000000000000000000000000000000000000BE
S325000498A000000000000000000000000000000000000000000000000000000000000000009E
S325000498C000000000000000000000000000000000000000000000000000000000000000007E
S325000498E000000000000000000000000000000000000000000000000000000000000000005E
S3250004990000000000000000000000000000000000000000000000000000000000000000003D
S3250004992000000000000000000000000000000000000000000000000000000000000000001D
S325000499400000000000000000000000000000000000000000000000000000000000000000FD
S325000499600000000000000000000000000000000000000000000000000000000000000000DD
S325000499800000000000000000000000000000000000000000000000000000000000000000BD
S325000499A000000000000000000000000000000000000000000000000000000000000000009D
S325000499C000000000000000000000000000000000000000000000000000000000000000007D
S325000499E000000000000000000000000000000000000000000000000000000000000000005D
S32500049A0000000000000000000000000000000000000000000000000000000000000000003C
S32500049A2000000000000000000000000000000000000000000000000000000000000000001C
S32500049A400000000000000000000000000000000000000000000000000000000000000000FC
S32500049A600000000000000000000000000000000000000000000000000000000000000000DC
S32500049A800000000000000000000000000000000000000000000000000000000000000000BC
S32500049AA000000000000000000000000000000000000000000000000000000000000000009C
S32500049AC000000000000000000000000000000000000000000000000000000000000000007C
S32500049AE000000000000000000000000000000000000000000000000000000000000000005C
S32500049B0000000000000000000000000000000000000000000000000000000000000000003B
S32500049B2000000000000000000000000000000000000000000000000000000000000000001B
S32500049B400000000000000000000000000000000000000000000000000000000000000000FB
S32500049B600000000000000000000000000000000000000000000000000000000000000000DB
S32500049B800000000000000000000000000000000000000000000000000000000000000000BB
S32500049BA000000000000000000000000000000000000000000000000000000000000000009B
S32500049BC000000000000000000000000000000000000000000000000000000000000000007B
S32500049BE000000000000000000000000000000000000000000000000000000000000000005B
S32500049C0000000000000000000000000000000000000000000000000000000000000000003A
S32500049C2000000000000000000000000000000000000000000000000000000000000000001A
S32500049C400000000000000000000000000000000000000000000000000000000000000000FA
S32500049C600000000000000000000000000000000000000000000000000000000000000000DA
S32500049C800000000000000000000000000000000000000000000000000000000000000000BA
S32500049CA000000000000000000000000000000000000000000000000000000000000000009A
S32500049CC000000000000000000000000000000000000000000000000000000000000000007A
S32500049CE000000000000000000000000000000000000000000000000000000000000000005A
S32500049D00000000000000000000000000000000000000000000000000000000000000000039
S32500049D20000000000000000000000000000000000000000000000000000000000000000019
S32500049D400000000000000000000000000000000000000000000000000000000000000000F9
S32500049D600000000000000000000000000000000000000000000000000000000000000000D9
S32500049D800000000000000000000000000000000000000000000000000000000000000000B9
S32500049DA0000000000000000000000000000000000000000000000000000000000000000099
S32500049DC0000000000000000000000000000000000000000000000000000000000000000079
S32500049DE0000000000000000000000000000000000000000000000000000000000000000059
S32500049E00000000000000000000000000000000000000000000000000000000000000000038
S32500049E20000000000000000000000000000000000000000000000000000000000000000018
S32500049E400000000000000000000000000000000000000000000000000000000000000000F8
S32500049E600000000000000000000000000000000000000000000000000000000000000000D8
S32500049E800000000000000000000000000000000000000000000000000000000000000000B8
S32500049EA0000000000000000000000000000000000000000000000000000000000000000098
S32500049EC0000000000000000000000000000000000000000000000000000000000000000078
S32500049EE0000000000000000000000000000000000000000000000000000000000000000058
S32500049F00000000000000000000000000000000000000000000000000000000000000000037
S32500049F20000000000000000000000000000000000000000000000000000000000000000017
S32500049F400000000000000000000000000000000000000000000000000000000000000000F7
S32500049F600000000000000000000000000000000000000000000000000000000000000000D7
S32500049F800000000000000000000000000000000000000000000000000000000000000000B7
S32500049FA0000000000000000000000000000000000000000000000000000000000000000097
S32500049FC0000000000000000000000000000000000000000000000000000000000000000077
S32500049FE0000000000000000000000000000000000000000000000000000000000000000057
S3250004A000000000000000000000000000000000000000000000000000000000000000000036
S3250004A020000000000000000000000000000000000000000000000000000000000000000016
S3250004A0400000000000000000000000000000000000000000000000000000000000000000F6
S3250004A0600000000000000000000000000000000000000000000000000000000000000000D6
S3250004A0800000000000000000000000000000000000000000000000000000000000000000B6
S3250004A0A0000000000000000000000000000000000000000000000000000000000000000096
S3250004A0C0000000000000000000000000000000000000000000000000000000000000000076
S3250004A0E0000000000000000000000000000000000000000000000000000000000000000056
S3250004A100000000000000000000000000000000000000000000000000000000000000000035
S3250004A120000000000000000000000000000000000000000000000000000000000000000015
S3250004A1400000000000000000000000000000000000000000000000000000000000000000F5
S3250004A1600000000000000000000000000000000000000000000000000000000000000000D5
S3250004A1800000000000000000000000000000000000000000000000000000000000000000B5
S3250004A1A0000000000000000000000000000000000000000000000000000000000000000095
S3250004A1C0000000000000000000000000000000000000000000000000000000000000000075
S3250004A1E0000000000000000000000000000000000000000000000000000000000000000055
S3250004A200000000000000000000000000000000000000000000000000000000000000000034
S3250004A220000000000000000000000000000000000000000000000000000000000000000014
S3250004A2400000000000000000000000000000000000000000000000000000000000000000F4
S3250004A2600000000000000000000000000000000000000000000000000000000000000000D4
S3250004A2800000000000000000000000000000000000000000000000000000000000000000B4
S3250004A2A0000000000000000000000000000000000000000000000000000000000000000094
S3250004A2C0000000000000000000000000000000000000000000000000000000000000000074
S3250004A2E0000000000000000000000000000000000000000000000000000000000000000054
S3250004A300000000000000000000000000000000000000000000000000000000000000000033
S3250004A320000000000000000000000000000000000000000000000000000000000000000013
S3250004A3400000000000000000000000000000000000000000000000000000000000000000F3
S3250004A3600000000000000000000000000000000000000000000000000000000000000000D3
S3250004A3800000000000000000000000000000000000000000000000000000000000000000B3
S3250004A3A0000000000000000000000000000000000000000000000000000000000000000093
S3250004A3C0000000000000000000000000000000000000000000000000000000000000000073
S3250004A3E0000000000000000000000000000000000000000000000000000000000000000053
S3250004A400000000000000000000000000000000000000000000000000000000000000000032
S3250004A420000000000000000000000000000000000000000000000000000000000000000012
S3250004A4400000000000000000000000000000000000000000000000000000000000000000F2
S3250004A4600000000000000000000000000000000000000000000000000000000000000000D2
S3250004A4800000000000000000000000000000000000000000000000000000000000000000B2
S3250004A4A0000000000000000000000000000000000000000000000000000000000000000092
S3250004A4C0000000000000000000000000000000000000000000000000000000000000000072
S3250004A4E0000000000000000000000000000000000000000000000000000000000000000052
S3250004A500000000000000000000000000000000000000000000000000000000000000000031
S3250004A520000000000000000000000000000000000000000000000000000000000000000011
S3250004A5400000000000000000000000000000000000000000000000000000000000000000F1
S3250004A5600000000000000000000000000000000000000000000000000000000000000000D1
S3250004A5800000000000000000000000000000000000000000000000000000000000000000B1
S3250004A5A0000000000000000000000000000000000000000000000000000000000000000091
S3250004A5C0000000000000000000000000000000000000000000000000000000000000000071
S3250004A5E0000000000000000000000000000000000000000000000000000000000000000051
S3250004A600000000000000000000000000000000000000000000000000000000000000000030
S3250004A620000000000000000000000000000000000000000000000000000000000000000010
S3250004A6400000000000000000000000000000000000000000000000000000000000000000F0
S3250004A6600000000000000000000000000000000000000000000000000000000000000000D0
S3250004A6800000000000000000000000000000000000000000000000000000000000000000B0
S3250004A6A0000000000000000000000000000000000000000000000000000000000000000090
S3250004A6C0000000000000000000000000000000000000000000000000000000000000000070
S3250004A6E0000000000000000000000000000000000000000000000000000000000000000050
S3250004A70000000000000000000000000000000000000000000000000000000000000000002F
S3250004A72000000000000000000000000000000000000000000000000000000000000000000F
S3250004A7400000000000000000000000000000000000000000000000000000000000000000EF
S3250004A7600000000000000000000000000000000000000000000000000000000000000000CF
S3250004A7800000000000000000000000000000000000000000000000000000000000000000AF
S3250004A7A000000000000000000000000000000000000000000000000000000000000000008F
S3250004A7C000000000000000000000000000000000000000000000000000000000000000006F
S3250004A7E000000000000000000000000000000000000000000000000000000000000000004F
S3250004A80000000000000000000000000000000000000000000000000000000000000000002E
S3250004A82000000000000000000000000000000000000000000000000000000000000000000E
S3250004A8400000000000000000000000000000000000000000000000000000000000000000EE
S3250004A8600000000000000000000000000000000000000000000000000000000000000000CE
S3250004A8800000000000000000000000000000000000000000000000000000000000000000AE
S3250004A8A000000000000000000000000000000000000000000000000000000000000000008E
S3250004A8C000000000000000000000000000000000000000000000000000000000000000006E
S3250004A8E000000000000000000000000000000000000000000000000000000000000000004E
S3250004A90000000000000000000000000000000000000000000000000000000000000000002D
S3250004A92000000000000000000000000000000000000000000000000000000000000000000D
S3250004A9400000000000000000000000000000000000000000000000000000000000000000ED
S3250004A9600000000000000000000000000000000000000000000000000000000000000000CD
S3250004A9800000000000000000000000000000000000000000000000000000000000000000AD
S3250004A9A000000000000000000000000000000000000000000000000000000000000000008D
S3250004A9C000000000000000000000000000000000000000000000000000000000000000006D
S3250004A9E000000000000000000000000000000000000000000000000000000000000000004D
S3250004AA0000000000000000000000000000000000000000000000000000000000000000002C
S3250004AA2000000000000000000000000000000000000000000000000000000000000000000C
S3250004AA400000000000000000000000000000000000000000000000000000000000000000EC
S3250004AA600000000000000000000000000000000000000000000000000000000000000000CC
S3250004AA800000000000000000000000000000000000000000000000000000000000000000AC
S3250004AAA000000000000000000000000000000000000000000000000000000000000000008C
S3250004AAC000000000000000000000000000000000000000000000000000000000000000006C
S3250004AAE000000000000000000000000000000000000000000000000000000000000000004C
S3250004AB0000000000000000000000000000000000000000000000000000000000000000002B
S3250004AB2000000000000000000000000000000000000000000000000000000000000000000B
S3250004AB400000000000000000000000000000000000000000000000000000000000000000EB
S3250004AB600000000000000000000000000000000000000000000000000000000000000000CB
S3250004AB800000000000000000000000000000000000000000000000000000000000000000AB
S3250004ABA000000000000000000000000000000000000000000000000000000000000000008B
S3250004ABC000000000000000000000000000000000000000000000000000000000000000006B
S3250004ABE000000000000000000000000000000000000000000000000000000000000000004B
S3250004AC0000000000000000000000000000000000000000000000000000000000000000002A
S3250004AC2000000000000000000000000000000000000000000000000000000000000000000A
S3250004AC400000000000000000000000000000000000000000000000000000000000000000EA
S3250004AC600000000000000000000000000000000000000000000000000000000000000000CA
S3250004AC800000000000000000000000000000000000000000000000000000000000000000AA
S3250004ACA000000000000000000000000000000000000000000000000000000000000000008A
S3250004ACC000000000000000000000000000000000000000000000000000000000000000006A
S3250004ACE000000000000000000000000000000000000000000000000000000000000000004A
S3250004AD00000000000000000000000000000000000000000000000000000000000000000029
S3250004AD20000000000000000000000000000000000000000000000000000000000000000009
S3250004AD400000000000000000000000000000000000000000000000000000000000000000E9
S3250004AD600000000000000000000000000000000000000000000000000000000000000000C9
S3250004AD800000000000000000000000000000000000000000000000000000000000000000A9
S3250004ADA0000000000000000000000000000000000000000000000000000000000000000089
S3250004ADC0000000000000000000000000000000000000000000000000000000000000000069
S3250004ADE0000000000000000000000000000000000000000000000000000000000000000049
S3250004AE00000000000000000000000000000000000000000000000000000000000000000028
S3250004AE20000000000000000000000000000000000000000000000000000000000000000008
S3250004AE400000000000000000000000000000000000000000000000000000000000000000E8
S3250004AE600000000000000000000000000000000000000000000000000000000000000000C8
S3250004AE800000000000000000000000000000000000000000000000000000000000000000A8
S3250004AEA0000000000000000000000000000000000000000000000000000000000000000088
S3250004AEC0000000000000000000000000000000000000000000000000000000000000000068
S3250004AEE0000000000000000000000000000000000000000000000000000000000000000048
S3250004AF00000000000000000000000000000000000000000000000000000000000000000027
S3250004AF20000000000000000000000000000000000000000000000000000000000000000007
S3250004AF400000000000000000000000000000000000000000000000000000000000000000E7
S3250004AF600000000000000000000000000000000000000000000000000000000000000000C7
S3250004AF800000000000000000000000000000000000000000000000000000000000000000A7
S3250004AFA0000000000000000000000000000000000000000000000000000000000000000087
S3250004AFC0000000000000000000000000000000000000000000000000000000000000000067
S3250004AFE0000000000000000000000000000000000000000000000000000000000000000047
S3250004B000000000000000000000000000000000000000000000000000000000000000000026
S3250004B020000000000000000000000000000000000000000000000000000000000000000006
S3250004B0400000000000000000000000000000000000000000000000000000000000000000E6
S3250004B0600000000000000000000000000000000000000000000000000000000000000000C6
S3250004B0800000000000000000000000000000000000000000000000000000000000000000A6
S3250004B0A0000000000000000000000000000000000000000000000000000000000000000086
S3250004B0C0000000000000000000000000000000000000000000000000000000000000000066
S3250004B0E0000000000000000000000000000000000000000000000000000000000000000046
S3250004B100000000000000000000000000000000000000000000000000000000000000000025
S3250004B120000000000000000000000000000000000000000000000000000000000000000005
S3250004B1400000000000000000000000000000000000000000000000000000000000000000E5
S3250004B1600000000000000000000000000000000000000000000000000000000000000000C5
S3250004B1800000000000000000000000000000000000000000000000000000000000000000A5
S3250004B1A0000000000000000000000000000000000000000000000000000000000000000085
S3250004B1C0000000000000000000000000000000000000000000000000000000000000000065
S3250004B1E0000000000000000000000000000000000000000000000000000000000000000045
S3250004B200000000000000000000000000000000000000000000000000000000000000000024
S3250004B220000000000000000000000000000000000000000000000000000000000000000004
S3250004B2400000000000000000000000000000000000000000000000000000000000000000E4
S3250004B2600000000000000000000000000000000000000000000000000000000000000000C4
S3250004B2800000000000000000000000000000000000000000000000000000000000000000A4
S3250004B2A0000000000000000000000000000000000000000000000000000000000000000084
S3250004B2C0000000000000000000000000000000000000000000000000000000000000000064
S3250004B2E0000000000000000000000000000000000000000000000000000000000000000044
S3250004B300000000000000000000000000000000000000000000000000000000000000000023
S3250004B320000000000000000000000000000000000000000000000000000000000000000003
S3250004B3400000000000000000000000000000000000000000000000000000000000000000E3
S3250004B3600000000000000000000000000000000000000000000000000000000000000000C3
S3250004B3800000000000000000000000000000000000000000000000000000000000000000A3
S3250004B3A0000000000000000000000000000000000000000000000000000000000000000083
S3250004B3C0000000000000000000000000000000000000000000000000000000000000000063
S3250004B3E0000000000000000000000000000000000000000000000000000000000000000043
S3250004B400000000000000000000000000000000000000000000000000000000000000000022
S3250004B420000000000000000000000000000000000000000000000000000000000000000002
S3250004B4400000000000000000000000000000000000000000000000000000000000000000E2
S3250004B4600000000000000000000000000000000000000000000000000000000000000000C2
S3250004B4800000000000000000000000000000000000000000000000000000000000000000A2
S3250004B4A0000000000000000000000000000000000000000000000000000000000000000082
S3250004B4C0000000000000000000000000000000000000000000000000000000000000000062
S3250004B4E0000000000000000000000000000000000000000000000000000000000000000042
S3250004B500000000000000000000000000000000000000000000000000000000000000000021
S3250004B520000000000000000000000000000000000000000000000000000000000000000001
S3250004B5400000000000000000000000000000000000000000000000000000000000000000E1
S3250004B5600000000000000000000000000000000000000000000000000000000000000000C1
S3250004B5800000000000000000000000000000000000000000000000000000000000000000A1
S3250004B5A0000000000000000000000000000000000000000000000000000000000000000081
S3250004B5C0000000000000000000000000000000000000000000000000000000000000000061
S3250004B5E0000000000000000000000000000000000000000000000000000000000000000041
S3250004B600000000000000000000000000000000000000000000000000000000000000000020
S3250004B620000000000000000000000000000000000000000000000000000000000000000000
S3250004B6400000000000000000000000000000000000000000000000000000000000000000E0
S3250004B6600000000000000000000000000000000000000000000000000000000000000000C0
S3250004B6800000000000000000000000000000000000000000000000000000000000000000A0
S3250004B6A0000000000000000000000000000000000000000000000000000000000000000080
S3250004B6C0000000000000000000000000000000000000000000000000000000000000000060
S3250004B6E0000000000000000000000000000000000000000000000000000000000000000040
S3250004B70000000000000000000000000000000000000000000000000000000000000000001F
S3250004B7200000000000000000000000000000000000000000000000000000000000000000FF
S3250004B7400000000000000000000000000000000000000000000000000000000000000000DF
S3250004B7600000000000000000000000000000000000000000000000000000000000000000BF
S3250004B78000000000000000000000000000000000000000000000000000000000000000009F
S3250004B7A000000000000000000000000000000000000000000000000000000000000000007F
S3250004B7C000000000000000000000000000000000000000000000000000000000000000005F
S3250004B7E000000000000000000000000000000000000000000000000000000000000000003F
S3250004B80000000000000000000000000000000000000000000000000000000000000000001E
S3250004B8200000000000000000000000000000000000000000000000000000000000000000FE
S3250004B8400000000000000000000000000000000000000000000000000000000000000000DE
S3250004B8600000000000000000000000000000000000000000000000000000000000000000BE
S3250004B88000000000000000000000000000000000000000000000000000000000000000009E
S3250004B8A000000000000000000000000000000000000000000000000000000000000000007E
S3250004B8C000000000000000000000000000000000000000000000000000000000000000005E
S3250004B8E000000000000000000000000000000000000000000000000000000000000000003E
S3250004B90000000000000000000000000000000000000000000000000000000000000000001D
S3250004B9200000000000000000000000000000000000000000000000000000000000000000FD
S3250004B9400000000000000000000000000000000000000000000000000000000000000000DD
S3250004B9600000000000000000000000000000000000000000000000000000000000000000BD
S3250004B98000000000000000000000000000000000000000000000000000000000000000009D
S3250004B9A000000000000000000000000000000000000000000000000000000000000000007D
S3250004B9C000000000000000000000000000000000000000000000000000000000000000005D
S3250004B9E000000000000000000000000000000000000000000000000000000000000000003D
S3250004BA0000000000000000000000000000000000000000000000000000000000000000001C
S3250004BA200000000000000000000000000000000000000000000000000000000000000000FC
S3250004BA400000000000000000000000000000000000000000000000000000000000000000DC
S3250004BA600000000000000000000000000000000000000000000000000000000000000000BC
S3250004BA8000000000000000000000000000000000000000000000000000000000000000009C
S3250004BAA000000000000000000000000000000000000000000000000000000000000000007C
S3250004BAC000000000000000000000000000000000000000000000000000000000000000005C
S3250004BAE000000000000000000000000000000000000000000000000000000000000000003C
S3250004BB0000000000000000000000000000000000000000000000000000000000000000001B
S3250004BB200000000000000000000000000000000000000000000000000000000000000000FB
S3250004BB400000000000000000000000000000000000000000000000000000000000000000DB
S3250004BB600000000000000000000000000000000000000000000000000000000000000000BB
S3250004BB8000000000000000000000000000000000000000000000000000000000000000009B
S3250004BBA000000000000000000000000000000000000000000000000000000000000000007B
S3250004BBC000000000000000000000000000000000000000000000000000000000000000005B
S3250004BBE000000000000000000000000000000000000000000000000000000000000000003B
S3250004BC0000000000000000000000000000000000000000000000000000000000000000001A
S3250004BC200000000000000000000000000000000000000000000000000000000000000000FA
S3250004BC400000000000000000000000000000000000000000000000000000000000000000DA
S3250004BC600000000000000000000000000000000000000000000000000000000000000000BA
S3250004BC8000000000000000000000000000000000000000000000000000000000000000009A
S3250004BCA000000000000000000000000000000000000000000000000000000000000000007A
S3250004BCC000000000000000000000000000000000000000000000000000000000000000005A
S3250004BCE000000000000000000000000000000000000000000000000000000000000000003A
S3250004BD00000000000000000000000000000000000000000000000000000000000000000019
S3250004BD200000000000000000000000000000000000000000000000000000000000000000F9
S3250004BD400000000000000000000000000000000000000000000000000000000000000000D9
S3250004BD600000000000000000000000000000000000000000000000000000000000000000B9
S3250004BD80000000000000000000000000000000000000000000000000000000000000000099
S3250004BDA0000000000000000000000000000000000000000000000000000000000000000079
S3250004BDC0000000000000000000000000000000000000000000000000000000000000000059
S3250004BDE0000000000000000000000000000000000000000000000000000000000000000039
S3250004BE00000000000000000000000000000000000000000000000000000000000000000018
S3250004BE200000000000000000000000000000000000000000000000000000000000000000F8
S3250004BE400000000000000000000000000000000000000000000000000000000000000000D8
S3250004BE600000000000000000000000000000000000000000000000000000000000000000B8
S3250004BE80000000000000000000000000000000000000000000000000000000000000000098
S3250004BEA0000000000000000000000000000000000000000000000000000000000000000078
S3250004BEC0000000000000000000000000000000000000000000000000000000000000000058
S3250004BEE0000000000000000000000000000000000000000000000000000000000000000038
S3250004BF00000000000000000000000000000000000000000000000000000000000000000017
S3250004BF200000000000000000000000000000000000000000000000000000000000000000F7
S3250004BF400000000000000000000000000000000000000000000000000000000000000000D7
S3250004BF600000000000000000000000000000000000000000000000000000000000000000B7
S3250004BF80000000000000000000000000000000000000000000000000000000000000000097
S3250004BFA0000000000000000000000000000000000000000000000000000000000000000077
S3250004BFC0000000000000000000000000000000000000000000000000000000000000000057
S3250004BFE0000000000000000000000000000000000000000000000000000000000000000037
S3250004C000000000000000000000000000000000000000000000000000000000000000000016
S3250004C0200000000000000000000000000000000000000000000000000000000000000000F6
S3250004C0400000000000000000000000000000000000000000000000000000000000000000D6
S3250004C0600000000000000000000000000000000000000000000000000000000000000000B6
S3250004C080000000000000000000000000000000000000000000000000000000000000000096
S3250004C0A0000000000000000000000000000000000000000000000000000000000000000076
S3250004C0C0000000000000000000000000000000000000000000000000000000000000000056
S3250004C0E0000000000000000000000000000000000000000000000000000000000000000036
S3250004C100000000000000000000000000000000000000000000000000000000000000000015
S3250004C1200000000000000000000000000000000000000000000000000000000000000000F5
S3250004C1400000000000000000000000000000000000000000000000000000000000000000D5
S3250004C1600000000000000000000000000000000000000000000000000000000000000000B5
S3250004C180000000000000000000000000000000000000000000000000000000000000000095
S3250004C1A0000000000000000000000000000000000000000000000000000000000000000075
S3250004C1C0000000000000000000000000000000000000000000000000000000000000000055
S3250004C1E0000000000000000000000000000000000000000000000000000000000000000035
S3250004C200000000000000000000000000000000000000000000000000000000000000000014
S3250004C2200000000000000000000000000000000000000000000000000000000000000000F4
S3250004C2400000000000000000000000000000000000000000000000000000000000000000D4
S3250004C2600000000000000000000000000000000000000000000000000000000000000000B4
S3250004C280000000000000000000000000000000000000000000000000000000000000000094
S3250004C2A0000000000000000000000000000000000000000000000000000000000000000074
S3250004C2C0000000000000000000000000000000000000000000000000000000000000000054
S3250004C2E0000000000000000000000000000000000000000000000000000000000000000034
S3250004C300000000000000000000000000000000000000000000000000000000000000000013
S3250004C3200000000000000000000000000000000000000000000000000000000000000000F3
S3250004C3400000000000000000000000000000000000000000000000000000000000000000D3
S3250004C3600000000000000000000000000000000000000000000000000000000000000000B3
S3250004C380000000000000000000000000000000000000000000000000000000000000000093
S3250004C3A0000000000000000000000000000000000000000000000000000000000000000073
S3250004C3C0000000000000000000000000000000000000000000000000000000000000000053
S3250004C3E0000000000000000000000000000000000000000000000000000000000000000033
S3250004C400000000000000000000000000000000000000000000000000000000000000000012
S3250004C4200000000000000000000000000000000000000000000000000000000000000000F2
S3250004C4400000000000000000000000000000000000000000000000000000000000000000D2
S3250004C4600000000000000000000000000000000000000000000000000000000000000000B2
S3250004C480000000000000000000000000000000000000000000000000000000000000000092
S3250004C4A0000000000000000000000000000000000000000000000000000000000000000072
S3250004C4C0000000000000000000000000000000000000000000000000000000000000000052
S3250004C4E0000000000000000000000000000000000000000000000000000000000000000032
S3250004C500000000000000000000000000000000000000000000000000000000000000000011
S3250004C5200000000000000000000000000000000000000000000000000000000000000000F1
S3250004C5400000000000000000000000000000000000000000000000000000000000000000D1
S3250004C5600000000000000000000000000000000000000000000000000000000000000000B1
S3250004C580000000000000000000000000000000000000000000000000000000000000000091
S3250004C5A0000000000000000000000000000000000000000000000000000000000000000071
S3250004C5C0000000000000000000000000000000000000000000000000000000000000000051
S3250004C5E0000000000000000000000000000000000000000000000000000000000000000031
S3250004C600000000000000000000000000000000000000000000000000000000000000000010
S3250004C6200000000000000000000000000000000000000000000000000000000000000000F0
S3250004C6400000000000000000000000000000000000000000000000000000000000000000D0
S3250004C6600000000000000000000000000000000000000000000000000000000000000000B0
S3250004C680000000000000000000000000000000000000000000000000000000000000000090
S3250004C6A0000000000000000000000000000000000000000000000000000000000000000070
S3250004C6C0000000000000000000000000000000000000000000000000000000000000000050
S3250004C6E0000000000000000000000000000000000000000000000000000000000000000030
S3250004C70000000000000000000000000000000000000000000000000000000000000000000F
S3250004C7200000000000000000000000000000000000000000000000000000000000000000EF
S3250004C7400000000000000000000000000000000000000000000000000000000000000000CF
S3250004C7600000000000000000000000000000000000000000000000000000000000000000AF
S3250004C78000000000000000000000000000000000000000000000000000000000000000008F
S3250004C7A000000000000000000000000000000000000000000000000000000000000000006F
S3250004C7C000000000000000000000000000000000000000000000000000000000000000004F
S3250004C7E000000000000000000000000000000000000000000000000000000000000000002F
S3250004C80000000000000000000000000000000000000000000000000000000000000000000E
S3250004C8200000000000000000000000000000000000000000000000000000000000000000EE
S3250004C8400000000000000000000000000000000000000000000000000000000000000000CE
S3250004C8600000000000000000000000000000000000000000000000000000000000000000AE
S3250004C88000000000000000000000000000000000000000000000000000000000000000008E
S3250004C8A000000000000000000000000000000000000000000000000000000000000000006E
S3250004C8C000000000000000000000000000000000000000000000000000000000000000004E
S3250004C8E000000000000000000000000000000000000000000000000000000000000000002E
S3250004C90000000000000000000000000000000000000000000000000000000000000000000D
S3250004C9200000000000000000000000000000000000000000000000000000000000000000ED
S3250004C9400000000000000000000000000000000000000000000000000000000000000000CD
S3250004C9600000000000000000000000000000000000000000000000000000000000000000AD
S3250004C98000000000000000000000000000000000000000000000000000000000000000008D
S3250004C9A000000000000000000000000000000000000000000000000000000000000000006D
S3250004C9C000000000000000000000000000000000000000000000000000000000000000004D
S3250004C9E000000000000000000000000000000000000000000000000000000000000000002D
S3250004CA0000000000000000000000000000000000000000000000000000000000000000000C
S3250004CA200000000000000000000000000000000000000000000000000000000000000000EC
S3250004CA400000000000000000000000000000000000000000000000000000000000000000CC
S3250004CA600000000000000000000000000000000000000000000000000000000000000000AC
S3250004CA8000000000000000000000000000000000000000000000000000000000000000008C
S3250004CAA000000000000000000000000000000000000000000000000000000000000000006C
S3250004CAC000000000000000000000000000000000000000000000000000000000000000004C
S3250004CAE000000000000000000000000000000000000000000000000000000000000000002C
S3250004CB0000000000000000000000000000000000000000000000000000000000000000000B
S3250004CB200000000000000000000000000000000000000000000000000000000000000000EB
S3250004CB400000000000000000000000000000000000000000000000000000000000000000CB
S3250004CB600000000000000000000000000000000000000000000000000000000000000000AB
S3250004CB8000000000000000000000000000000000000000000000000000000000000000008B
S3250004CBA000000000000000000000000000000000000000000000000000000000000000006B
S3250004CBC000000000000000000000000000000000000000000000000000000000000000004B
S3250004CBE000000000000000000000000000000000000000000000000000000000000000002B
S3250004CC0000000000000000000000000000000000000000000000000000000000000000000A
S3250004CC200000000000000000000000000000000000000000000000000000000000000000EA
S3250004CC400000000000000000000000000000000000000000000000000000000000000000CA
S3250004CC600000000000000000000000000000000000000000000000000000000000000000AA
S3250004CC8000000000000000000000000000000000000000000000000000000000000000008A
S3250004CCA000000000000000000000000000000000000000000000000000000000000000006A
S3250004CCC000000000000000000000000000000000000000000000000000000000000000004A
S3250004CCE000000000000000000000000000000000000000000000000000000000000000002A
S3250004CD00000000000000000000000000000000000000000000000000000000000000000009
S3250004CD200000000000000000000000000000000000000000000000000000000000000000E9
S3250004CD400000000000000000000000000000000000000000000000000000000000000000C9
S3250004CD600000000000000000000000000000000000000000000000000000000000000000A9
S3250004CD80000000000000000000000000000000000000000000000000000000000000000089
S3250004CDA0000000000000000000000000000000000000000000000000000000000000000069
S3250004CDC0000000000000000000000000000000000000000000000000000000000000000049
S3250004CDE0000000000000000000000000000000000000000000000000000000000000000029
S3250004CE00000000000000000000000000000000000000000000000000000000000000000008
S3250004CE200000000000000000000000000000000000000000000000000000000000000000E8
S3250004CE400000000000000000000000000000000000000000000000000000000000000000C8
S3250004CE600000000000000000000000000000000000000000000000000000000000000000A8
S3250004CE80000000000000000000000000000000000000000000000000000000000000000088
S3250004CEA0000000000000000000000000000000000000000000000000000000000000000068
S3250004CEC0000000000000000000000000000000000000000000000000000000000000000048
S3250004CEE0000000000000000000000000000000000000000000000000000000000000000028
S3250004CF00000000000000000000000000000000000000000000000000000000000000000007
S3250004CF200000000000000000000000000000000000000000000000000000000000000000E7
S3250004CF400000000000000000000000000000000000000000000000000000000000000000C7
S3250004CF600000000000000000000000000000000000000000000000000000000000000000A7
S3250004CF80000000000000000000000000000000000000000000000000000000000000000087
S3250004CFA0000000000000000000000000000000000000000000000000000000000000000067
S3250004CFC0000000000000000000000000000000000000000000000000000000000000000047
S3250004CFE0000000000000000000000000000000000000000000000000000000000000000027
S3250004D000000000000000000000000000000000000000000000000000000000000000000006
S3250004D0200000000000000000000000000000000000000000000000000000000000000000E6
S3250004D0400000000000000000000000000000000000000000000000000000000000000000C6
S3250004D0600000000000000000000000000000000000000000000000000000000000000000A6
S3250004D080000000000000000000000000000000000000000000000000000000000000000086
S3250004D0A0000000000000000000000000000000000000000000000000000000000000000066
S3250004D0C0000000000000000000000000000000000000000000000000000000000000000046
S3250004D0E0000000000000000000000000000000000000000000000000000000000000000026
S3250004D100000000000000000000000000000000000000000000000000000000000000000005
S3250004D1200000000000000000000000000000000000000000000000000000000000000000E5
S3250004D1400000000000000000000000000000000000000000000000000000000000000000C5
S3250004D1600000000000000000000000000000000000000000000000000000000000000000A5
S3250004D180000000000000000000000000000000000000000000000000000000000000000085
S3250004D1A0000000000000000000000000000000000000000000000000000000000000000065
S3250004D1C0000000000000000000000000000000000000000000000000000000000000000045
S3250004D1E0000000000000000000000000000000000000000000000000000000000000000025
S3250004D200000000000000000000000000000000000000000000000000000000000000000004
S3250004D2200000000000000000000000000000000000000000000000000000000000000000E4
S3250004D2400000000000000000000000000000000000000000000000000000000000000000C4
S3250004D2600000000000000000000000000000000000000000000000000000000000000000A4
S3250004D280000000000000000000000000000000000000000000000000000000000000000084
S3250004D2A0000000000000000000000000000000000000000000000000000000000000000064
S3250004D2C0000000000000000000000000000000000000000000000000000000000000000044
S3250004D2E0000000000000000000000000000000000000000000000000000000000000000024
S3250004D300000000000000000000000000000000000000000000000000000000000000000003
S3250004D3200000000000000000000000000000000000000000000000000000000000000000E3
S3250004D3400000000000000000000000000000000000000000000000000000000000000000C3
S3250004D3600000000000000000000000000000000000000000000000000000000000000000A3
S3250004D380000000000000000000000000000000000000000000000000000000000000000083
S3250004D3A0000000000000000000000000000000000000000000000000000000000000000063
S3250004D3C0000000000000000000000000000000000000000000000000000000000000000043
S3250004D3E0000000000000000000000000000000000000000000000000000000000000000023
S3250004D400000000000000000000000000000000000000000000000000000000000000000002
S3250004D4200000000000000000000000000000000000000000000000000000000000000000E2
S3250004D4400000000000000000000000000000000000000000000000000000000000000000C2
S3250004D4600000000000000000000000000000000000000000000000000000000000000000A2
S3250004D480000000000000000000000000000000000000000000000000000000000000000082
S3250004D4A0000000000000000000000000000000000000000000000000000000000000000062
S3250004D4C0000000000000000000000000000000000000000000000000000000000000000042
S3250004D4E0000000000000000000000000000000000000000000000000000000000000000022
S3250004D500000000000000000000000000000000000000000000000000000000000000000001
S3250004D5200000000000000000000000000000000000000000000000000000000000000000E1
S3250004D5400000000000000000000000000000000000000000000000000000000000000000C1
S3250004D5600000000000000000000000000000000000000000000000000000000000000000A1
S3250004D580000000000000000000000000000000000000000000000000000000000000000081
S3250004D5A0000000000000000000000000000000000000000000000000000000000000000061
S3250004D5C0000000000000000000000000000000000000000000000000000000000000000041
S3250004D5E0000000000000000000000000000000000000000000000000000000000000000021
S3250004D600000000000000000000000000000000000000000000000000000000000000000000
S3250004D6200000000000000000000000000000000000000000000000000000000000000000E0
S3250004D6400000000000000000000000000000000000000000000000000000000000000000C0
S3250004D6600000000000000000000000000000000000000000000000000000000000000000A0
S3250004D680000000000000000000000000000000000000000000000000000000000000000080
S3250004D6A0000000000000000000000000000000000000000000000000000000000000000060
S3250004D6C0000000000000000000000000000000000000000000000000000000000000000040
S3250004D6E0000000000000000000000000000000000000000000000000000000000000000020
S3250004D7000000000000000000000000000000000000000000000000000000000000000000FF
S3250004D7200000000000000000000000000000000000000000000000000000000000000000DF
S3250004D7400000000000000000000000000000000000000000000000000000000000000000BF
S3250004D76000000000000000000000000000000000000000000000000000000000000000009F
S3250004D78000000000000000000000000000000000000000000000000000000000000000007F
S3250004D7A000000000000000000000000000000000000000000000000000000000000000005F
S3250004D7C000000000000000000000000000000000000000000000000000000000000000003F
S3250004D7E000000000000000000000000000000000000000000000000000000000000000001F
S3250004D8000000000000000000000000000000000000000000000000000000000000000000FE
S3250004D8200000000000000000000000000000000000000000000000000000000000000000DE
S3250004D8400000000000000000000000000000000000000000000000000000000000000000BE
S3250004D86000000000000000000000000000000000000000000000000000000000000000009E
S3250004D88000000000000000000000000000000000000000000000000000000000000000007E
S3250004D8A000000000000000000000000000000000000000000000000000000000000000005E
S3250004D8C000000000000000000000000000000000000000000000000000000000000000003E
S3250004D8E000000000000000000000000000000000000000000000000000000000000000001E
S3250004D9000000000000000000000000000000000000000000000000000000000000000000FD
S3250004D9200000000000000000000000000000000000000000000000000000000000000000DD
S3250004D9400000000000000000000000000000000000000000000000000000000000000000BD
S3250004D96000000000000000000000000000000000000000000000000000000000000000009D
S3250004D98000000000000000000000000000000000000000000000000000000000000000007D
S3250004D9A000000000000000000000000000000000000000000000000000000000000000005D
S3250004D9C000000000000000000000000000000000000000000000000000000000000000003D
S3250004D9E000000000000000000000000000000000000000000000000000000000000000001D
S3250004DA000000000000000000000000000000000000000000000000000000000000000000FC
S3250004DA200000000000000000000000000000000000000000000000000000000000000000DC
S3250004DA400000000000000000000000000000000000000000000000000000000000000000BC
S3250004DA6000000000000000000000000000000000000000000000000000000000000000009C
S3250004DA8000000000000000000000000000000000000000000000000000000000000000007C
S3250004DAA000000000000000000000000000000000000000000000000000000000000000005C
S3250004DAC000000000000000000000000000000000000000000000000000000000000000003C
S3250004DAE000000000000000000000000000000000000000000000000000000000000000001C
S3250004DB000000000000000000000000000000000000000000000000000000000000000000FB
S3250004DB200000000000000000000000000000000000000000000000000000000000000000DB
S3250004DB400000000000000000000000000000000000000000000000000000000000000000BB
S3250004DB6000000000000000000000000000000000000000000000000000000000000000009B
S3250004DB8000000000000000000000000000000000000000000000000000000000000000007B
S3250004DBA000000000000000000000000000000000000000000000000000000000000000005B
S3250004DBC000000000000000000000000000000000000000000000000000000000000000003B
S3250004DBE000000000000000000000000000000000000000000000000000000000000000001B
S3250004DC000000000000000000000000000000000000000000000000000000000000000000FA
S3250004DC200000000000000000000000000000000000000000000000000000000000000000DA
S3250004DC400000000000000000000000000000000000000000000000000000000000000000BA
S3250004DC6000000000000000000000000000000000000000000000000000000000000000009A
S3250004DC8000000000000000000000000000000000000000000000000000000000000000007A
S3250004DCA000000000000000000000000000000000000000000000000000000000000000005A
S3250004DCC000000000000000000000000000000000000000000000000000000000000000003A
S3250004DCE000000000000000000000000000000000000000000000000000000000000000001A
S3250004DD000000000000000000000000000000000000000000000000000000000000000000F9
S3250004DD200000000000000000000000000000000000000000000000000000000000000000D9
S3250004DD400000000000000000000000000000000000000000000000000000000000000000B9
S3250004DD60000000000000000000000000000000000000000000000000000000000000000099
S3250004DD80000000000000000000000000000000000000000000000000000000000000000079
S3250004DDA0000000000000000000000000000000000000000000000000000000000000000059
S3250004DDC0000000000000000000000000000000000000000000000000000000000000000039
S3250004DDE0000000000000000000000000000000000000000000000000000000000000000019
S3250004DE000000000000000000000000000000000000000000000000000000000000000000F8
S3250004DE200000000000000000000000000000000000000000000000000000000000000000D8
S3250004DE400000000000000000000000000000000000000000000000000000000000000000B8
S3250004DE60000000000000000000000000000000000000000000000000000000000000000098
S3250004DE80000000000000000000000000000000000000000000000000000000000000000078
S3250004DEA0000000000000000000000000000000000000000000000000000000000000000058
S3250004DEC0000000000000000000000000000000000000000000000000000000000000000038
S3250004DEE0000000000000000000000000000000000000000000000000000000000000000018
S3250004DF000000000000000000000000000000000000000000000000000000000000000000F7
S3250004DF200000000000000000000000000000000000000000000000000000000000000000D7
S3250004DF400000000000000000000000000000000000000000000000000000000000000000B7
S3250004DF60000000000000000000000000000000000000000000000000000000000000000097
S3250004DF80000000000000000000000000000000000000000000000000000000000000000077
S3250004DFA0000000000000000000000000000000000000000000000000000000000000000057
S3250004DFC0000000000000000000000000000000000000000000000000000000000000000037
S3250004DFE0000000000000000000000000000000000000000000000000000000000000000017
S3250004E0000000000000000000000000000000000000000000000000000000000000000000F6
S3250004E0200000000000000000000000000000000000000000000000000000000000000000D6
S3250004E0400000000000000000000000000000000000000000000000000000000000000000B6
S3250004E060000000000000000000000000000000000000000000000000000000000000000096
S3250004E080000000000000000000000000000000000000000000000000000000000000000076
S3250004E0A0000000000000000000000000000000000000000000000000000000000000000056
S3250004E0C0000000000000000000000000000000000000000000000000000000000000000036
S3250004E0E0000000000000000000000000000000000000000000000000000000000000000016
S3250004E1000000000000000000000000000000000000000000000000000000000000000000F5
S3250004E1200000000000000000000000000000000000000000000000000000000000000000D5
S3250004E1400000000000000000000000000000000000000000000000000000000000000000B5
S3250004E160000000000000000000000000000000000000000000000000000000000000000095
S3250004E180000000000000000000000000000000000000000000000000000000000000000075
S3250004E1A0000000000000000000000000000000000000000000000000000000000000000055
S3250004E1C0000000000000000000000000000000000000000000000000000000000000000035
S3250004E1E0000000000000000000000000000000000000000000000000000000000000000015
S3250004E2000000000000000000000000000000000000000000000000000000000000000000F4
S3250004E2200000000000000000000000000000000000000000000000000000000000000000D4
S3250004E2400000000000000000000000000000000000000000000000000000000000000000B4
S3250004E260000000000000000000000000000000000000000000000000000000000000000094
S3250004E280000000000000000000000000000000000000000000000000000000000000000074
S3250004E2A0000000000000000000000000000000000000000000000000000000000000000054
S3250004E2C0000000000000000000000000000000000000000000000000000000000000000034
S3250004E2E0000000000000000000000000000000000000000000000000000000000000000014
S3250004E3000000000000000000000000000000000000000000000000000000000000000000F3
S3250004E3200000000000000000000000000000000000000000000000000000000000000000D3
S3250004E3400000000000000000000000000000000000000000000000000000000000000000B3
S3250004E360000000000000000000000000000000000000000000000000000000000000000093
S3250004E380000000000000000000000000000000000000000000000000000000000000000073
S3250004E3A0000000000000000000000000000000000000000000000000000000000000000053
S3250004E3C0000000000000000000000000000000000000000000000000000000000000000033
S3250004E3E0000000000000000000000000000000000000000000000000000000000000000013
S3250004E4000000000000000000000000000000000000000000000000000000000000000000F2
S3250004E4200000000000000000000000000000000000000000000000000000000000000000D2
S3250004E4400000000000000000000000000000000000000000000000000000000000000000B2
S3250004E460000000000000000000000000000000000000000000000000000000000000000092
S3250004E480000000000000000000000000000000000000000000000000000000000000000072
S3250004E4A0000000000000000000000000000000000000000000000000000000000000000052
S3250004E4C0000000000000000000000000000000000000000000000000000000000000000032
S3250004E4E0000000000000000000000000000000000000000000000000000000000000000012
S3250004E5000000000000000000000000000000000000000000000000000000000000000000F1
S3250004E5200000000000000000000000000000000000000000000000000000000000000000D1
S3250004E5400000000000000000000000000000000000000000000000000000000000000000B1
S3250004E560000000000000000000000000000000000000000000000000000000000000000091
S3250004E580000000000000000000000000000000000000000000000000000000000000000071
S3250004E5A0000000000000000000000000000000000000000000000000000000000000000051
S3250004E5C0000000000000000000000000000000000000000000000000000000000000000031
S3250004E5E0000000000000000000000000000000000000000000000000000000000000000011
S3250004E6000000000000000000000000000000000000000000000000000000000000000000F0
S3250004E6200000000000000000000000000000000000000000000000000000000000000000D0
S3250004E6400000000000000000000000000000000000000000000000000000000000000000B0
S3250004E660000000000000000000000000000000000000000000000000000000000000000090
S3250004E680000000000000000000000000000000000000000000000000000000000000000070
S3250004E6A0000000000000000000000000000000000000000000000000000000000000000050
S3250004E6C0000000000000000000000000000000000000000000000000000000000000000030
S3250004E6E0000000000000000000000000000000000000000000000000000000000000000010
S3250004E7000000000000000000000000000000000000000000000000000000000000000000EF
S3250004E7200000000000000000000000000000000000000000000000000000000000000000CF
S3250004E7400000000000000000000000000000000000000000000000000000000000000000AF
S3250004E76000000000000000000000000000000000000000000000000000000000000000008F
S3250004E78000000000000000000000000000000000000000000000000000000000000000006F
S3250004E7A000000000000000000000000000000000000000000000000000000000000000004F
S3250004E7C000000000000000000000000000000000000000000000000000000000000000002F
S3250004E7E000000000000000000000000000000000000000000000000000000000000000000F
S3250004E8000000000000000000000000000000000000000000000000000000000000000000EE
S3250004E8200000000000000000000000000000000000000000000000000000000000000000CE
S3250004E8400000000000000000000000000000000000000000000000000000000000000000AE
S3250004E86000000000000000000000000000000000000000000000000000000000000000008E
S3250004E88000000000000000000000000000000000000000000000000000000000000000006E
S3250004E8A000000000000000000000000000000000000000000000000000000000000000004E
S3250004E8C000000000000000000000000000000000000000000000000000000000000000002E
S3250004E8E000000000000000000000000000000000000000000000000000000000000000000E
S3250004E9000000000000000000000000000000000000000000000000000000000000000000ED
S3250004E9200000000000000000000000000000000000000000000000000000000000000000CD
S3250004E9400000000000000000000000000000000000000000000000000000000000000000AD
S3250004E96000000000000000000000000000000000000000000000000000000000000000008D
S3250004E98000000000000000000000000000000000000000000000000000000000000000006D
S3250004E9A000000000000000000000000000000000000000000000000000000000000000004D
S3250004E9C000000000000000000000000000000000000000000000000000000000000000002D
S3250004E9E000000000000000000000000000000000000000000000000000000000000000000D
S3250004EA000000000000000000000000000000000000000000000000000000000000000000EC
S3250004EA200000000000000000000000000000000000000000000000000000000000000000CC
S3250004EA400000000000000000000000000000000000000000000000000000000000000000AC
S3250004EA6000000000000000000000000000000000000000000000000000000000000000008C
S3250004EA8000000000000000000000000000000000000000000000000000000000000000006C
S3250004EAA000000000000000000000000000000000000000000000000000000000000000004C
S3250004EAC000000000000000000000000000000000000000000000000000000000000000002C
S3250004EAE000000000000000000000000000000000000000000000000000000000000000000C
S3250004EB000000000000000000000000000000000000000000000000000000000000000000EB
S3250004EB200000000000000000000000000000000000000000000000000000000000000000CB
S3250004EB400000000000000000000000000000000000000000000000000000000000000000AB
S3250004EB6000000000000000000000000000000000000000000000000000000000000000008B
S3250004EB8000000000000000000000000000000000000000000000000000000000000000006B
S3250004EBA000000000000000000000000000000000000000000000000000000000000000004B
S3250004EBC000000000000000000000000000000000000000000000000000000000000000002B
S3250004EBE000000000000000000000000000000000000000000000000000000000000000000B
S3250004EC000000000000000000000000000000000000000000000000000000000000000000EA
S3250004EC200000000000000000000000000000000000000000000000000000000000000000CA
S3250004EC400000000000000000000000000000000000000000000000000000000000000000AA
S3250004EC6000000000000000000000000000000000000000000000000000000000000000008A
S3250004EC8000000000000000000000000000000000000000000000000000000000000000006A
S3250004ECA000000000000000000000000000000000000000000000000000000000000000004A
S3250004ECC000000000000000000000000000000000000000000000000000000000000000002A
S3250004ECE000000000000000000000000000000000000000000000000000000000000000000A
S3250004ED000000000000000000000000000000000000000000000000000000000000000000E9
S3250004ED200000000000000000000000000000000000000000000000000000000000000000C9
S3250004ED400000000000000000000000000000000000000000000000000000000000000000A9
S3250004ED60000000000000000000000000000000000000000000000000000000000000000089
S3250004ED80000000000000000000000000000000000000000000000000000000000000000069
S3250004EDA0000000000000000000000000000000000000000000000000000000000000000049
S3250004EDC0000000000000000000000000000000000000000000000000000000000000000029
S3250004EDE0000000000000000000000000000000000000000000000000000000000000000009
S3250004EE000000000000000000000000000000000000000000000000000000000000000000E8
S3250004EE200000000000000000000000000000000000000000000000000000000000000000C8
S3250004EE400000000000000000000000000000000000000000000000000000000000000000A8
S3250004EE60000000000000000000000000000000000000000000000000000000000000000088
S3250004EE80000000000000000000000000000000000000000000000000000000000000000068
S3250004EEA0000000000000000000000000000000000000000000000000000000000000000048
S3250004EEC0000000000000000000000000000000000000000000000000000000000000000028
S3250004EEE0000000000000000000000000000000000000000000000000000000000000000008
S3250004EF000000000000000000000000000000000000000000000000000000000000000000E7
S3250004EF200000000000000000000000000000000000000000000000000000000000000000C7
S3250004EF400000000000000000000000000000000000000000000000000000000000000000A7
S3250004EF60000000000000000000000000000000000000000000000000000000000000000087
S3250004EF80000000000000000000000000000000000000000000000000000000000000000067
S3250004EFA0000000000000000000000000000000000000000000000000000000000000000047
S3250004EFC0000000000000000000000000000000000000000000000000000000000000000027
S3250004EFE0000000000000000000000000000000000000000000000000000000000000000007
S3250004F0000000000000000000000000000000000000000000000000000000000000000000E6
S3250004F0200000000000000000000000000000000000000000000000000000000000000000C6
S3250004F0400000000000000000000000000000000000000000000000000000000000000000A6
S3250004F060000000000000000000000000000000000000000000000000000000000000000086
S3250004F080000000000000000000000000000000000000000000000000000000000000000066
S3250004F0A0000000000000000000000000000000000000000000000000000000000000000046
S3250004F0C0000000000000000000000000000000000000000000000000000000000000000026
S3250004F0E0000000000000000000000000000000000000000000000000000000000000000006
S3250004F1000000000000000000000000000000000000000000000000000000000000000000E5
S3250004F1200000000000000000000000000000000000000000000000000000000000000000C5
S3250004F1400000000000000000000000000000000000000000000000000000000000000000A5
S3250004F160000000000000000000000000000000000000000000000000000000000000000085
S3250004F180000000000000000000000000000000000000000000000000000000000000000065
S3250004F1A0000000000000000000000000000000000000000000000000000000000000000045
S3250004F1C0000000000000000000000000000000000000000000000000000000000000000025
S3250004F1E0000000000000000000000000000000000000000000000000000000000000000005
S3250004F2000000000000000000000000000000000000000000000000000000000000000000E4
S3250004F2200000000000000000000000000000000000000000000000000000000000000000C4
S3250004F2400000000000000000000000000000000000000000000000000000000000000000A4
S3250004F260000000000000000000000000000000000000000000000000000000000000000084
S3250004F280000000000000000000000000000000000000000000000000000000000000000064
S3250004F2A0000000000000000000000000000000000000000000000000000000000000000044
S3250004F2C0000000000000000000000000000000000000000000000000000000000000000024
S3250004F2E0000000000000000000000000000000000000000000000000000000000000000004
S3250004F3000000000000000000000000000000000000000000000000000000000000000000E3
S3250004F3200000000000000000000000000000000000000000000000000000000000000000C3
S3250004F3400000000000000000000000000000000000000000000000000000000000000000A3
S3250004F360000000000000000000000000000000000000000000000000000000000000000083
S3250004F380000000000000000000000000000000000000000000000000000000000000000063
S3250004F3A0000000000000000000000000000000000000000000000000000000000000000043
S3250004F3C0000000000000000000000000000000000000000000000000000000000000000023
S3250004F3E0000000000000000000000000000000000000000000000000000000000000000003
S3250004F4000000000000000000000000000000000000000000000000000000000000000000E2
S3250004F4200000000000000000000000000000000000000000000000000000000000000000C2
S3250004F4400000000000000000000000000000000000000000000000000000000000000000A2
S3250004F460000000000000000000000000000000000000000000000000000000000000000082
S3250004F480000000000000000000000000000000000000000000000000000000000000000062
S3250004F4A0000000000000000000000000000000000000000000000000000000000000000042
S3250004F4C0000000000000000000000000000000000000000000000000000000000000000022
S3250004F4E0000000000000000000000000000000000000000000000000000000000000000002
S3250004F5000000000000000000000000000000000000000000000000000000000000000000E1
S3250004F5200000000000000000000000000000000000000000000000000000000000000000C1
S3250004F5400000000000000000000000000000000000000000000000000000000000000000A1
S3250004F560000000000000000000000000000000000000000000000000000000000000000081
S3250004F580000000000000000000000000000000000000000000000000000000000000000061
S3250004F5A0000000000000000000000000000000000000000000000000000000000000000041
S3250004F5C0000000000000000000000000000000000000000000000000000000000000000021
S3250004F5E0000000000000000000000000000000000000000000000000000000000000000001
S3250004F6000000000000000000000000000000000000000000000000000000000000000000E0
S3250004F6200000000000000000000000000000000000000000000000000000000000000000C0
S3250004F6400000000000000000000000000000000000000000000000000000000000000000A0
S3250004F660000000000000000000000000000000000000000000000000000000000000000080
S3250004F680000000000000000000000000000000000000000000000000000000000000000060
S3250004F6A0000000000000000000000000000000000000000000000000000000000000000040
S3250004F6C0000000000000000000000000000000000000000000000000000000000000000020
S3250004F6E0000000000000000000000000000000000000000000000000000000000000000000
S3250004F7000000000000000000000000000000000000000000000000000000000000000000DF
S3250004F7200000000000000000000000000000000000000000000000000000000000000000BF
S3250004F74000000000000000000000000000000000000000000000000000000000000000009F
S3250004F76000000000000000000000000000000000000000000000000000000000000000007F
S3250004F78000000000000000000000000000000000000000000000000000000000000000005F
S3250004F7A000000000000000000000000000000000000000000000000000000000000000003F
S3250004F7C000000000000000000000000000000000000000000000000000000000000000001F
S3250004F7E00000000000000000000000000000000000000000000000000000000000000000FF
S3250004F8000000000000000000000000000000000000000000000000000000000000000000DE
S3250004F8200000000000000000000000000000000000000000000000000000000000000000BE
S3250004F84000000000000000000000000000000000000000000000000000000000000000009E
S3250004F86000000000000000000000000000000000000000000000000000000000000000007E
S3250004F88000000000000000000000000000000000000000000000000000000000000000005E
S3250004F8A000000000000000000000000000000000000000000000000000000000000000003E
S3250004F8C000000000000000000000000000000000000000000000000000000000000000001E
S3250004F8E00000000000000000000000000000000000000000000000000000000000000000FE
S3250004F9000000000000000000000000000000000000000000000000000000000000000000DD
S3250004F9200000000000000000000000000000000000000000000000000000000000000000BD
S3250004F94000000000000000000000000000000000000000000000000000000000000000009D
S3250004F96000000000000000000000000000000000000000000000000000000000000000007D
S3250004F98000000000000000000000000000000000000000000000000000000000000000005D
S3250004F9A000000000000000000000000000000000000000000000000000000000000000003D
S3250004F9C000000000000000000000000000000000000000000000000000000000000000001D
S3250004F9E00000000000000000000000000000000000000000000000000000000000000000FD
S3250004FA000000000000000000000000000000000000000000000000000000000000000000DC
S3250004FA200000000000000000000000000000000000000000000000000000000000000000BC
S3250004FA4000000000000000000000000000000000000000000000000000000000000000009C
S3250004FA6000000000000000000000000000000000000000000000000000000000000000007C
S3250004FA8000000000000000000000000000000000000000000000000000000000000000005C
S3250004FAA000000000000000000000000000000000000000000000000000000000000000003C
S3250004FAC000000000000000000000000000000000000000000000000000000000000000001C
S3250004FAE00000000000000000000000000000000000000000000000000000000000000000FC
S3250004FB000000000000000000000000000000000000000000000000000000000000000000DB
S3250004FB200000000000000000000000000000000000000000000000000000000000000000BB
S3250004FB4000000000000000000000000000000000000000000000000000000000000000009B
S3250004FB6000000000000000000000000000000000000000000000000000000000000000007B
S3250004FB8000000000000000000000000000000000000000000000000000000000000000005B
S3250004FBA000000000000000000000000000000000000000000000000000000000000000003B
S3250004FBC000000000000000000000000000000000000000000000000000000000000000001B
S3250004FBE00000000000000000000000000000000000000000000000000000000000000000FB
S3250004FC000000000000000000000000000000000000000000000000000000000000000000DA
S3250004FC200000000000000000000000000000000000000000000000000000000000000000BA
S3250004FC4000000000000000000000000000000000000000000000000000000000000000009A
S3250004FC6000000000000000000000000000000000000000000000000000000000000000007A
S3250004FC8000000000000000000000000000000000000000000000000000000000000000005A
S3250004FCA000000000000000000000000000000000000000000000000000000000000000003A
S3250004FCC000000000000000000000000000000000000000000000000000000000000000001A
S3250004FCE00000000000000000000000000000000000000000000000000000000000000000FA
S3250004FD000000000000000000000000000000000000000000000000000000000000000000D9
S3250004FD200000000000000000000000000000000000000000000000000000000000000000B9
S3250004FD40000000000000000000000000000000000000000000000000000000000000000099
S3250004FD60000000000000000000000000000000000000000000000000000000000000000079
S3250004FD80000000000000000000000000000000000000000000000000000000000000000059
S3250004FDA0000000000000000000000000000000000000000000000000000000000000000039
S3250004FDC0000000000000000000000000000000000000000000000000000000000000000019
S3250004FDE00000000000000000000000000000000000000000000000000000000000000000F9
S3250004FE000000000000000000000000000000000000000000000000000000000000000000D8
S3250004FE200000000000000000000000000000000000000000000000000000000000000000B8
S3250004FE40000000000000000000000000000000000000000000000000000000000000000098
S3250004FE60000000000000000000000000000000000000000000000000000000000000000078
S3250004FE80000000000000000000000000000000000000000000000000000000000000000058
S3250004FEA0000000000000000000000000000000000000000000000000000000000000000038
S3250004FEC0000000000000000000000000000000000000000000000000000000000000000018
S3250004FEE00000000000000000000000000000000000000000000000000000000000000000F8
S3250004FF000000000000000000000000000000000000000000000000000000000000000000D7
S3250004FF200000000000000000000000000000000000000000000000000000000000000000B7
S3250004FF40000000000000000000000000000000000000000000000000000000000000000097
S3250004FF60000000000000000000000000000000000000000000000000000000000000000077
S3250004FF80000000000000000000000000000000000000000000000000000000000000000057
S3250004FFA0000000000000000000000000000000000000000000000000000000000000000037
S3250004FFC0000000000000000000000000000000000000000000000000000000000000000017
S3250004FFE00000000000000000000000000000000000000000000000000000000000000000F7
S325000500000000000000000000000000000000000000000000000000000000000000000000D5
S325000500200000000000000000000000000000000000000000000000000000000000000000B5
S32500050040000000000000000000000000000000000000000000000000000000000000000095
S32500050060000000000000000000000000000000000000000000000000000000000000000075
S32500050080000000000000000000000000000000000000000000000000000000000000000055
S325000500A0000000000000000000000000000000000000000000000000000000000000000035
S325000500C0000000000000000000000000000000000000000000000000000000000000000015
S325000500E00000000000000000000000000000000000000000000000000000000000000000F5
S325000501000000000000000000000000000000000000000000000000000000000000000000D4
S325000501200000000000000000000000000000000000000000000000000000000000000000B4
S32500050140000000000000000000000000000000000000000000000000000000000000000094
S32500050160000000000000000000000000000000000000000000000000000000000000000074
S32500050180000000000000000000000000000000000000000000000000000000000000000054
S325000501A0000000000000000000000000000000000000000000000000000000000000000034
S325000501C0000000000000000000000000000000000000000000000000000000000000000014
S325000501E00000000000000000000000000000000000000000000000000000000000000000F4
S325000502000000000000000000000000000000000000000000000000000000000000000000D3
S325000502200000000000000000000000000000000000000000000000000000000000000000B3
S32500050240000000000000000000000000000000000000000000000000000000000000000093
S32500050260000000000000000000000000000000000000000000000000000000000000000073
S32500050280000000000000000000000000000000000000000000000000000000000000000053
S325000502A0000000000000000000000000000000000000000000000000000000000000000033
S325000502C0000000000000000000000000000000000000000000000000000000000000000013
S325000502E00000000000000000000000000000000000000000000000000000000000000000F3
S325000503000000000000000000000000000000000000000000000000000000000000000000D2
S325000503200000000000000000000000000000000000000000000000000000000000000000B2
S32500050340000000000000000000000000000000000000000000000000000000000000000092
S32500050360000000000000000000000000000000000000000000000000000000000000000072
S32500050380000000000000000000000000000000000000000000000000000000000000000052
S325000503A0000000000000000000000000000000000000000000000000000000000000000032
S325000503C0000000000000000000000000000000000000000000000000000000000000000012
S325000503E00000000000000000000000000000000000000000000000000000000000000000F2
S325000504000000000000000000000000000000000000000000000000000000000000000000D1
S325000504200000000000000000000000000000000000000000000000000000000000000000B1
S32500050440000000000000000000000000000000000000000000000000000000000000000091
S32500050460000000000000000000000000000000000000000000000000000000000000000071
S32500050480000000000000000000000000000000000000000000000000000000000000000051
S325000504A0000000000000000000000000000000000000000000000000000000000000000031
S325000504C0000000000000000000000000000000000000000000000000000000000000000011
S325000504E00000000000000000000000000000000000000000000000000000000000000000F1
S325000505000000000000000000000000000000000000000000000000000000000000000000D0
S325000505200000000000000000000000000000000000000000000000000000000000000000B0
S32500050540000000000000000000000000000000000000000000000000000000000000000090
S32500050560000000000000000000000000000000000000000000000000000000000000000070
S32500050580000000000000000000000000000000000000000000000000000000000000000050
S325000505A0000000000000000000000000000000000000000000000000000000000000000030
S325000505C0000000000000000000000000000000000000000000000000000000000000000010
S325000505E00000000000000000000000000000000000000000000000000000000000000000F0
S325000506000000000000000000000000000000000000000000000000000000000000000000CF
S325000506200000000000000000000000000000000000000000000000000000000000000000AF
S3250005064000000000000000000000000000000000000000000000000000000000000000008F
S3250005066000000000000000000000000000000000000000000000000000000000000000006F
S3250005068000000000000000000000000000000000000000000000000000000000000000004F
S325000506A000000000000000000000000000000000000000000000000000000000000000002F
S325000506C000000000000000000000000000000000000000000000000000000000000000000F
S325000506E00000000000000000000000000000000000000000000000000000000000000000EF
S325000507000000000000000000000000000000000000000000000000000000000000000000CE
S325000507200000000000000000000000000000000000000000000000000000000000000000AE
S3250005074000000000000000000000000000000000000000000000000000000000000000008E
S3250005076000000000000000000000000000000000000000000000000000000000000000006E
S3250005078000000000000000000000000000000000000000000000000000000000000000004E
S325000507A000000000000000000000000000000000000000000000000000000000000000002E
S325000507C000000000000000000000000000000000000000000000000000000000000000000E
S325000507E00000000000000000000000000000000000000000000000000000000000000000EE
S325000508000000000000000000000000000000000000000000000000000000000000000000CD
S325000508200000000000000000000000000000000000000000000000000000000000000000AD
S3250005084000000000000000000000000000000000000000000000000000000000000000008D
S3250005086000000000000000000000000000000000000000000000000000000000000000006D
S3250005088000000000000000000000000000000000000000000000000000000000000000004D
S325000508A000000000000000000000000000000000000000000000000000000000000000002D
S325000508C000000000000000000000000000000000000000000000000000000000000000000D
S325000508E00000000000000000000000000000000000000000000000000000000000000000ED
S325000509000000000000000000000000000000000000000000000000000000000000000000CC
S325000509200000000000000000000000000000000000000000000000000000000000000000AC
S3250005094000000000000000000000000000000000000000000000000000000000000000008C
S3250005096000000000000000000000000000000000000000000000000000000000000000006C
S3250005098000000000000000000000000000000000000000000000000000000000000000004C
S325000509A000000000000000000000000000000000000000000000000000000000000000002C
S325000509C000000000000000000000000000000000000000000000000000000000000000000C
S325000509E00000000000000000000000000000000000000000000000000000000000000000EC
S32500050A000000000000000000000000000000000000000000000000000000000000000000CB
S32500050A200000000000000000000000000000000000000000000000000000000000000000AB
S32500050A4000000000000000000000000000000000000000000000000000000000000000008B
S32500050A6000000000000000000000000000000000000000000000000000000000000000006B
S32500050A8000000000000000000000000000000000000000000000000000000000000000004B
S32500050AA000000000000000000000000000000000000000000000000000000000000000002B
S32500050AC000000000000000000000000000000000000000000000000000000000000000000B
S32500050AE00000000000000000000000000000000000000000000000000000000000000000EB
S32500050B000000000000000000000000000000000000000000000000000000000000000000CA
S32500050B200000000000000000000000000000000000000000000000000000000000000000AA
S32500050B4000000000000000000000000000000000000000000000000000000000000000008A
S32500050B6000000000000000000000000000000000000000000000000000000000000000006A
S32500050B8000000000000000000000000000000000000000000000000000000000000000004A
S32500050BA000000000000000000000000000000000000000000000000000000000000000002A
S32500050BC000000000000000000000000000000000000000000000000000000000000000000A
S32500050BE00000000000000000000000000000000000000000000000000000000000000000EA
S32500050C000000000000000000000000000000000000000000000000000000000000000000C9
S32500050C200000000000000000000000000000000000000000000000000000000000000000A9
S32500050C40000000000000000000000000000000000000000000000000000000000000000089
S32500050C60000000000000000000000000000000000000000000000000000000000000000069
S32500050C80000000000000000000000000000000000000000000000000000000000000000049
S32500050CA0000000000000000000000000000000000000000000000000000000000000000029
S32500050CC0000000000000000000000000000000000000000000000000000000000000000009
S32500050CE00000000000000000000000000000000000000000000000000000000000000000E9
S32500050D000000000000000000000000000000000000000000000000000000000000000000C8
S32500050D200000000000000000000000000000000000000000000000000000000000000000A8
S32500050D40000000000000000000000000000000000000000000000000000000000000000088
S32500050D60000000000000000000000000000000000000000000000000000000000000000068
S32500050D80000000000000000000000000000000000000000000000000000000000000000048
S32500050DA0000000000000000000000000000000000000000000000000000000000000000028
S32500050DC0000000000000000000000000000000000000000000000000000000000000000008
S32500050DE00000000000000000000000000000000000000000000000000000000000000000E8
S32500050E000000000000000000000000000000000000000000000000000000000000000000C7
S32500050E200000000000000000000000000000000000000000000000000000000000000000A7
S32500050E40000000000000000000000000000000000000000000000000000000000000000087
S32500050E60000000000000000000000000000000000000000000000000000000000000000067
S32500050E80000000000000000000000000000000000000000000000000000000000000000047
S32500050EA0000000000000000000000000000000000000000000000000000000000000000027
S32500050EC0000000000000000000000000000000000000000000000000000000000000000007
S32500050EE00000000000000000000000000000000000000000000000000000000000000000E7
S32500050F000000000000000000000000000000000000000000000000000000000000000000C6
S32500050F200000000000000000000000000000000000000000000000000000000000000000A6
S32500050F40000000000000000000000000000000000000000000000000000000000000000086
S32500050F60000000000000000000000000000000000000000000000000000000000000000066
S32500050F80000000000000000000000000000000000000000000000000000000000000000046
S32500050FA0000000000000000000000000000000000000000000000000000000000000000026
S32500050FC0000000000000000000000000000000000000000000000000000000000000000006
S32500050FE00000000000000000000000000000000000000000000000000000000000000000E6
S325000510000000000000000000000000000000000000000000000000000000000000000000C5
S325000510200000000000000000000000000000000000000000000000000000000000000000A5
S32500051040000000000000000000000000000000000000000000000000000000000000000085
S32500051060000000000000000000000000000000000000000000000000000000000000000065
S32500051080000000000000000000000000000000000000000000000000000000000000000045
S325000510A0000000000000000000000000000000000000000000000000000000000000000025
S325000510C0000000000000000000000000000000000000000000000000000000000000000005
S325000510E00000000000000000000000000000000000000000000000000000000000000000E5
S325000511000000000000000000000000000000000000000000000000000000000000000000C4
S325000511200000000000000000000000000000000000000000000000000000000000000000A4
S32500051140000000000000000000000000000000000000000000000000000000000000000084
S32500051160000000000000000000000000000000000000000000000000000000000000000064
S32500051180000000000000000000000000000000000000000000000000000000000000000044
S325000511A0000000000000000000000000000000000000000000000000000000000000000024
S325000511C0000000000000000000000000000000000000000000000000000000000000000004
S325000511E00000000000000000000000000000000000000000000000000000000000000000E4
S325000512000000000000000000000000000000000000000000000000000000000000000000C3
S325000512200000000000000000000000000000000000000000000000000000000000000000A3
S32500051240000000000000000000000000000000000000000000000000000000000000000083
S32500051260000000000000000000000000000000000000000000000000000000000000000063
S32500051280000000000000000000000000000000000000000000000000000000000000000043
S325000512A0000000000000000000000000000000000000000000000000000000000000000023
S325000512C0000000000000000000000000000000000000000000000000000000000000000003
S325000512E00000000000000000000000000000000000000000000000000000000000000000E3
S325000513000000000000000000000000000000000000000000000000000000000000000000C2
S325000513200000000000000000000000000000000000000000000000000000000000000000A2
S32500051340000000000000000000000000000000000000000000000000000000000000000082
S32500051360000000000000000000000000000000000000000000000000000000000000000062
S32500051380000000000000000000000000000000000000000000000000000000000000000042
S325000513A0000000000000000000000000000000000000000000000000000000000000000022
S325000513C0000000000000000000000000000000000000000000000000000000000000000002
S325000513E00000000000000000000000000000000000000000000000000000000000000000E2
S325000514000000000000000000000000000000000000000000000000000000000000000000C1
S325000514200000000000000000000000000000000000000000000000000000000000000000A1
S32500051440000000000000000000000000000000000000000000000000000000000000000081
S32500051460000000000000000000000000000000000000000000000000000000000000000061
S32500051480000000000000000000000000000000000000000000000000000000000000000041
S325000514A0000000000000000000000000000000000000000000000000000000000000000021
S325000514C0000000000000000000000000000000000000000000000000000000000000000001
S325000514E00000000000000000000000000000000000000000000000000000000000000000E1
S325000515000000000000000000000000000000000000000000000000000000000000000000C0
S325000515200000000000000000000000000000000000000000000000000000000000000000A0
S32500051540000000000000000000000000000000000000000000000000000000000000000080
S32500051560000000000000000000000000000000000000000000000000000000000000000060
S32500051580000000000000000000000000000000000000000000000000000000000000000040
S325000515A0000000000000000000000000000000000000000000000000000000000000000020
S325000515C0000000000000000000000000000000000000000000000000000000000000000000
S325000515E00000000000000000000000000000000000000000000000000000000000000000E0
S325000516000000000000000000000000000000000000000000000000000000000000000000BF
S3250005162000000000000000000000000000000000000000000000000000000000000000009F
S3250005164000000000000000000000000000000000000000000000000000000000000000007F
S3250005166000000000000000000000000000000000000000000000000000000000000000005F
S3250005168000000000000000000000000000000000000000000000000000000000000000003F
S325000516A000000000000000000000000000000000000000000000000000000000000000001F
S325000516C00000000000000000000000000000000000000000000000000000000000000000FF
S325000516E00000000000000000000000000000000000000000000000000000000000000000DF
S325000517000000000000000000000000000000000000000000000000000000000000000000BE
S3250005172000000000000000000000000000000000000000000000000000000000000000009E
S3250005174000000000000000000000000000000000000000000000000000000000000000007E
S3250005176000000000000000000000000000000000000000000000000000000000000000005E
S3250005178000000000000000000000000000000000000000000000000000000000000000003E
S325000517A000000000000000000000000000000000000000000000000000000000000000001E
S325000517C00000000000000000000000000000000000000000000000000000000000000000FE
S325000517E00000000000000000000000000000000000000000000000000000000000000000DE
S325000518000000000000000000000000000000000000000000000000000000000000000000BD
S3250005182000000000000000000000000000000000000000000000000000000000000000009D
S3250005184000000000000000000000000000000000000000000000000000000000000000007D
S3250005186000000000000000000000000000000000000000000000000000000000000000005D
S3250005188000000000000000000000000000000000000000000000000000000000000000003D
S325000518A000000000000000000000000000000000000000000000000000000000000000001D
S325000518C00000000000000000000000000000000000000000000000000000000000000000FD
S325000518E00000000000000000000000000000000000000000000000000000000000000000DD
S325000519000000000000000000000000000000000000000000000000000000000000000000BC
S3250005192000000000000000000000000000000000000000000000000000000000000000009C
S3250005194000000000000000000000000000000000000000000000000000000000000000007C
S3250005196000000000000000000000000000000000000000000000000000000000000000005C
S3250005198000000000000000000000000000000000000000000000000000000000000000003C
S325000519A000000000000000000000000000000000000000000000000000000000000000001C
S325000519C00000000000000000000000000000000000000000000000000000000000000000FC
S325000519E00000000000000000000000000000000000000000000000000000000000000000DC
S32500051A000000000000000000000000000000000000000000000000000000000000000000BB
S32500051A2000000000000000000000000000000000000000000000000000000000000000009B
S32500051A4000000000000000000000000000000000000000000000000000000000000000007B
S32500051A6000000000000000000000000000000000000000000000000000000000000000005B
S32500051A8000000000000000000000000000000000000000000000000000000000000000003B
S32500051AA000000000000000000000000000000000000000000000000000000000000000001B
S32500051AC00000000000000000000000000000000000000000000000000000000000000000FB
S32500051AE00000000000000000000000000000000000000000000000000000000000000000DB
S32500051B000000000000000000000000000000000000000000000000000000000000000000BA
S32500051B2000000000000000000000000000000000000000000000000000000000000000009A
S32500051B4000000000000000000000000000000000000000000000000000000000000000007A
S32500051B6000000000000000000000000000000000000000000000000000000000000000005A
S32500051B8000000000000000000000000000000000000000000000000000000000000000003A
S32500051BA000000000000000000000000000000000000000000000000000000000000000001A
S32500051BC00000000000000000000000000000000000000000000000000000000000000000FA
S32500051BE00000000000000000000000000000000000000000000000000000000000000000DA
S32500051C000000000000000000000000000000000000000000000000000000000000000000B9
S32500051C20000000000000000000000000000000000000000000000000000000000000000099
S32500051C40000000000000000000000000000000000000000000000000000000000000000079
S32500051C60000000000000000000000000000000000000000000000000000000000000000059
S32500051C80000000000000000000000000000000000000000000000000000000000000000039
S32500051CA0000000000000000000000000000000000000000000000000000000000000000019
S32500051CC00000000000000000000000000000000000000000000000000000000000000000F9
S32500051CE00000000000000000000000000000000000000000000000000000000000000000D9
S32500051D000000000000000000000000000000000000000000000000000000000000000000B8
S32500051D20000000000000000000000000000000000000000000000000000000000000000098
S32500051D40000000000000000000000000000000000000000000000000000000000000000078
S32500051D60000000000000000000000000000000000000000000000000000000000000000058
S32500051D80000000000000000000000000000000000000000000000000000000000000000038
S32500051DA0000000000000000000000000000000000000000000000000000000000000000018
S32500051DC00000000000000000000000000000000000000000000000000000000000000000F8
S32500051DE00000000000000000000000000000000000000000000000000000000000000000D8
S32500051E000000000000000000000000000000000000000000000000000000000000000000B7
S32500051E20000000000000000000000000000000000000000000000000000000000000000097
S32500051E40000000000000000000000000000000000000000000000000000000000000000077
S32500051E60000000000000000000000000000000000000000000000000000000000000000057
S32500051E80000000000000000000000000000000000000000000000000000000000000000037
S32500051EA0000000000000000000000000000000000000000000000000000000000000000017
S32500051EC00000000000000000000000000000000000000000000000000000000000000000F7
S32500051EE00000000000000000000000000000000000000000000000000000000000000000D7
S32500051F000000000000000000000000000000000000000000000000000000000000000000B6
S32500051F20000000000000000000000000000000000000000000000000000000000000000096
S32500051F40000000000000000000000000000000000000000000000000000000000000000076
S32500051F60000000000000000000000000000000000000000000000000000000000000000056
S32500051F80000000000000000000000000000000000000000000000000000000000000000036
S32500051FA0000000000000000000000000000000000000000000000000000000000000000016
S32500051FC00000000000000000000000000000000000000000000000000000000000000000F6
S32500051FE00000000000000000000000000000000000000000000000000000000000000000D6
S325000520000000000000000000000000000000000000000000000000000000000000000000B5
S32500052020000000000000000000000000000000000000000000000000000000000000000095
S32500052040000000000000000000000000000000000000000000000000000000000000000075
S32500052060000000000000000000000000000000000000000000000000000000000000000055
S32500052080000000000000000000000000000000000000000000000000000000000000000035
S325000520A0000000000000000000000000000000000000000000000000000000000000000015
S325000520C00000000000000000000000000000000000000000000000000000000000000000F5
S325000520E00000000000000000000000000000000000000000000000000000000000000000D5
S325000521000000000000000000000000000000000000000000000000000000000000000000B4
S32500052120000000000000000000000000000000000000000000000000000000000000000094
S32500052140000000000000000000000000000000000000000000000000000000000000000074
S32500052160000000000000000000000000000000000000000000000000000000000000000054
S32500052180000000000000000000000000000000000000000000000000000000000000000034
S325000521A0000000000000000000000000000000000000000000000000000000000000000014
S325000521C00000000000000000000000000000000000000000000000000000000000000000F4
S325000521E00000000000000000000000000000000000000000000000000000000000000000D4
S325000522000000000000000000000000000000000000000000000000000000000000000000B3
S32500052220000000000000000000000000000000000000000000000000000000000000000093
S32500052240000000000000000000000000000000000000000000000000000000000000000073
S32500052260000000000000000000000000000000000000000000000000000000000000000053
S32500052280000000000000000000000000000000000000000000000000000000000000000033
S325000522A0000000000000000000000000000000000000000000000000000000000000000013
S325000522C00000000000000000000000000000000000000000000000000000000000000000F3
S325000522E00000000000000000000000000000000000000000000000000000000000000000D3
S325000523000000000000000000000000000000000000000000000000000000000000000000B2
S32500052320000000000000000000000000000000000000000000000000000000000000000092
S32500052340000000000000000000000000000000000000000000000000000000000000000072
S32500052360000000000000000000000000000000000000000000000000000000000000000052
S32500052380000000000000000000000000000000000000000000000000000000000000000032
S325000523A0000000000000000000000000000000000000000000000000000000000000000012
S325000523C00000000000000000000000000000000000000000000000000000000000000000F2
S325000523E00000000000000000000000000000000000000000000000000000000000000000D2
S325000524000000000000000000000000000000000000000000000000000000000000000000B1
S32500052420000000000000000000000000000000000000000000000000000000000000000091
S32500052440000000000000000000000000000000000000000000000000000000000000000071
S32500052460000000000000000000000000000000000000000000000000000000000000000051
S32500052480000000000000000000000000000000000000000000000000000000000000000031
S325000524A0000000000000000000000000000000000000000000000000000000000000000011
S325000524C00000000000000000000000000000000000000000000000000000000000000000F1
S325000524E00000000000000000000000000000000000000000000000000000000000000000D1
S325000525000000000000000000000000000000000000000000000000000000000000000000B0
S32500052520000000000000000000000000000000000000000000000000000000000000000090
S32500052540000000000000000000000000000000000000000000000000000000000000000070
S32500052560000000000000000000000000000000000000000000000000000000000000000050
S32500052580000000000000000000000000000000000000000000000000000000000000000030
S325000525A0000000000000000000000000000000000000000000000000000000000000000010
S325000525C00000000000000000000000000000000000000000000000000000000000000000F0
S325000525E00000000000000000000000000000000000000000000000000000000000000000D0
S325000526000000000000000000000000000000000000000000000000000000000000000000AF
S3250005262000000000000000000000000000000000000000000000000000000000000000008F
S3250005264000000000000000000000000000000000000000000000000000000000000000006F
S3250005266000000000000000000000000000000000000000000000000000000000000000004F
S3250005268000000000000000000000000000000000000000000000000000000000000000002F
S325000526A000000000000000000000000000000000000000000000000000000000000000000F
S325000526C00000000000000000000000000000000000000000000000000000000000000000EF
S325000526E00000000000000000000000000000000000000000000000000000000000000000CF
S325000527000000000000000000000000000000000000000000000000000000000000000000AE
S3250005272000000000000000000000000000000000000000000000000000000000000000008E
S3250005274000000000000000000000000000000000000000000000000000000000000000006E
S3250005276000000000000000000000000000000000000000000000000000000000000000004E
S3250005278000000000000000000000000000000000000000000000000000000000000000002E
S325000527A000000000000000000000000000000000000000000000000000000000000000000E
S325000527C00000000000000000000000000000000000000000000000000000000000000000EE
S325000527E00000000000000000000000000000000000000000000000000000000000000000CE
S325000528000000000000000000000000000000000000000000000000000000000000000000AD
S3250005282000000000000000000000000000000000000000000000000000000000000000008D
S3250005284000000000000000000000000000000000000000000000000000000000000000006D
S3250005286000000000000000000000000000000000000000000000000000000000000000004D
S3250005288000000000000000000000000000000000000000000000000000000000000000002D
S325000528A000000000000000000000000000000000000000000000000000000000000000000D
S325000528C00000000000000000000000000000000000000000000000000000000000000000ED
S325000528E00000000000000000000000000000000000000000000000000000000000000000CD
S325000529000000000000000000000000000000000000000000000000000000000000000000AC
S3250005292000000000000000000000000000000000000000000000000000000000000000008C
S3250005294000000000000000000000000000000000000000000000000000000000000000006C
S3250005296000000000000000000000000000000000000000000000000000000000000000004C
S3250005298000000000000000000000000000000000000000000000000000000000000000002C
S325000529A000000000000000000000000000000000000000000000000000000000000000000C
S325000529C00000000000000000000000000000000000000000000000000000000000000000EC
S325000529E00000000000000000000000000000000000000000000000000000000000000000CC
S32500052A000000000000000000000000000000000000000000000000000000000000000000AB
S32500052A2000000000000000000000000000000000000000000000000000000000000000008B
S32500052A4000000000000000000000000000000000000000000000000000000000000000006B
S32500052A6000000000000000000000000000000000000000000000000000000000000000004B
S32500052A8000000000000000000000000000000000000000000000000000000000000000002B
S32500052AA000000000000000000000000000000000000000000000000000000000000000000B
S32500052AC00000000000000000000000000000000000000000000000000000000000000000EB
S32500052AE00000000000000000000000000000000000000000000000000000000000000000CB
S32500052B000000000000000000000000000000000000000000000000000000000000000000AA
S32500052B2000000000000000000000000000000000000000000000000000000000000000008A
S32500052B4000000000000000000000000000000000000000000000000000000000000000006A
S32500052B6000000000000000000000000000000000000000000000000000000000000000004A
S32500052B8000000000000000000000000000000000000000000000000000000000000000002A
S32500052BA000000000000000000000000000000000000000000000000000000000000000000A
S32500052BC00000000000000000000000000000000000000000000000000000000000000000EA
S32500052BE00000000000000000000000000000000000000000000000000000000000000000CA
S32500052C000000000000000000000000000000000000000000000000000000000000000000A9
S32500052C20000000000000000000000000000000000000000000000000000000000000000089
S32500052C40000000000000000000000000000000000000000000000000000000000000000069
S32500052C60000000000000000000000000000000000000000000000000000000000000000049
S32500052C80000000000000000000000000000000000000000000000000000000000000000029
S32500052CA0000000000000000000000000000000000000000000000000000000000000000009
S32500052CC00000000000000000000000000000000000000000000000000000000000000000E9
S32500052CE00000000000000000000000000000000000000000000000000000000000000000C9
S32500052D000000000000000000000000000000000000000000000000000000000000000000A8
S32500052D20000000000000000000000000000000000000000000000000000000000000000088
S32500052D40000000000000000000000000000000000000000000000000000000000000000068
S32500052D60000000000000000000000000000000000000000000000000000000000000000048
S32500052D80000000000000000000000000000000000000000000000000000000000000000028
S32500052DA0000000000000000000000000000000000000000000000000000000000000000008
S32500052DC00000000000000000000000000000000000000000000000000000000000000000E8
S32500052DE00000000000000000000000000000000000000000000000000000000000000000C8
S32500052E000000000000000000000000000000000000000000000000000000000000000000A7
S32500052E20000000000000000000000000000000000000000000000000000000000000000087
S32500052E40000000000000000000000000000000000000000000000000000000000000000067
S32500052E60000000000000000000000000000000000000000000000000000000000000000047
S32500052E80000000000000000000000000000000000000000000000000000000000000000027
S32500052EA0000000000000000000000000000000000000000000000000000000000000000007
S32500052EC00000000000000000000000000000000000000000000000000000000000000000E7
S32500052EE00000000000000000000000000000000000000000000000000000000000000000C7
S32500052F000000000000000000000000000000000000000000000000000000000000000000A6
S32500052F20000000000000000000000000000000000000000000000000000000000000000086
S32500052F40000000000000000000000000000000000000000000000000000000000000000066
S32500052F60000000000000000000000000000000000000000000000000000000000000000046
S32500052F80000000000000000000000000000000000000000000000000000000000000000026
S32500052FA0000000000000000000000000000000000000000000000000000000000000000006
S32500052FC00000000000000000000000000000000000000000000000000000000000000000E6
S32500052FE00000000000000000000000000000000000000000000000000000000000000000C6
S325000530000000000000000000000000000000000000000000000000000000000000000000A5
S32500053020000000000000000000000000000000000000000000000000000000000000000085
S32500053040000000000000000000000000000000000000000000000000000000000000000065
S32500053060000000000000000000000000000000000000000000000000000000000000000045
S32500053080000000000000000000000000000000000000000000000000000000000000000025
S325000530A0000000000000000000000000000000000000000000000000000000000000000005
S325000530C00000000000000000000000000000000000000000000000000000000000000000E5
S325000530E00000000000000000000000000000000000000000000000000000000000000000C5
S325000531000000000000000000000000000000000000000000000000000000000000000000A4
S32500053120000000000000000000000000000000000000000000000000000000000000000084
S32500053140000000000000000000000000000000000000000000000000000000000000000064
S32500053160000000000000000000000000000000000000000000000000000000000000000044
S32500053180000000000000000000000000000000000000000000000000000000000000000024
S325000531A0000000000000000000000000000000000000000000000000000000000000000004
S325000531C00000000000000000000000000000000000000000000000000000000000000000E4
S325000531E00000000000000000000000000000000000000000000000000000000000000000C4
S325000532000000000000000000000000000000000000000000000000000000000000000000A3
S32500053220000000000000000000000000000000000000000000000000000000000000000083
S32500053240000000000000000000000000000000000000000000000000000000000000000063
S32500053260000000000000000000000000000000000000000000000000000000000000000043
S32500053280000000000000000000000000000000000000000000000000000000000000000023
S325000532A0000000000000000000000000000000000000000000000000000000000000000003
S325000532C00000000000000000000000000000000000000000000000000000000000000000E3
S325000532E00000000000000000000000000000000000000000000000000000000000000000C3
S325000533000000000000000000000000000000000000000000000000000000000000000000A2
S32500053320000000000000000000000000000000000000000000000000000000000000000082
S32500053340000000000000000000000000000000000000000000000000000000000000000062
S32500053360000000000000000000000000000000000000000000000000000000000000000042
S32500053380000000000000000000000000000000000000000000000000000000000000000022
S325000533A0000000000000000000000000000000000000000000000000000000000000000002
S325000533C00000000000000000000000000000000000000000000000000000000000000000E2
S325000533E00000000000000000000000000000000000000000000000000000000000000000C2
S325000534000000000000000000000000000000000000000000000000000000000000000000A1
S32500053420000000000000000000000000000000000000000000000000000000000000000081
S32500053440000000000000000000000000000000000000000000000000000000000000000061
S32500053460000000000000000000000000000000000000000000000000000000000000000041
S32500053480000000000000000000000000000000000000000000000000000000000000000021
S325000534A0000000000000000000000000000000000000000000000000000000000000000001
S325000534C00000000000000000000000000000000000000000000000000000000000000000E1
S325000534E00000000000000000000000000000000000000000000000000000000000000000C1
S325000535000000000000000000000000000000000000000000000000000000000000000000A0
S32500053520000000000000000000000000000000000000000000000000000000000000000080
S32500053540000000000000000000000000000000000000000000000000000000000000000060
S32500053560000000000000000000000000000000000000000000000000000000000000000040
S32500053580000000000000000000000000000000000000000000000000000000000000000020
S325000535A0000000000000000000000000000000000000000000000000000000000000000000
S325000535C00000000000000000000000000000000000000000000000000000000000000000E0
S325000535E00000000000000000000000000000000000000000000000000000000000000000C0
S3250005360000000000000000000000000000000000000000000000000000000000000000009F
S3250005362000000000000000000000000000000000000000000000000000000000000000007F
S3250005364000000000000000000000000000000000000000000000000000000000000000005F
S3250005366000000000000000000000000000000000000000000000000000000000000000003F
S3250005368000000000000000000000000000000000000000000000000000000000000000001F
S325000536A00000000000000000000000000000000000000000000000000000000000000000FF
S325000536C00000000000000000000000000000000000000000000000000000000000000000DF
S325000536E00000000000000000000000000000000000000000000000000000000000000000BF
S3250005370000000000000000000000000000000000000000000000000000000000000000009E
S3250005372000000000000000000000000000000000000000000000000000000000000000007E
S3250005374000000000000000000000000000000000000000000000000000000000000000005E
S3250005376000000000000000000000000000000000000000000000000000000000000000003E
S3250005378000000000000000000000000000000000000000000000000000000000000000001E
S325000537A00000000000000000000000000000000000000000000000000000000000000000FE
S325000537C00000000000000000000000000000000000000000000000000000000000000000DE
S325000537E00000000000000000000000000000000000000000000000000000000000000000BE
S3250005380000000000000000000000000000000000000000000000000000000000000000009D
S3250005382000000000000000000000000000000000000000000000000000000000000000007D
S3250005384000000000000000000000000000000000000000000000000000000000000000005D
S3250005386000000000000000000000000000000000000000000000000000000000000000003D
S3250005388000000000000000000000000000000000000000000000000000000000000000001D
S325000538A00000000000000000000000000000000000000000000000000000000000000000FD
S325000538C00000000000000000000000000000000000000000000000000000000000000000DD
S325000538E00000000000000000000000000000000000000000000000000000000000000000BD
S3250005390000000000000000000000000000000000000000000000000000000000000000009C
S3250005392000000000000000000000000000000000000000000000000000000000000000007C
S3250005394000000000000000000000000000000000000000000000000000000000000000005C
S3250005396000000000000000000000000000000000000000000000000000000000000000003C
S3250005398000000000000000000000000000000000000000000000000000000000000000001C
S325000539A00000000000000000000000000000000000000000000000000000000000000000FC
S325000539C00000000000000000000000000000000000000000000000000000000000000000DC
S325000539E00000000000000000000000000000000000000000000000000000000000000000BC
S32500053A0000000000000000000000000000000000000000000000000000000000000000009B
S32500053A2000000000000000000000000000000000000000000000000000000000000000007B
S32500053A4000000000000000000000000000000000000000000000000000000000000000005B
S32500053A6000000000000000000000000000000000000000000000000000000000000000003B
S32500053A8000000000000000000000000000000000000000000000000000000000000000001B
S32500053AA00000000000000000000000000000000000000000000000000000000000000000FB
S32500053AC00000000000000000000000000000000000000000000000000000000000000000DB
S32500053AE00000000000000000000000000000000000000000000000000000000000000000BB
S32500053B0000000000000000000000000000000000000000000000000000000000000000009A
S32500053B2000000000000000000000000000000000000000000000000000000000000000007A
S32500053B4000000000000000000000000000000000000000000000000000000000000000005A
S32500053B6000000000000000000000000000000000000000000000000000000000000000003A
S32500053B8000000000000000000000000000000000000000000000000000000000000000001A
S32500053BA00000000000000000000000000000000000000000000000000000000000000000FA
S32500053BC00000000000000000000000000000000000000000000000000000000000000000DA
S32500053BE00000000000000000000000000000000000000000000000000000000000000000BA
S32500053C00000000000000000000000000000000000000000000000000000000000000000099
S32500053C20000000000000000000000000000000000000000000000000000000000000000079
S32500053C40000000000000000000000000000000000000000000000000000000000000000059
S32500053C60000000000000000000000000000000000000000000000000000000000000000039
S32500053C80000000000000000000000000000000000000000000000000000000000000000019
S32500053CA00000000000000000000000000000000000000000000000000000000000000000F9
S32500053CC00000000000000000000000000000000000000000000000000000000000000000D9
S32500053CE00000000000000000000000000000000000000000000000000000000000000000B9
S32500053D00000000000000000000000000000000000000000000000000000000000000000098
S32500053D20000000000000000000000000000000000000000000000000000000000000000078
S32500053D40000000000000000000000000000000000000000000000000000000000000000058
S32500053D60000000000000000000000000000000000000000000000000000000000000000038
S32500053D80000000000000000000000000000000000000000000000000000000000000000018
S32500053DA00000000000000000000000000000000000000000000000000000000000000000F8
S32500053DC00000000000000000000000000000000000000000000000000000000000000000D8
S32500053DE00000000000000000000000000000000000000000000000000000000000000000B8
S32500053E00000000000000000000000000000000000000000000000000000000000000000097
S32500053E20000000000000000000000000000000000000000000000000000000000000000077
S32500053E40000000000000000000000000000000000000000000000000000000000000000057
S32500053E60000000000000000000000000000000000000000000000000000000000000000037
S32500053E80000000000000000000000000000000000000000000000000000000000000000017
S32500053EA00000000000000000000000000000000000000000000000000000000000000000F7
S32500053EC00000000000000000000000000000000000000000000000000000000000000000D7
S32500053EE00000000000000000000000000000000000000000000000000000000000000000B7
S32500053F00000000000000000000000000000000000000000000000000000000000000000096
S32500053F20000000000000000000000000000000000000000000000000000000000000000076
S32500053F40000000000000000000000000000000000000000000000000000000000000000056
S32500053F60000000000000000000000000000000000000000000000000000000000000000036
S32500053F80000000000000000000000000000000000000000000000000000000000000000016
S32500053FA00000000000000000000000000000000000000000000000000000000000000000F6
S32500053FC00000000000000000000000000000000000000000000000000000000000000000D6
S32500053FE00000000000000000000000000000000000000000000000000000000000000000B6
S32500054000000000000000000000000000000000000000000000000000000000000000000095
S32500054020000000000000000000000000000000000000000000000000000000000000000075
S32500054040000000000000000000000000000000000000000000000000000000000000000055
S32500054060000000000000000000000000000000000000000000000000000000000000000035
S32500054080000000000000000000000000000000000000000000000000000000000000000015
S325000540A00000000000000000000000000000000000000000000000000000000000000000F5
S325000540C00000000000000000000000000000000000000000000000000000000000000000D5
S325000540E00000000000000000000000000000000000000000000000000000000000000000B5
S32500054100000000000000000000000000000000000000000000000000000000000000000094
S32500054120000000000000000000000000000000000000000000000000000000000000000074
S32500054140000000000000000000000000000000000000000000000000000000000000000054
S32500054160000000000000000000000000000000000000000000000000000000000000000034
S32500054180000000000000000000000000000000000000000000000000000000000000000014
S325000541A00000000000000000000000000000000000000000000000000000000000000000F4
S325000541C00000000000000000000000000000000000000000000000000000000000000000D4
S325000541E00000000000000000000000000000000000000000000000000000000000000000B4
S32500054200000000000000000000000000000000000000000000000000000000000000000093
S32500054220000000000000000000000000000000000000000000000000000000000000000073
S32500054240000000000000000000000000000000000000000000000000000000000000000053
S32500054260000000000000000000000000000000000000000000000000000000000000000033
S32500054280000000000000000000000000000000000000000000000000000000000000000013
S325000542A00000000000000000000000000000000000000000000000000000000000000000F3
S325000542C00000000000000000000000000000000000000000000000000000000000000000D3
S325000542E00000000000000000000000000000000000000000000000000000000000000000B3
S32500054300000000000000000000000000000000000000000000000000000000000000000092
S32500054320000000000000000000000000000000000000000000000000000000000000000072
S32500054340000000000000000000000000000000000000000000000000000000000000000052
S32500054360000000000000000000000000000000000000000000000000000000000000000032
S32500054380000000000000000000000000000000000000000000000000000000000000000012
S325000543A00000000000000000000000000000000000000000000000000000000000000000F2
S325000543C00000000000000000000000000000000000000000000000000000000000000000D2
S325000543E00000000000000000000000000000000000000000000000000000000000000000B2
S32500054400000000000000000000000000000000000000000000000000000000000000000091
S32500054420000000000000000000000000000000000000000000000000000000000000000071
S32500054440000000000000000000000000000000000000000000000000000000000000000051
S32500054460000000000000000000000000000000000000000000000000000000000000000031
S32500054480000000000000000000000000000000000000000000000000000000000000000011
S325000544A00000000000000000000000000000000000000000000000000000000000000000F1
S325000544C00000000000000000000000000000000000000000000000000000000000000000D1
S325000544E00000000000000000000000000000000000000000000000000000000000000000B1
S32500054500000000000000000000000000000000000000000000000000000000000000000090
S32500054520000000000000000000000000000000000000000000000000000000000000000070
S32500054540000000000000000000000000000000000000000000000000000000000000000050
S32500054560000000000000000000000000000000000000000000000000000000000000000030
S32500054580000000000000000000000000000000000000000000000000000000000000000010
S325000545A00000000000000000000000000000000000000000000000000000000000000000F0
S325000545C00000000000000000000000000000000000000000000000000000000000000000D0
S325000545E00000000000000000000000000000000000000000000000000000000000000000B0
S3250005460000000000000000000000000000000000000000000000000000000000000000008F
S3250005462000000000000000000000000000000000000000000000000000000000000000006F
S3250005464000000000000000000000000000000000000000000000000000000000000000004F
S3250005466000000000000000000000000000000000000000000000000000000000000000002F
S3250005468000000000000000000000000000000000000000000000000000000000000000000F
S325000546A00000000000000000000000000000000000000000000000000000000000000000EF
S325000546C00000000000000000000000000000000000000000000000000000000000000000CF
S325000546E00000000000000000000000000000000000000000000000000000000000000000AF
S3250005470000000000000000000000000000000000000000000000000000000000000000008E
S3250005472000000000000000000000000000000000000000000000000000000000000000006E
S3250005474000000000000000000000000000000000000000000000000000000000000000004E
S3250005476000000000000000000000000000000000000000000000000000000000000000002E
S3250005478000000000000000000000000000000000000000000000000000000000000000000E
S325000547A00000000000000000000000000000000000000000000000000000000000000000EE
S325000547C00000000000000000000000000000000000000000000000000000000000000000CE
S325000547E00000000000000000000000000000000000000000000000000000000000000000AE
S3250005480000000000000000000000000000000000000000000000000000000000000000008D
S3250005482000000000000000000000000000000000000000000000000000000000000000006D
S3250005484000000000000000000000000000000000000000000000000000000000000000004D
S3250005486000000000000000000000000000000000000000000000000000000000000000002D
S3250005488000000000000000000000000000000000000000000000000000000000000000000D
S325000548A00000000000000000000000000000000000000000000000000000000000000000ED
S325000548C00000000000000000000000000000000000000000000000000000000000000000CD
S325000548E00000000000000000000000000000000000000000000000000000000000000000AD
S3250005490000000000000000000000000000000000000000000000000000000000000000008C
S3250005492000000000000000000000000000000000000000000000000000000000000000006C
S3250005494000000000000000000000000000000000000000000000000000000000000000004C
S3250005496000000000000000000000000000000000000000000000000000000000000000002C
S3250005498000000000000000000000000000000000000000000000000000000000000000000C
S325000549A00000000000000000000000000000000000000000000000000000000000000000EC
S325000549C00000000000000000000000000000000000000000000000000000000000000000CC
S325000549E00000000000000000000000000000000000000000000000000000000000000000AC
S32500054A0000000000000000000000000000000000000000000000000000000000000000008B
S32500054A2000000000000000000000000000000000000000000000000000000000000000006B
S32500054A4000000000000000000000000000000000000000000000000000000000000000004B
S32500054A6000000000000000000000000000000000000000000000000000000000000000002B
S32500054A8000000000000000000000000000000000000000000000000000000000000000000B
S32500054AA00000000000000000000000000000000000000000000000000000000000000000EB
S32500054AC00000000000000000000000000000000000000000000000000000000000000000CB
S32500054AE00000000000000000000000000000000000000000000000000000000000000000AB
S32500054B0000000000000000000000000000000000000000000000000000000000000000008A
S32500054B2000000000000000000000000000000000000000000000000000000000000000006A
S32500054B4000000000000000000000000000000000000000000000000000000000000000004A
S32500054B6000000000000000000000000000000000000000000000000000000000000000002A
S32500054B8000000000000000000000000000000000000000000000000000000000000000000A
S32500054BA00000000000000000000000000000000000000000000000000000000000000000EA
S32500054BC00000000000000000000000000000000000000000000000000000000000000000CA
S32500054BE00000000000000000000000000000000000000000000000000000000000000000AA
S32500054C00000000000000000000000000000000000000000000000000000000000000000089
S32500054C20000000000000000000000000000000000000000000000000000000000000000069
S32500054C40000000000000000000000000000000000000000000000000000000000000000049
S32500054C60000000000000000000000000000000000000000000000000000000000000000029
S32500054C80000000000000000000000000000000000000000000000000000000000000000009
S32500054CA00000000000000000000000000000000000000000000000000000000000000000E9
S32500054CC00000000000000000000000000000000000000000000000000000000000000000C9
S32500054CE00000000000000000000000000000000000000000000000000000000000000000A9
S32500054D00000000000000000000000000000000000000000000000000000000000000000088
S32500054D20000000000000000000000000000000000000000000000000000000000000000068
S32500054D40000000000000000000000000000000000000000000000000000000000000000048
S32500054D60000000000000000000000000000000000000000000000000000000000000000028
S32500054D80000000000000000000000000000000000000000000000000000000000000000008
S32500054DA00000000000000000000000000000000000000000000000000000000000000000E8
S32500054DC00000000000000000000000000000000000000000000000000000000000000000C8
S32500054DE00000000000000000000000000000000000000000000000000000000000000000A8
S32500054E00000000000000000000000000000000000000000000000000000000000000000087
S32500054E20000000000000000000000000000000000000000000000000000000000000000067
S32500054E40000000000000000000000000000000000000000000000000000000000000000047
S32500054E60000000000000000000000000000000000000000000000000000000000000000027
S32500054E80000000000000000000000000000000000000000000000000000000000000000007
S32500054EA00000000000000000000000000000000000000000000000000000000000000000E7
S32500054EC00000000000000000000000000000000000000000000000000000000000000000C7
S32500054EE00000000000000000000000000000000000000000000000000000000000000000A7
S32500054F00000000000000000000000000000000000000000000000000000000000000000086
S32500054F20000000000000000000000000000000000000000000000000000000000000000066
S32500054F40000000000000000000000000000000000000000000000000000000000000000046
S32500054F60000000000000000000000000000000000000000000000000000000000000000026
S32500054F80000000000000000000000000000000000000000000000000000000000000000006
S32500054FA00000000000000000000000000000000000000000000000000000000000000000E6
S32500054FC00000000000000000000000000000000000000000000000000000000000000000C6
S32500054FE00000000000000000000000000000000000000000000000000000000000000000A6
S32500055000000000000000000000000000000000000000000000000000000000000000000085
S32500055020000000000000000000000000000000000000000000000000000000000000000065
S32500055040000000000000000000000000000000000000000000000000000000000000000045
S32500055060000000000000000000000000000000000000000000000000000000000000000025
S32500055080000000000000000000000000000000000000000000000000000000000000000005
S325000550A00000000000000000000000000000000000000000000000000000000000000000E5
S325000550C00000000000000000000000000000000000000000000000000000000000000000C5
S325000550E00000000000000000000000000000000000000000000000000000000000000000A5
S32500055100000000000000000000000000000000000000000000000000000000000000000084
S32500055120000000000000000000000000000000000000000000000000000000000000000064
S32500055140000000000000000000000000000000000000000000000000000000000000000044
S32500055160000000000000000000000000000000000000000000000000000000000000000024
S32500055180000000000000000000000000000000000000000000000000000000000000000004
S325000551A00000000000000000000000000000000000000000000000000000000000000000E4
S325000551C00000000000000000000000000000000000000000000000000000000000000000C4
S325000551E00000000000000000000000000000000000000000000000000000000000000000A4
S32500055200000000000000000000000000000000000000000000000000000000000000000083
S32500055220000000000000000000000000000000000000000000000000000000000000000063
S32500055240000000000000000000000000000000000000000000000000000000000000000043
S32500055260000000000000000000000000000000000000000000000000000000000000000023
S32500055280000000000000000000000000000000000000000000000000000000000000000003
S325000552A00000000000000000000000000000000000000000000000000000000000000000E3
S325000552C00000000000000000000000000000000000000000000000000000000000000000C3
S325000552E00000000000000000000000000000000000000000000000000000000000000000A3
S32500055300000000000000000000000000000000000000000000000000000000000000000082
S32500055320000000000000000000000000000000000000000000000000000000000000000062
S32500055340000000000000000000000000000000000000000000000000000000000000000042
S32500055360000000000000000000000000000000000000000000000000000000000000000022
S32500055380000000000000000000000000000000000000000000000000000000000000000002
S325000553A00000000000000000000000000000000000000000000000000000000000000000E2
S325000553C00000000000000000000000000000000000000000000000000000000000000000C2
S325000553E00000000000000000000000000000000000000000000000000000000000000000A2
S32500055400000000000000000000000000000000000000000000000000000000000000000081
S32500055420000000000000000000000000000000000000000000000000000000000000000061
S32500055440000000000000000000000000000000000000000000000000000000000000000041
S32500055460000000000000000000000000000000000000000000000000000000000000000021
S32500055480000000000000000000000000000000000000000000000000000000000000000001
S325000554A00000000000000000000000000000000000000000000000000000000000000000E1
S325000554C00000000000000000000000000000000000000000000000000000000000000000C1
S325000554E00000000000000000000000000000000000000000000000000000000000000000A1
S32500055500000000000000000000000000000000000000000000000000000000000000000080
S32500055520000000000000000000000000000000000000000000000000000000000000000060
S32500055540000000000000000000000000000000000000000000000000000000000000000040
S32500055560000000000000000000000000000000000000000000000000000000000000000020
S32500055580000000000000000000000000000000000000000000000000000000000000000000
S325000555A00000000000000000000000000000000000000000000000000000000000000000E0
S325000555C00000000000000000000000000000000000000000000000000000000000000000C0
S325000555E00000000000000000000000000000000000000000000000000000000000000000A0
S3250005560000000000000000000000000000000000000000000000000000000000000000007F
S3250005562000000000000000000000000000000000000000000000000000000000000000005F
S3250005564000000000000000000000000000000000000000000000000000000000000000003F
S3250005566000000000000000000000000000000000000000000000000000000000000000001F
S325000556800000000000000000000000000000000000000000000000000000000000000000FF
S325000556A00000000000000000000000000000000000000000000000000000000000000000DF
S325000556C00000000000000000000000000000000000000000000000000000000000000000BF
S325000556E000000000000000000000000000000000000000000000000000000000000000009F
S3250005570000000000000000000000000000000000000000000000000000000000000000007E
S3250005572000000000000000000000000000000000000000000000000000000000000000005E
S3250005574000000000000000000000000000000000000000000000000000000000000000003E
S3250005576000000000000000000000000000000000000000000000000000000000000000001E
S325000557800000000000000000000000000000000000000000000000000000000000000000FE
S325000557A00000000000000000000000000000000000000000000000000000000000000000DE
S325000557C00000000000000000000000000000000000000000000000000000000000000000BE
S325000557E000000000000000000000000000000000000000000000000000000000000000009E
S3250005580000000000000000000000000000000000000000000000000000000000000000007D
S3250005582000000000000000000000000000000000000000000000000000000000000000005D
S3250005584000000000000000000000000000000000000000000000000000000000000000003D
S3250005586000000000000000000000000000000000000000000000000000000000000000001D
S325000558800000000000000000000000000000000000000000000000000000000000000000FD
S325000558A00000000000000000000000000000000000000000000000000000000000000000DD
S325000558C00000000000000000000000000000000000000000000000000000000000000000BD
S325000558E000000000000000000000000000000000000000000000000000000000000000009D
S3250005590000000000000000000000000000000000000000000000000000000000000000007C
S3250005592000000000000000000000000000000000000000000000000000000000000000005C
S3250005594000000000000000000000000000000000000000000000000000000000000000003C
S3250005596000000000000000000000000000000000000000000000000000000000000000001C
S325000559800000000000000000000000000000000000000000000000000000000000000000FC
S325000559A00000000000000000000000000000000000000000000000000000000000000000DC
S325000559C00000000000000000000000000000000000000000000000000000000000000000BC
S325000559E000000000000000000000000000000000000000000000000000000000000000009C
S32500055A0000000000000000000000000000000000000000000000000000000000000000007B
S32500055A2000000000000000000000000000000000000000000000000000000000000000005B
S32500055A4000000000000000000000000000000000000000000000000000000000000000003B
S32500055A6000000000000000000000000000000000000000000000000000000000000000001B
S32500055A800000000000000000000000000000000000000000000000000000000000000000FB
S32500055AA00000000000000000000000000000000000000000000000000000000000000000DB
S32500055AC00000000000000000000000000000000000000000000000000000000000000000BB
S32500055AE000000000000000000000000000000000000000000000000000000000000000009B
S32500055B0000000000000000000000000000000000000000000000000000000000000000007A
S32500055B2000000000000000000000000000000000000000000000000000000000000000005A
S32500055B4000000000000000000000000000000000000000000000000000000000000000003A
S32500055B6000000000000000000000000000000000000000000000000000000000000000001A
S32500055B800000000000000000000000000000000000000000000000000000000000000000FA
S32500055BA00000000000000000000000000000000000000000000000000000000000000000DA
S32500055BC00000000000000000000000000000000000000000000000000000000000000000BA
S32500055BE000000000000000000000000000000000000000000000000000000000000000009A
S32500055C00000000000000000000000000000000000000000000000000000000000000000079
S32500055C20000000000000000000000000000000000000000000000000000000000000000059
S32500055C40000000000000000000000000000000000000000000000000000000000000000039
S32500055C60000000000000000000000000000000000000000000000000000000000000000019
S32500055C800000000000000000000000000000000000000000000000000000000000000000F9
S32500055CA00000000000000000000000000000000000000000000000000000000000000000D9
S32500055CC00000000000000000000000000000000000000000000000000000000000000000B9
S32500055CE0000000000000000000000000000000000000000000000000000000000000000099
S32500055D00000000000000000000000000000000000000000000000000000000000000000078
S32500055D20000000000000000000000000000000000000000000000000000000000000000058
S32500055D40000000000000000000000000000000000000000000000000000000000000000038
S32500055D60000000000000000000000000000000000000000000000000000000000000000018
S32500055D800000000000000000000000000000000000000000000000000000000000000000F8
S32500055DA00000000000000000000000000000000000000000000000000000000000000000D8
S32500055DC00000000000000000000000000000000000000000000000000000000000000000B8
S32500055DE0000000000000000000000000000000000000000000000000000000000000000098
S32500055E00000000000000000000000000000000000000000000000000000000000000000077
S32500055E20000000000000000000000000000000000000000000000000000000000000000057
S32500055E40000000000000000000000000000000000000000000000000000000000000000037
S32500055E60000000000000000000000000000000000000000000000000000000000000000017
S32500055E800000000000000000000000000000000000000000000000000000000000000000F7
S32500055EA00000000000000000000000000000000000000000000000000000000000000000D7
S32500055EC00000000000000000000000000000000000000000000000000000000000000000B7
S32500055EE0000000000000000000000000000000000000000000000000000000000000000097
S32500055F00000000000000000000000000000000000000000000000000000000000000000076
S32500055F20000000000000000000000000000000000000000000000000000000000000000056
S32500055F40000000000000000000000000000000000000000000000000000000000000000036
S32500055F60000000000000000000000000000000000000000000000000000000000000000016
S32500055F800000000000000000000000000000000000000000000000000000000000000000F6
S32500055FA00000000000000000000000000000000000000000000000000000000000000000D6
S32500055FC00000000000000000000000000000000000000000000000000000000000000000B6
S32500055FE0000000000000000000000000000000000000000000000000000000000000000096
S32500056000000000000000000000000000000000000000000000000000000000000000000075
S32500056020000000000000000000000000000000000000000000000000000000000000000055
S32500056040000000000000000000000000000000000000000000000000000000000000000035
S32500056060000000000000000000000000000000000000000000000000000000000000000015
S325000560800000000000000000000000000000000000000000000000000000000000000000F5
S325000560A00000000000000000000000000000000000000000000000000000000000000000D5
S325000560C00000000000000000000000000000000000000000000000000000000000000000B5
S325000560E0000000000000000000000000000000000000000000000000000000000000000095
S32500056100000000000000000000000000000000000000000000000000000000000000000074
S32500056120000000000000000000000000000000000000000000000000000000000000000054
S32500056140000000000000000000000000000000000000000000000000000000000000000034
S32500056160000000000000000000000000000000000000000000000000000000000000000014
S325000561800000000000000000000000000000000000000000000000000000000000000000F4
S325000561A00000000000000000000000000000000000000000000000000000000000000000D4
S325000561C00000000000000000000000000000000000000000000000000000000000000000B4
S325000561E0000000000000000000000000000000000000000000000000000000000000000094
S32500056200000000000000000000000000000000000000000000000000000000000000000073
S32500056220000000000000000000000000000000000000000000000000000000000000000053
S32500056240000000000000000000000000000000000000000000000000000000000000000033
S32500056260000000000000000000000000000000000000000000000000000000000000000013
S325000562800000000000000000000000000000000000000000000000000000000000000000F3
S325000562A00000000000000000000000000000000000000000000000000000000000000000D3
S325000562C00000000000000000000000000000000000000000000000000000000000000000B3
S325000562E0000000000000000000000000000000000000000000000000000000000000000093
S32500056300000000000000000000000000000000000000000000000000000000000000000072
S32500056320000000000000000000000000000000000000000000000000000000000000000052
S32500056340000000000000000000000000000000000000000000000000000000000000000032
S32500056360000000000000000000000000000000000000000000000000000000000000000012
S325000563800000000000000000000000000000000000000000000000000000000000000000F2
S325000563A00000000000000000000000000000000000000000000000000000000000000000D2
S325000563C00000000000000000000000000000000000000000000000000000000000000000B2
S325000563E0000000000000000000000000000000000000000000000000000000000000000092
S32500056400000000000000000000000000000000000000000000000000000000000000000071
S32500056420000000000000000000000000000000000000000000000000000000000000000051
S32500056440000000000000000000000000000000000000000000000000000000000000000031
S32500056460000000000000000000000000000000000000000000000000000000000000000011
S325000564800000000000000000000000000000000000000000000000000000000000000000F1
S325000564A00000000000000000000000000000000000000000000000000000000000000000D1
S325000564C00000000000000000000000000000000000000000000000000000000000000000B1
S325000564E0000000000000000000000000000000000000000000000000000000000000000091
S32500056500000000000000000000000000000000000000000000000000000000000000000070
S32500056520000000000000000000000000000000000000000000000000000000000000000050
S32500056540000000000000000000000000000000000000000000000000000000000000000030
S32500056560000000000000000000000000000000000000000000000000000000000000000010
S325000565800000000000000000000000000000000000000000000000000000000000000000F0
S325000565A00000000000000000000000000000000000000000000000000000000000000000D0
S325000565C00000000000000000000000000000000000000000000000000000000000000000B0
S325000565E0000000000000000000000000000000000000000000000000000000000000000090
S3250005660000000000000000000000000000000000000000000000000000000000000000006F
S3250005662000000000000000000000000000000000000000000000000000000000000000004F
S3250005664000000000000000000000000000000000000000000000000000000000000000002F
S3250005666000000000000000000000000000000000000000000000000000000000000000000F
S325000566800000000000000000000000000000000000000000000000000000000000000000EF
S325000566A00000000000000000000000000000000000000000000000000000000000000000CF
S325000566C00000000000000000000000000000000000000000000000000000000000000000AF
S325000566E000000000000000000000000000000000000000000000000000000000000000008F
S3250005670000000000000000000000000000000000000000000000000000000000000000006E
S3250005672000000000000000000000000000000000000000000000000000000000000000004E
S3250005674000000000000000000000000000000000000000000000000000000000000000002E
S3250005676000000000000000000000000000000000000000000000000000000000000000000E
S325000567800000000000000000000000000000000000000000000000000000000000000000EE
S325000567A00000000000000000000000000000000000000000000000000000000000000000CE
S325000567C00000000000000000000000000000000000000000000000000000000000000000AE
S325000567E000000000000000000000000000000000000000000000000000000000000000008E
S3250005680000000000000000000000000000000000000000000000000000000000000000006D
S3250005682000000000000000000000000000000000000000000000000000000000000000004D
S3250005684000000000000000000000000000000000000000000000000000000000000000002D
S3250005686000000000000000000000000000000000000000000000000000000000000000000D
S325000568800000000000000000000000000000000000000000000000000000000000000000ED
S325000568A00000000000000000000000000000000000000000000000000000000000000000CD
S325000568C00000000000000000000000000000000000000000000000000000000000000000AD
S325000568E000000000000000000000000000000000000000000000000000000000000000008D
S3250005690000000000000000000000000000000000000000000000000000000000000000006C
S3250005692000000000000000000000000000000000000000000000000000000000000000004C
S3250005694000000000000000000000000000000000000000000000000000000000000000002C
S3250005696000000000000000000000000000000000000000000000000000000000000000000C
S325000569800000000000000000000000000000000000000000000000000000000000000000EC
S325000569A00000000000000000000000000000000000000000000000000000000000000000CC
S325000569C00000000000000000000000000000000000000000000000000000000000000000AC
S325000569E000000000000000000000000000000000000000000000000000000000000000008C
S32500056A0000000000000000000000000000000000000000000000000000000000000000006B
S32500056A2000000000000000000000000000000000000000000000000000000000000000004B
S32500056A4000000000000000000000000000000000000000000000000000000000000000002B
S32500056A6000000000000000000000000000000000000000000000000000000000000000000B
S32500056A800000000000000000000000000000000000000000000000000000000000000000EB
S32500056AA00000000000000000000000000000000000000000000000000000000000000000CB
S32500056AC00000000000000000000000000000000000000000000000000000000000000000AB
S32500056AE000000000000000000000000000000000000000000000000000000000000000008B
S32500056B0000000000000000000000000000000000000000000000000000000000000000006A
S32500056B2000000000000000000000000000000000000000000000000000000000000000004A
S32500056B4000000000000000000000000000000000000000000000000000000000000000002A
S32500056B6000000000000000000000000000000000000000000000000000000000000000000A
S32500056B800000000000000000000000000000000000000000000000000000000000000000EA
S32500056BA00000000000000000000000000000000000000000000000000000000000000000CA
S32500056BC00000000000000000000000000000000000000000000000000000000000000000AA
S32500056BE000000000000000000000000000000000000000000000000000000000000000008A
S32500056C00000000000000000000000000000000000000000000000000000000000000000069
S32500056C20000000000000000000000000000000000000000000000000000000000000000049
S32500056C40000000000000000000000000000000000000000000000000000000000000000029
S32500056C60000000000000000000000000000000000000000000000000000000000000000009
S32500056C800000000000000000000000000000000000000000000000000000000000000000E9
S32500056CA00000000000000000000000000000000000000000000000000000000000000000C9
S32500056CC00000000000000000000000000000000000000000000000000000000000000000A9
S32500056CE0000000000000000000000000000000000000000000000000000000000000000089
S32500056D00000000000000000000000000000000000000000000000000000000000000000068
S32500056D20000000000000000000000000000000000000000000000000000000000000000048
S32500056D40000000000000000000000000000000000000000000000000000000000000000028
S32500056D60000000000000000000000000000000000000000000000000000000000000000008
S32500056D800000000000000000000000000000000000000000000000000000000000000000E8
S32500056DA00000000000000000000000000000000000000000000000000000000000000000C8
S32500056DC00000000000000000000000000000000000000000000000000000000000000000A8
S32500056DE0000000000000000000000000000000000000000000000000000000000000000088
S32500056E00000000000000000000000000000000000000000000000000000000000000000067
S32500056E20000000000000000000000000000000000000000000000000000000000000000047
S32500056E40000000000000000000000000000000000000000000000000000000000000000027
S32500056E60000000000000000000000000000000000000000000000000000000000000000007
S32500056E800000000000000000000000000000000000000000000000000000000000000000E7
S32500056EA00000000000000000000000000000000000000000000000000000000000000000C7
S32500056EC00000000000000000000000000000000000000000000000000000000000000000A7
S32500056EE0000000000000000000000000000000000000000000000000000000000000000087
S32500056F00000000000000000000000000000000000000000000000000000000000000000066
S32500056F20000000000000000000000000000000000000000000000000000000000000000046
S32500056F40000000000000000000000000000000000000000000000000000000000000000026
S32500056F60000000000000000000000000000000000000000000000000000000000000000006
S32500056F800000000000000000000000000000000000000000000000000000000000000000E6
S32500056FA00000000000000000000000000000000000000000000000000000000000000000C6
S32500056FC00000000000000000000000000000000000000000000000000000000000000000A6
S32500056FE0000000000000000000000000000000000000000000000000000000000000000086
S32500057000000000000000000000000000000000000000000000000000000000000000000065
S32500057020000000000000000000000000000000000000000000000000000000000000000045
S32500057040000000000000000000000000000000000000000000000000000000000000000025
S32500057060000000000000000000000000000000000000000000000000000000000000000005
S325000570800000000000000000000000000000000000000000000000000000000000000000E5
S325000570A00000000000000000000000000000000000000000000000000000000000000000C5
S325000570C00000000000000000000000000000000000000000000000000000000000000000A5
S325000570E0000000000000000000000000000000000000000000000000000000000000000085
S32500057100000000000000000000000000000000000000000000000000000000000000000064
S32500057120000000000000000000000000000000000000000000000000000000000000000044
S32500057140000000000000000000000000000000000000000000000000000000000000000024
S32500057160000000000000000000000000000000000000000000000000000000000000000004
S325000571800000000000000000000000000000000000000000000000000000000000000000E4
S325000571A00000000000000000000000000000000000000000000000000000000000000000C4
S325000571C00000000000000000000000000000000000000000000000000000000000000000A4
S325000571E0000000000000000000000000000000000000000000000000000000000000000084
S32500057200000000000000000000000000000000000000000000000000000000000000000063
S32500057220000000000000000000000000000000000000000000000000000000000000000043
S32500057240000000000000000000000000000000000000000000000000000000000000000023
S32500057260000000000000000000000000000000000000000000000000000000000000000003
S325000572800000000000000000000000000000000000000000000000000000000000000000E3
S325000572A00000000000000000000000000000000000000000000000000000000000000000C3
S325000572C00000000000000000000000000000000000000000000000000000000000000000A3
S325000572E0000000000000000000000000000000000000000000000000000000000000000083
S32500057300000000000000000000000000000000000000000000000000000000000000000062
S32500057320000000000000000000000000000000000000000000000000000000000000000042
S32500057340000000000000000000000000000000000000000000000000000000000000000022
S32500057360000000000000000000000000000000000000000000000000000000000000000002
S325000573800000000000000000000000000000000000000000000000000000000000000000E2
S325000573A00000000000000000000000000000000000000000000000000000000000000000C2
S325000573C00000000000000000000000000000000000000000000000000000000000000000A2
S325000573E0000000000000000000000000000000000000000000000000000000000000000082
S32500057400000000000000000000000000000000000000000000000000000000000000000061
S32500057420000000000000000000000000000000000000000000000000000000000000000041
S32500057440000000000000000000000000000000000000000000000000000000000000000021
S32500057460000000000000000000000000000000000000000000000000000000000000000001
S325000574800000000000000000000000000000000000000000000000000000000000000000E1
S325000574A00000000000000000000000000000000000000000000000000000000000000000C1
S325000574C00000000000000000000000000000000000000000000000000000000000000000A1
S325000574E0000000000000000000000000000000000000000000000000000000000000000081
S32500057500000000000000000000000000000000000000000000000000000000000000000060
S32500057520000000000000000000000000000000000000000000000000000000000000000040
S32500057540000000000000000000000000000000000000000000000000000000000000000020
S32500057560000000000000000000000000000000000000000000000000000000000000000000
S325000575800000000000000000000000000000000000000000000000000000000000000000E0
S325000575A00000000000000000000000000000000000000000000000000000000000000000C0
S325000575C00000000000000000000000000000000000000000000000000000000000000000A0
S325000575E0000000000000000000000000000000000000000000000000000000000000000080
S3250005760000000000000000000000000000000000000000000000000000000000000000005F
S3250005762000000000000000000000000000000000000000000000000000000000000000003F
S3250005764000000000000000000000000000000000000000000000000000000000000000001F
S325000576600000000000000000000000000000000000000000000000000000000000000000FF
S325000576800000000000000000000000000000000000000000000000000000000000000000DF
S325000576A00000000000000000000000000000000000000000000000000000000000000000BF
S325000576C000000000000000000000000000000000000000000000000000000000000000009F
S325000576E000000000000000000000000000000000000000000000000000000000000000007F
S3250005770000000000000000000000000000000000000000000000000000000000000000005E
S3250005772000000000000000000000000000000000000000000000000000000000000000003E
S3250005774000000000000000000000000000000000000000000000000000000000000000001E
S325000577600000000000000000000000000000000000000000000000000000000000000000FE
S325000577800000000000000000000000000000000000000000000000000000000000000000DE
S325000577A00000000000000000000000000000000000000000000000000000000000000000BE
S325000577C000000000000000000000000000000000000000000000000000000000000000009E
S325000577E000000000000000000000000000000000000000000000000000000000000000007E
S3250005780000000000000000000000000000000000000000000000000000000000000000005D
S3250005782000000000000000000000000000000000000000000000000000000000000000003D
S3250005784000000000000000000000000000000000000000000000000000000000000000001D
S325000578600000000000000000000000000000000000000000000000000000000000000000FD
S325000578800000000000000000000000000000000000000000000000000000000000000000DD
S325000578A00000000000000000000000000000000000000000000000000000000000000000BD
S325000578C000000000000000000000000000000000000000000000000000000000000000009D
S325000578E000000000000000000000000000000000000000000000000000000000000000007D
S3250005790000000000000000000000000000000000000000000000000000000000000000005C
S3250005792000000000000000000000000000000000000000000000000000000000000000003C
S3250005794000000000000000000000000000000000000000000000000000000000000000001C
S325000579600000000000000000000000000000000000000000000000000000000000000000FC
S325000579800000000000000000000000000000000000000000000000000000000000000000DC
S325000579A00000000000000000000000000000000000000000000000000000000000000000BC
S325000579C000000000000000000000000000000000000000000000000000000000000000009C
S325000579E000000000000000000000000000000000000000000000000000000000000000007C
S32500057A0000000000000000000000000000000000000000000000000000000000000000005B
S32500057A2000000000000000000000000000000000000000000000000000000000000000003B
S32500057A4000000000000000000000000000000000000000000000000000000000000000001B
S32500057A600000000000000000000000000000000000000000000000000000000000000000FB
S32500057A800000000000000000000000000000000000000000000000000000000000000000DB
S32500057AA00000000000000000000000000000000000000000000000000000000000000000BB
S32500057AC000000000000000000000000000000000000000000000000000000000000000009B
S32500057AE000000000000000000000000000000000000000000000000000000000000000007B
S32500057B0000000000000000000000000000000000000000000000000000000000000000005A
S32500057B2000000000000000000000000000000000000000000000000000000000000000003A
S32500057B4000000000000000000000000000000000000000000000000000000000000000001A
S32500057B600000000000000000000000000000000000000000000000000000000000000000FA
S32500057B800000000000000000000000000000000000000000000000000000000000000000DA
S32500057BA00000000000000000000000000000000000000000000000000000000000000000BA
S32500057BC000000000000000000000000000000000000000000000000000000000000000009A
S32500057BE000000000000000000000000000000000000000000000000000000000000000007A
S32500057C00000000000000000000000000000000000000000000000000000000000000000059
S32500057C20000000000000000000000000000000000000000000000000000000000000000039
S32500057C40000000000000000000000000000000000000000000000000000000000000000019
S32500057C600000000000000000000000000000000000000000000000000000000000000000F9
S32500057C800000000000000000000000000000000000000000000000000000000000000000D9
S32500057CA00000000000000000000000000000000000000000000000000000000000000000B9
S32500057CC0000000000000000000000000000000000000000000000000000000000000000099
S32500057CE0000000000000000000000000000000000000000000000000000000000000000079
S32500057D00000000000000000000000000000000000000000000000000000000000000000058
S32500057D20000000000000000000000000000000000000000000000000000000000000000038
S32500057D40000000000000000000000000000000000000000000000000000000000000000018
S32500057D600000000000000000000000000000000000000000000000000000000000000000F8
S32500057D800000000000000000000000000000000000000000000000000000000000000000D8
S32500057DA00000000000000000000000000000000000000000000000000000000000000000B8
S32500057DC0000000000000000000000000000000000000000000000000000000000000000098
S32500057DE0000000000000000000000000000000000000000000000000000000000000000078
S32500057E00000000000000000000000000000000000000000000000000000000000000000057
S32500057E20000000000000000000000000000000000000000000000000000000000000000037
S32500057E40000000000000000000000000000000000000000000000000000000000000000017
S32500057E600000000000000000000000000000000000000000000000000000000000000000F7
S32500057E800000000000000000000000000000000000000000000000000000000000000000D7
S32500057EA00000000000000000000000000000000000000000000000000000000000000000B7
S32500057EC0000000000000000000000000000000000000000000000000000000000000000097
S32500057EE0000000000000000000000000000000000000000000000000000000000000000077
S32500057F00000000000000000000000000000000000000000000000000000000000000000056
S32500057F20000000000000000000000000000000000000000000000000000000000000000036
S32500057F40000000000000000000000000000000000000000000000000000000000000000016
S32500057F600000000000000000000000000000000000000000000000000000000000000000F6
S32500057F800000000000000000000000000000000000000000000000000000000000000000D6
S32500057FA00000000000000000000000000000000000000000000000000000000000000000B6
S32500057FC0000000000000000000000000000000000000000000000000000000000000000096
S32500057FE0000000000000000000000000000000000000000000000000000000000000000076
S7050001800079
